fund,t,bucket,wP,wB,rP,rB,allocation,selection,interaction
akre,1,NoDur,0,0.04394729301480628,0.055654818502289982,0.055654818502289982,0.0015500665835803608,0,-0
akre,1,Durbl,0,0.0070861144242729502,0.054820818973755472,0.054820818973755472,0.00025584441781272932,0,-0
akre,1,Manuf,0,0.060984983098574051,0.062138194621573238,0.062138194621573238,0.0017556149922826701,0,-0
akre,1,Enrgy,0,0.035782563923306823,0.049195780159631455,0.049195780159631455,0.0014932090767526911,0,-0
akre,1,Chems,0,0.03547066110939897,0.02701579570095906,0.02701579570095906,0.0022669320610761959,0,-0
akre,1,BusEq,0.12481086238668132,0.23726634845056532,-0.011318581227437233,0.14302426306400412,-0.0058587517823411178,-0.036620363074504468,0.017356699575276403
akre,1,Telcm,0,0.033933700592849801,0.043093176481468716,0.043093176481468716,0.0016231397973316252,0,-0
akre,1,Utils,0,0.039509301084004605,0.0073033535806857203,0.0073033535806857203,0.0033038665928773452,0,-0
akre,1,Shops,0.18647359358458621,0.098849857836144417,-0.015158441692812217,0.038601498966546223,-0.0045848555615945535,-0.0053141624914571422,-0.0047106468341875356
akre,1,Hlth,0,0.094382038798932935,0.11816461424170505,0.11816461424170505,-0.0025708496150926045,0,-0
akre,1,Money,0.34474065584530234,0.16531194081638501,0.032535534197298308,0.10707528861454244,0.002897672090547873,-0.012322311470691334,-0.013374572353657178
akre,1,Other,0.34021406991612535,0.10579108773296936,0.11972776724175499,0.089216693186754875,-0.0004006668502587486,0.0032277997121796425,0.0071524969695842449
akre,1,Unmapped,5.4120294331594155e-05,0.014817019061188695,0.047890167610323824,0.090925855174745038,2.0487637651468857e-19,-0.00063766060295339041,0.00063533149887564147
akre,1,Unpriced,0.0037066979729731726,0.026867090056600838,0.047890167610323824,0.090925855174745052,-0,-0.0011562436934410419,0.00099672339758049493
akre,2,NoDur,0,0.042595222124337473,-0.18493241901932816,-0.18493241901932816,-0.00033179101079018077,0,-0
akre,2,Durbl,0,0.0068060971723232647,-0.38770947395878225,-0.38770947395878225,0.0013271049608638106,0,-0
akre,2,Manuf,0,0.059430389817701303,-0.28870039229765865,-0.28870039229765865,0.0057040443204611959,0,-0
akre,2,Enrgy,0,0.034160706821611028,-0.49749666502855938,-0.49749666502855938,0.010411324331484655,0,-0
akre,2,Chems,0,0.033366422514327199,-0.19588585606874279,-0.19588585606874279,0.00010557276344226515,0,-0
akre,2,BusEq,0.11557047754071388,0.25064374384064819,-0.096847149892124201,-0.11416985225136021,-0.010610270052014193,0.004341826972756143,-0.0023398339888035862
akre,2,Telcm,0,0.032265327988104463,-0.18198266105862126,-0.18198266105862126,-0.00034650229300898925,0,-0
akre,2,Utils,0,0.03653510393079068,-0.16677899392104212,-0.16677899392104212,-0.00094782362902127429,0,-0
akre,2,Shops,0.17456769458477617,0.094141729439923091,-0.31197503433097057,-0.11580103865921855,0.0061864275990675737,-0.018468159223678723,-0.015777482938222887
akre,2,Hlth,0,0.098729670271857126,-0.11885589158555533,-0.11885589158555533,-0.007292758167490053,0,-0
akre,2,Money,0.33521134793863283,0.16786976632252165,-0.081193118404328538,-0.28533716405782233,-0.015498399155206783,0.034269613239986195,0.034161787477167263
akre,2,Other,0.36746462342981323,0.10715265068612682,-0.14456490173039552,-0.21841902404087457,-0.0066892914313503894,0.0079136649696652482,0.019225112273894306
akre,2,Unmapped,0,0.014028584062209871,-0.19272181403226335,-0.19272181403226335,-0,0,-0
akre,2,Unpriced,0.0071858565060638801,0.022274585007517816,-0.14704945197301095,-0.19272181403226332,-4.1879634486579988e-19,0.0010173329111829485,-0.00068913787113216471
akre,3,NoDur,0,0.042880938111135213,0.082704511372277079,0.082704511372277079,0.0052314101189856735,0,-0
akre,3,Durbl,0,0.0051433938644787824,0.30349958402640836,0.30349958402640836,-0.00050814968672017416,0,-0
akre,3,Manuf,0,0.051928231388792795,0.15502825449641283,0.15502825449641283,0.0025795222581324203,0,-0
akre,3,Enrgy,0,0.021205283801663886,0.29782192041091882,0.29782192041091882,-0.0019746128979982805,0,-0
akre,3,Chems,0,0.033285429307146529,0.19005053316745135,0.19005053316745135,0.00048771402034658394,0,-0
akre,3,BusEq,0.14970210720487881,0.27766191456787687,0.29507148328777794,0.29650845004355542,-0.011747406274603285,-0.00039899094057956589,0.00018387398925631863
akre,3,Telcm,0,0.032592623318675906,0.090201053813824483,0.090201053813824483,0.003731919164987098,0,-0
akre,3,Utils,0,0.037751186511357185,0.042692419510526027,0.042692419510526027,0.0061160920621191424,0,-0
akre,3,Shops,0.13147317429914948,0.10358007007246385,0.46401076451073764,0.28939032198113901,0.0023621919874527424,0.018087197673300474,0.0048707062035880629
akre,3,Hlth,0,0.10799142954291355,0.1073233279584884,0.1073233279584884,0.010516171197208584,0,-0
akre,3,Money,0.32362247897633062,0.15020443395538255,0.15656323023396082,0.1197582766117249,-0.014730949799930408,0.0055282672255820529,0.0063826431042548143
akre,3,Other,0.38297206157280089,0.10437127606426613,0.22665696035893074,0.24950796771056305,0.01248269609007205,-0.0023849887966437911,-0.006366308597826064
akre,3,Unmapped,0,0.010862331736135072,0.20470301115853046,0.20470301115853046,-0,0,-0
akre,3,Unpriced,0.012230177946840165,0.020541457757711715,0.24565283286588727,0.20470301115853048,-2.3068435525329528e-19,0.0008411690327874956,-0.00034034542641514395
akre,4,NoDur,0,0.038267011919154513,0.082732456281307667,0.082732456281307667,0.00028680136006608924,0,-0
akre,4,Durbl,0,0.0054665864494275228,0.15386240357720848,0.15386240357720848,-0.00034786735403116595,0,-0
akre,4,Manuf,0,0.051696546107981252,0.10349211605035581,0.10349211605035581,-0.00068575046194784754,0,-0
akre,4,Enrgy,0,0.022401538027085825,-0.21419783325851124,-0.21419783325851124,0.0068195889079208311,0,-0
akre,4,Chems,0,0.032708694497745543,0.1333951665762162,0.1333951665762162,-0.0014119679053201232,0,-0
akre,4,BusEq,0.15110375286747635,0.29841270388956487,0.080320903009247477,0.12023980356833573,-0.0044211254845702118,-0.011912307052136188,0.0058804113673143537
akre,4,Telcm,0,0.030073565610919735,0.090949025182027937,0.090949025182027937,-2.1707925459946718e-05,0,-0
akre,4,Utils,0,0.032936658108326744,0.046396802923657353,0.046396802923657353,0.0014436267282467673,0,-0
akre,4,Shops,0.14896058949385138,0.11149538725318571,0.040754736762513233,0.13668576770505872,0.0017405797202037856,-0.010695867444536451,-0.0035940754754180231
akre,4,Hlth,0,0.10284591350712861,0.055323787692011565,0.055323787692011565,0.0035896730891128996,0,-0
akre,4,Money,0.2912564222769361,0.13877487229035934,0.0068982017396231488,0.035311806394779724,-0.0083735839877901296,-0.0039430943573281136,-0.0043325504785240877
akre,4,Other,0.39387958825408764,0.10800006394204907,0.10774008520550277,0.1194606410099474,0.0083572428609810581,-0.0012658207763163744,-0.003350666918047333
akre,4,Unmapped,0,0.010609113823676799,0.090227197722630673,0.090227197722630673,1.4723103047393769e-19,0,-0
akre,4,Unpriced,0.014799647107648514,0.016311344573394483,0.063594582833131977,0.090227197722630673,2.097901665923342e-20,-0.00043441375835312967,4.0260456434643537e-05
akre,5,NoDur,0,0.037901485617127674,0.1062892978990992,0.1062892978990992,0.00049362610678854583,0,-0
akre,5,Durbl,0,0.0057967882396628544,0.22402211796309199,0.22402211796309199,-0.00060697529138454415,0,-0
akre,5,Manuf,0,0.052450221957479816,0.20804135206800525,0.20804135206800525,-0.0046538100677812298,0,-0
akre,5,Enrgy,0,0.015938567286067129,0.28027472102485729,0.28027472102485729,-0.0025654956680397347,0,-0
akre,5,Chems,0,0.033990599602441489,0.08055638971288992,0.08055638971288992,0.0013173679993390014,0,-0
akre,5,BusEq,0.15841557775997445,0.30645355677422925,0.10849246506623314,0.1168152940315451,0.00036978834409604649,-0.0025505605388434285,0.001232094779706084
akre,5,Telcm,0,0.029936128168643078,0.064248422702654795,0.064248422702654795,0.0016484269168321392,0,-0
akre,5,Utils,0,0.031356862859458864,0.069248729797246306,0.069248729797246306,0.0015698654449208653,0,-0
akre,5,Shops,0.14052297833089486,0.11686671240904711,0.038250244956734361,0.05456762404506442,-0.0015316391042112746,-0.0019069584491852682,-0.0003860082588611334
akre,5,Hlth,0,0.099177785822191306,0.062505922826736296,0.062505922826736296,0.0056340222416043353,0,-0
akre,5,Money,0.27700700662243716,0.13178249697829547,0.011006289724691731,0.18810685289899454,0.009990521180606976,-0.023338754431371986,-0.025719342444689462
akre,5,Other,0.40736557129226875,0.1119293886747975,0.068928723162837838,0.13810485438540654,0.0055517278658371704,-0.0077428420786296867,-0.020437132136640959
akre,5,Unmapped,0,0.010963837728460603,0.11931322291816165,0.11931322291816165,3.0430762710977341e-19,0,-0
akre,5,Unpriced,0.016688865994424731,0.015455567882097905,0.054601174626082868,0.11931322291816165,-3.4230899013299611e-20,-0.0010001614551678215,-7.9809247003423148e-05
akre,6,NoDur,0,0.036616351017806366,0.042624889838816619,0.042624889838816619,0.0006533930009005014,0,-0
akre,6,Durbl,0,0.023163346723819964,0.021272931069988656,0.021272931069988656,0.0009079164362585867,0,-0
akre,6,Manuf,0,0.055609138244186049,0.12738340050300284,0.12738340050300284,-0.0037210418215089529,0,-0
akre,6,Enrgy,0,0.017837262697806312,0.31906245304637343,0.31906245304637343,-0.0046125960415501774,0,-0
akre,6,Chems,0,0.032110799560586573,0.030450111546855538,0.030450111546855538,0.00096393647311006521,0,-0
akre,6,BusEq,0.16818136141892881,0.29996695816208951,-0.073707210657300556,0.039740278841911149,0.0027317713600612096,-0.034030498336204126,0.014950745102667072
akre,6,Telcm,0,0.027691332117276181,0.018418250254799359,0.018418250254799359,0.0011644464192414443,0,-0
akre,6,Utils,0,0.029294430666456268,0.042569910937283649,0.042569910937283649,0.00052434906350170109,0,-0
akre,6,Shops,0.13982040992414352,0.10846904048415455,0.20201661957356576,0.017612357798316033,-0.0013436202445561564,0.020002153335950196,0.005781326137224289
akre,6,Hlth,0,0.092561742767108934,0.024425579071463737,0.024425579071463737,0.0033362590451034833,0,-0
akre,6,Money,0.25619579814879379,0.1375898425974815,0.077370166101499147,0.14222596665986795,0.0096968411286033548,-0.0089234993903596158,-0.0076922841982706644
akre,6,Other,0.41730030205143176,0.11212683380433323,-0.0039566890830929988,0.050073690952393342,-0.0031724291861201133,-0.0060582554426239412,-0.016488638466138156
akre,6,Unmapped,0,0.010839730998427636,0.06046918569950354,0.06046918569950354,-0,0,-0
akre,6,Unpriced,0.018502128456702141,0.016123190158466836,0.034661971686006196,0.06046918569950354,0,-0.00041609461899986779,-6.1393769787463685e-05
akre,7,NoDur,0,0.035686929430404142,0.040016720789427723,0.040016720789427723,0.0016369571541900638,0,-0
akre,7,Durbl,0,0.022467875467852939,0.035032028177863793,0.035032028177863793,0.0011425954532786854,0,-0
akre,7,Manuf,0,0.059292064904193864,0.045582039951606895,0.045582039951606895,0.0023897439328655528,0,-0
akre,7,Enrgy,0,0.022740022484746155,0.11419046976103825,0.11419046976103825,-0.0006436293528213269,0,-0
akre,7,Chems,0,0.031104586310812993,0.024517355647461572,0.024517355647461572,0.0019088667112882999,0,-0
akre,7,BusEq,0.16362953477702469,0.29517409401722672,0.14582605376150562,0.13828340200535696,-0.0068925068096747982,0.0022263953986086235,-0.00099219480076491061
akre,7,Telcm,0,0.026607409339331849,0.032745211162548082,0.032745211162548082,0.0014139561856294368,0,-0
akre,7,Utils,0,0.028649538217618068,0.0072958491272435474,0.0072958491272435474,0.0022515903357744212,0,-0
akre,7,Shops,0.15013610612423767,0.10366717053021006,0.0065004494381193509,0.083149263450925964,-0.00012720373544601165,-0.007945965673203978,-0.0035617888017197112
akre,7,Hlth,0,0.088729191519855422,0.073581205149379811,0.073581205149379811,0.0010918527384631018,0,-0
akre,7,Money,0.2490716199154942,0.14672823471255692,0.15985992455532844,0.083737955237363701,-0.00021990534813067961,0.011169242180868386,0.007790580028314638
akre,7,Other,0.41842954136818622,0.11190938770464211,0.090815328786850308,0.053046016869875257,-0.01006631786726705,0.0042267405706543203,0.011577055292557521
akre,7,Unmapped,0,0.010803726437015122,0.085886656374175127,0.085886656374175127,-1.4993182302657118e-19,0,-0
akre,7,Unpriced,0.018733197815057182,0.016439768923533465,0.1046135342758298,0.085886656374175127,3.1827719508877252e-20,0.00030786554536242806,4.2948762827691845e-05
akre,8,NoDur,0,0.03404002096417745,-0.034607750932936318,-0.034607750932936318,0.0013709777048497194,0,-0
akre,8,Durbl,0,0.021552951792583125,0.069015763776232406,0.069015763776232406,-0.0013653374413330167,0,-0
akre,8,Manuf,0,0.057161645038564982,-0.040406338384884277,-0.040406338384884277,0.0026336686853274632,0,-0
akre,8,Enrgy,0,0.023223667566712628,-0.021859342487160257,-0.021859342487160257,0.00063927923227431152,0,-0
akre,8,Chems,0,0.029231470155916029,-0.015459941399755513,-0.015459941399755513,0.00061759245764318673,0,-0
akre,8,BusEq,0.20953197113341618,0.31052875508668165,0.038648031643659521,0.031391108317099979,-0.0025979799969453304,0.0022534833663560351,-0.00073292591737794666
akre,8,Telcm,0,0.025158245433314477,-0.02892668950073321,-0.02892668950073321,0.00087033451916007512,0,-0
akre,8,Utils,0,0.026608523572853655,0.017058932079014186,0.017058932079014186,-0.00030310346805275773,0,-0
akre,8,Shops,0.13634022808986135,0.1033055950230128,0.016629049283133003,-0.0019944729308862897,-0.00025311756693216991,0.0019239140437435596,0.00061522122275243021
akre,8,Hlth,0,0.087752529411681893,0.003862445800200294,0.003862445800200294,0.00015841693893953971,0,-0
akre,8,Money,0.25290759761686865,0.14619546737374089,0.016594942592511496,0.012307480783505596,0.00070854355060134518,0.00062680748301468213,0.00045752418297507374
akre,8,Other,0.38278807153335559,0.10944229371866589,-0.026075689680772198,-0.026725442432366801,-0.0088545328154329573,7.1110431484527838e-05,0.0001776071712718615
akre,8,Unmapped,0.00028809924704972328,0.009316505935083947,0.0046667488488084897,0.0056677150044228087,-7.8308945161994911e-21,-9.3255071295989648e-06,9.0371295338442239e-06
akre,8,Unpriced,0.018144032379448512,0.016482328927010344,0.0046667488488084889,0.0056677150044228087,1.4412979945280992e-21,-1.6498253421640244e-05,-1.663308916558075e-06
akre,9,NoDur,0,0.032451519941309709,0.11107907475056865,0.11107907475056865,4.0370318938963443e-05,0,-0
akre,9,Durbl,0,0.02402801744348132,0.31671658737586311,0.31671658737586311,-0.0049111704216084273,0,-0
akre,9,Manuf,0,0.054093297877573276,0.059022480074708533,0.059022480074708533,0.0028832059918835616,0,-0
akre,9,Enrgy,0,0.022311834132717142,0.094579092054099617,0.094579092054099617,0.00039590123064552508,0,-0
akre,9,Chems,0,0.028365584900926544,0.16296215930093516,0.16296215930093516,-0.0014364067030740481,0,-0
akre,9,BusEq,0.2174188855692345,0.31935492897148582,0.039760041749157142,0.16033509734526682,-0.0048941536459678556,-0.038506238315628556,0.012290944100473902
akre,9,Telcm,0,0.023824130848146045,-0.069837934161849094,-0.069837934161849094,0.0043398281728998754,0,-0
akre,9,Utils,0,0.026606318756744608,0.11837747559711288,0.11837747559711288,-0.00016108480381206406,0,-0
akre,9,Shops,0.13844184415115698,0.10339163574632101,0.14329222501425942,0.10706480316313,-0.00018430419342116888,0.0037456124040602841,0.0012697786858519948
akre,9,Hlth,0,0.090993229874237413,0.08031218298399459,0.08031218298399459,0.0029127761942611577,0,-0
akre,9,Money,0.25538914171228883,0.14575863937750005,0.14534122682642453,0.090409225807660157,-0.0024024283897089377,0.0080068137267785416,0.0060222228659422665
akre,9,Other,0.37206329145888029,0.10557059274710968,0.029034866656239562,0.040980774438493586,-0.019012207300706064,-0.0012611365654748678,-0.0031834972034548176
akre,9,Unmapped,0,0.0091663256765526172,0.11232309410657956,0.11232309410657956,-0,0,-0
akre,9,Unpriced,0.016686837108439375,0.014083943705894659,0.07770017321431115,0.11232309410657956,0,-0.00048762726878035238,-9.0119772367313087e-05
akre,10,NoDur,0,0.032372284525369804,0.012077688857467826,0.012077688857467826,-0.0019196009532863863,0,-0
akre,10,Durbl,0,0.028656116526020885,-0.03503279418791818,-0.03503279418791818,-0.0003492373683710965,0,-0
akre,10,Manuf,0,0.05143076308866263,-0.038186184486822164,-0.038186184486822164,-0.00046461490999181603,0,-0
akre,10,Enrgy,0,0.021742653774204434,0.39646739362698241,0.39646739362698241,-0.0096469409120463531,0,-0
akre,10,Chems,0,0.029632294123992441,-0.077540827526466391,-0.077540827526466391,0.00089847632202538861,0,-0
akre,10,BusEq,0.21288593292637853,0.33588005496068851,-0.12203106845068616,-0.090584888887670953,0.0053336291034053671,-0.010562144519929229,0.0038676952466863172
akre,10,Telcm,0,0.019743759024500023,-0.030906013465374967,-0.030906013465374967,-0.00032209899065720383,0,-0
akre,10,Utils,0,0.02682098918559412,0.064167199767957497,0.064167199767957497,-0.0029875142986845334,0,-0
akre,10,Shops,0.1414474558399556,0.10287737150265575,-0.093401607304558418,-0.079552715595013729,-0.0012470764038786442,-0.0014247375773028782,-0.00053415292121527147
akre,10,Hlth,0,0.088500832027712639,-0.02174944210471989,-0.02174944210471989,-0.0022541636464971592,0,-0
akre,10,Money,0.26607498030929294,0.14211091991051536,-0.14262609527800876,-0.011124273583436083,0.0044745701210533563,-0.018687844850924288,-0.016301499767095287
akre,10,Other,0.36032195161917557,0.098828762398331618,-0.063797036548526989,-0.090563362205185211,-0.011333999685967922,0.002645282838598243,0.0069992118596832586
akre,10,Unmapped,0,0.0075571290368008862,-0.047219978311558081,-0.047219978311558081,5.2438116604497974e-20,0,-0
akre,10,Unpriced,0.019269679305197428,0.013846069914950798,-0.10209414726380321,-0.047219978311558081,-3.7633850135156338e-20,-0.00075979157983760849,-0.00029761605801137674
akre,11,NoDur,0,0.034201657947113752,-0.018831495904284526,-0.018831495904284526,-0.0048520438737832345,0,-0
akre,11,Durbl,0,0.029760884882761341,-0.3422439028936119,-0.3422439028936119,0.0054029891439576292,0,-0
akre,11,Manuf,0,0.052065166514541489,-0.16380442060240349,-0.16380442060240349,0.00016177554084006578,0,-0
akre,11,Enrgy,0,0.031670261839102182,-0.041587058765420716,-0.041587058765420716,-0.0037722508309419481,0,-0
akre,11,Chems,0,0.028558012506774429,-0.08381258339261527,-0.08381258339261527,-0.0021956731685107088,0,-0
akre,11,BusEq,0.21979203534279171,0.32143239997516382,-0.18050140967480544,-0.20637132935444269,0.004642330443010094,0.0083154303697905232,-0.0026294280692485098
akre,11,Telcm,0,0.019909925104339171,-0.01053492790945499,-0.01053492790945499,-0.002989720515175185,0,-0
akre,11,Utils,0,0.029787903926388609,-0.054874364733399628,-0.054874364733399628,-0.0031522418330979791,0,-0
akre,11,Shops,0.12416957667714655,0.099249246155279788,-0.071468223814284554,-0.19805636302688107,-0.00093100153367782436,0.012563777389049817,0.0031546182693259878
akre,11,Hlth,0,0.090568900175004019,-0.062035978609340056,-0.062035978609340056,-0.0089356425161030636,0,-0
akre,11,Money,0.23526862788001743,0.1475561645332461,-0.08663738896815007,-0.14226929106072836,0.0016163613596065624,0.00820883009846992,0.0048796111732064438
akre,11,Other,0.40212656484519982,0.095416221728513315,-0.13732311059100033,-0.20956705211285981,-0.014988874870002984,0.0068932439427914936,0.022157964092271356
akre,11,Unmapped,0,0.0076448574150994007,-0.16069724642684635,-0.16069724642684635,-0,0,-0
akre,11,Unpriced,0.018643195254844515,0.012178397296672718,-0.12650982911893766,-0.16069724642684635,0,0.00041634795052285738,0.00022101474560733529
akre,12,NoDur,0,0.040632778027538327,-0.060672379624742319,-0.060672379624742319,0.0004892319203388633,0,-0
akre,12,Durbl,0,0.023535474638736474,0.12904363748466974,0.12904363748466974,-0.0041816817066172244,0,-0
akre,12,Manuf,0,0.051660830282790705,-0.068492668543415403,-0.068492668543415403,0.0010260158904469951,0,-0
akre,12,Enrgy,0,0.036045002533766572,0.037125128540898451,0.037125128540898451,-0.0030911178248510854,0,-0
akre,12,Chems,0,0.031039438287380677,-0.090748961179948767,-0.090748961179948767,0.001307285173236198,0,-0
akre,12,BusEq,0.22166105369023981,0.30511988941448287,-0.086251343736303901,-0.072012107245334855,0.0019512721089842634,-0.004344674263471144,0.0011883900991384328
akre,12,Telcm,0,0.022776169310236329,-0.22194534492870577,-0.22194534492870577,0.0039474128813645941,0,-0
akre,12,Utils,0,0.033614898554771837,-0.060188305844145307,-0.060188305844145307,0.0003884622680357537,0,-0
akre,12,Shops,0.13326006078442765,0.094438951533586307,-0.040829221388568385,0.02913725513411421,0.0030190908062743891,-0.0066075606853014252,-0.0027161762289834865
akre,12,Hlth,0,0.10077582576186019,-0.068744961313878056,-0.068744961313878056,0.0020268949468211289,0,-0
akre,12,Money,0.24894729144670541,0.15184550594649493,-0.12348326888772604,-0.039525269475905601,0.00088428493744599035,-0.012748644898943399,-0.0081524716499133867
akre,12,Other,0.38972186215918947,0.089638462750312231,-0.077141959506407759,-0.045073903400092111,0.0010677416185604345,-0.0028745312527608978,-0.0096230912888178033
akre,12,Unmapped,0,0.006882248723820727,-0.048632052970057453,-0.048632052970057453,-0,0,-0
akre,12,Unpriced,0.0064097319194375939,0.011994524234221799,-0.085914893129688752,-0.048632052970057453,-0,-0.00044718992981531536,0.00020821691919683681
akre,13,NoDur,0,0.040094728152408367,0.13573091371542428,0.13573091371542428,-0.0024117991223809891,0,-0
akre,13,Durbl,0,0.029403285950262949,-0.40381945403843134,-0.40381945403843134,0.014095871865559297,0,-0
akre,13,Manuf,0,0.050456795800305591,0.26461520670703931,0.26461520670703931,-0.0095381921050456831,0,-0
akre,13,Enrgy,0,0.037840942322423507,0.24350458457822666,0.24350458457822666,-0.0063544854777463451,0,-0
akre,13,Chems,0,0.029504398342380379,0.16733109321926584,0.16733109321926584,-0.0027071083315053038,0,-0
akre,13,BusEq,0.2234800552720822,0.29668711925611302,0.073237608157336626,0.024654949167729822,0.0037279555249622323,0.014413849141428544,-0.0035565938251664948
akre,13,Telcm,0,0.018525061677608413,0.10776795978426494,0.10776795978426494,-0.00059631378241471039,0,-0
akre,13,Utils,0,0.033219932265705548,0.087401753736152221,0.087401753736152221,-0.00039277137256829185,0,-0
akre,13,Shops,0.13466878389320588,0.1027790468739308,0.11113357826219478,-0.013261734484042992,-0.0028330881776605643,0.012785231679642853,0.0039669338099080007
akre,13,Hlth,0,0.098657648086726918,0.15088893484779189,0.15088893484779189,-0.0074299613202066205,0,-0
akre,13,Money,0.24033297128771286,0.15364417504764263,0.012000806016102074,0.11515043215294972,0.0034304527775490773,-0.015848339214268713,-0.0089419169224166078
akre,13,Other,0.3964101052852449,0.090748961547054335,0.17771486034098805,0.10670225337394462,0.0095133559533900573,0.0064443203390083066,0.021705794665377091
akre,13,Unmapped,0,0.0064756493469317628,0.075578389093901951,0.075578389093901951,-0,0,-0
akre,13,Unpriced,0.0051080842617541268,0.011962255330505673,0.1052029097470575,0.075578389093901965,-9.5120731690594792e-20,0.00035437608009688518,-0.0002030515323864913
akre,14,NoDur,0,0.042308954055548742,-0.0010447121815371002,-0.0010447121815371002,0.0032681051356071079,0,-0
akre,14,Durbl,0,0.016373099403584633,0.47388584149981261,0.47388584149981261,-0.0065113644591437364,0,-0
akre,14,Manuf,0,0.059764843627904879,0.047828176954642511,0.047828176954642511,0.0016955841112612628,0,-0
akre,14,Enrgy,0,0.043526251910184173,-0.046612870906449742,-0.046612870906449742,0.0053455450249630544,0,-0
akre,14,Chems,0,0.031888614426555356,0.019516495623782756,0.019516495623782756,0.0018075298927246995,0,-0
akre,14,BusEq,0.14689836056920161,0.28336656707719771,0.032644636509668055,0.22743625681141835,-0.02063906278961037,-0.055197432740311948,0.026582863065366422
akre,14,Telcm,0,0.018878968564465706,0.063990042151563578,0.063990042151563578,0.00023049452415791017,0,-0
akre,14,Utils,0,0.035028820181315354,-0.030605662042477749,-0.030605662042477749,0.0037412449986103237,0,-0
akre,14,Shops,0.11982688417131265,0.094311875334642498,0.018011083380576224,0.069142433156902189,-0.00018005105854476431,-0.0048222934857968551,-0.0013046168413738297
akre,14,Hlth,0,0.10557633183796006,-0.032303116051820908,-0.032303116051820908,0.011455266553309936,0,-0
akre,14,Money,0.25773530311207798,0.16054502725294462,0.029095733907140674,-0.052363776458880379,-0.012495061967983079,0.013077919311724376,0.0079170722838235209
akre,14,Other,0.47059843425639869,0.09302042123956078,0.054919528232036517,0.070635948833077597,-0.0021005256604220346,-0.0014619480646869522,-0.0059341748622779881
akre,14,Unmapped,0,0.0052556599778523271,0.076199105553033011,0.076199105553033011,-0,0,-0
akre,14,Unpriced,0.0049410178910090398,0.010154565110283136,0.040497797723712974,0.076199105553033011,-0,-0.00036253125487509139,0.00018613045415800001
akre,15,NoDur,0,0.039191347116390558,0.0048695708492222873,0.0048695708492222873,0.0032740631900456396,0,-0
akre,15,Durbl,0,0.022462988826147702,0.20996277698572982,0.20996277698572982,-0.0027304379645403561,0,-0
akre,15,Manuf,0,0.057176575931472517,0.049703845679283251,0.049703845679283251,0.0022130871702876753,0,-0
akre,15,Enrgy,0,0.038380676621325077,-0.018482481316874088,-0.018482481316874088,0.0041026069661158609,0,-0
akre,15,Chems,0,0.030103803646616002,0.019040936070304645,0.019040936070304645,0.0020882736267436247,0,-0
akre,15,BusEq,0.14500942397946109,0.32345273839177241,0.10420191559543644,0.16402078107491672,-0.013492232766551161,-0.019348575846826959,0.010674276620542654
akre,15,Telcm,0,0.018381460733735255,-0.028342368197288723,-0.028342368197288723,0.0021460796498630162,0,-0
akre,15,Utils,0,0.0315522949002085,-0.016927218997919533,-0.016927218997919533,0.0033236319904137242,0,-0
akre,15,Shops,0.10634509439089576,0.09380214534556558,0.15396428420520217,0.11282038940226545,0.00030617787585274784,0.0038593856003877303,0.0005160657760396605
akre,15,Hlth,0,0.096544949536859076,0.050040063666894195,0.050040063666894195,0.0037044266042805824,0,-0
akre,15,Money,0.26064664036817414,0.14130817162257797,0.009758726689097429,0.04005514190248758,-0.0057705984761117907,-0.0042811310405226179,-0.0036155278000467653
akre,15,Other,0.48257540451903469,0.093127818382646943,0.11438642344114891,0.069172216978794679,-0.0074921204121009451,0.0042107004077416264,0.017608563565836118
akre,15,Unmapped,0,0.0055969913500768494,0.088410031459629959,0.088410031459629959,-0,0,-0
akre,15,Unpriced,0.0054234367424342896,0.0089180375946055421,0.089713817196549916,0.088410031459629973,-4.8497329099440218e-20,1.1627210217162548e-05,-4.5562107472891591e-06
akre,16,NoDur,0,0.036099813586692932,-0.067747231651485315,-0.067747231651485315,0.0012711974016464914,0,-0
akre,16,Durbl,0,0.025105107707908289,-0.055962808242158081,-0.055962808242158081,0.00058818713788889962,0,-0
akre,16,Manuf,0,0.055605611139779874,-0.056197569928721644,-0.056197569928721644,0.0013158369767069516,0,-0
akre,16,Enrgy,0,0.033851931752246565,0.13052208843300783,0.13052208843300783,-0.0055197576666732055,0,-0
akre,16,Chems,0,0.028133583255336249,-0.054027397428169727,-0.054027397428169727,0.00060469119827693402,0,-0
akre,16,BusEq,0.14590133761808671,0.348363938477533,0.025059953166503193,-0.034800667016549477,0.00045895065063100053,0.02085328140667593,-0.012119536851320308
akre,16,Telcm,0,0.016217821609008275,-0.010103500346644711,-0.010103500346644711,-0.00036377101025062396,0,-0
akre,16,Utils,0,0.02858344272080951,-0.075741185684543855,-0.075741185684543855,0.0012350151079811777,0,-0
akre,16,Shops,0.10894213179684942,0.095911782586877214,-0.068726120026861834,-0.039523321463073136,-9.1075574581312411e-05,-0.0028008924667784719,-0.00038052266319464146
akre,16,Hlth,0,0.09306767545783913,-0.039169130415433816,-0.039169130415433816,0.00061753241429544047,0,-0
akre,16,Money,0.24330122056389469,0.13443943983728934,-0.05024174562945842,-0.010844006254736345,0.0023611923351419114,-0.0052966100123931536,-0.0042889080649349404
akre,16,Other,0.49569907612775643,0.09117145672168514,-0.044531641393969194,-0.051256512667837241,-0.007573844111756111,0.00061311631030436426,0.0027203961672301151
akre,16,Unmapped,0,0.0050956495554746843,-0.032533825394033669,-0.032533825394033669,7.071634327386173e-20,0,-0
akre,16,Unpriced,0.0061562338934127324,0.0083527455915196492,-0.038365246300166293,-0.032533825394033662,1.5241361631855e-20,-4.8708375265994855e-05,1.280878423690556e-05
akre,17,NoDur,0,0.034576751157267424,0.03438697110317377,0.03438697110317377,0.0028616212329286568,0,-0
akre,17,Durbl,0,0.024932653641136265,0.0073770478224645854,0.0073770478224645854,0.0027368910318452374,0,-0
akre,17,Manuf,0,0.05394810289339956,0.14270991154981152,0.14270991154981152,-0.0013789952103767176,0,-0
akre,17,Enrgy,0,0.038930406017351676,-0.086365676211879155,-0.086365676211879155,0.0079228855051950414,0,-0
akre,17,Chems,0,0.028332505136268199,0.054438311712557211,0.054438311712557211,0.0017767338170040082,0,-0
akre,17,BusEq,0.11086203826958459,0.3463285649674831,0.10021711798189309,0.15175386696745297,-0.0081484297888824147,-0.017848648319258344,0.012135179280931229
akre,17,Telcm,0,0.016116702674602142,0.079285249556520859,0.079285249556520859,0.00061022909166309812,0,-0
akre,17,Utils,0,0.027460275083888572,0.082109701762203668,0.082109701762203668,0.00096217221320434021,0,-0
akre,17,Shops,0.10610528554113527,0.095436849480125013,0.052751129205061531,0.14798179368067202,0.00032894411971296406,-0.0090885145914511266,-0.0010159622550055712
akre,17,Hlth,0,0.091302500006389675,0.063219551794134896,0.063219551794134896,0.0049238384010374982,0,-0
akre,17,Money,0.26274010105077966,0.13894916064013321,0.32316473484256752,0.13754106669282753,0.0025244277434590314,0.025792252884349002,0.022978528442730073
akre,17,Other,0.51311393825672114,0.090393625605289796,0.14140778552143665,0.1465124900852659,0.012412798557483777,-0.00046143275316839528,-0.0021578623092150884
akre,17,Unmapped,0,0.0047704097882133025,0.11714839712359368,0.11714839712359368,-0,0,-0
akre,17,Unpriced,0.0071786368817792993,0.0085214929084521142,0.17543346153079034,0.11714839712359368,-0,0.00049667576301460107,-7.8268450004217215e-05
akre,18,NoDur,0,0.033640241050656959,0.02933863720990575,0.02933863720990575,0.0025887973153726354,0,-0
akre,18,Durbl,0,0.022478136417798507,-0.18948501170767379,-0.18948501170767379,0.0066485612158860173,0,-0
akre,18,Manuf,0,0.054836926865319248,0.10688520061324459,0.10688520061324459,-3.2419036369285644e-05,0,-0
akre,18,Enrgy,0,0.031462734975214665,0.14060390634016773,0.14060390634016773,-0.0010794831525975295,0,-0
akre,18,Chems,0,0.026553108408538629,0.084678128936099634,0.084678128936099634,0.00057396885263010758,0,-0
akre,18,BusEq,0.10705029526793751,0.35805087717988937,0.04635721510078912,0.1342716654332847,-0.0070224076109567223,-0.031477846058337859,0.022066578191925777
akre,18,Telcm,0,0.015272669715527617,0.023940709078203601,0.023940709078203601,0.0012577547761171491,0,-0
akre,18,Utils,0,0.026490874491963443,0.059690580680085786,0.059690580680085786,0.0012345656163577651,0,-0
akre,18,Shops,0.099397308284755709,0.098137465707446025,0.17813868648242553,0.1362698136640334,3.7764792824840927e-05,0.0041089050704243768,5.2748188640574492e-05
akre,18,Hlth,0,0.086478681540118868,0.1111524336218879,0.1111524336218879,-0.00042015000602055232,0,-0
akre,18,Money,0.31819603945438979,0.14047919099058376,0.054659867871768665,0.092627637333654297,-0.0024287448099985331,-0.0053336815377226857,-0.006747512331966651
akre,18,Other,0.46885926667198297,0.095663287529179478,0.077702097891707705,0.10349527270614738,-0.0010444777773236562,-0.0024674598985641328,-0.009625909130076311
akre,18,Unmapped,0,0.0040298484648050859,0.10629401073039599,0.10629401073039599,-0,0,-0
akre,18,Unpriced,0.0064970903209340732,0.0064259566629582716,0.07699319334360212,0.10629401073039602,1.9743556227636455e-21,-0.0001882857827167918,-2.084274322403617e-06
akre,19,NoDur,0,0.031149577146730712,-0.017915387287672446,-0.017915387287672446,0.0019084636078702158,0,-0
akre,19,Durbl,0,0.016130677187376038,0.064789688936803563,0.064789688936803563,-0.00034579905378230797,0,-0
akre,19,Manuf,0,0.055025412032644508,-0.010244219228780669,-0.010244219228780669,0.002949172419671073,0,-0
akre,19,Enrgy,0,0.032025117744091648,-0.040671546503194676,-0.040671546503194676,0.0026908746633618752,0,-0
akre,19,Chems,0,0.025998968859654709,-0.022166415087508575,-0.022166415087508575,0.0017034199147586281,0,-0
akre,19,BusEq,0.11566371518162089,0.36857887928136629,0.00061225496667790548,0.13297581442593975,-0.022667137283349421,-0.048786412403187221,0.03347675136146562
akre,19,Telcm,0,0.014034215445518226,0.0058651339109334656,0.0058651339109334656,0.00052610344115455027,0,-0
akre,19,Utils,0,0.025262716999099894,0.051351979237369338,0.051351979237369338,-0.00020209277614535411,0,-0
akre,19,Shops,0.11179707346976131,0.10100946693151625,-0.080830961802864087,0.00087402451285515997,-0.00045823928812352871,-0.0082529771133976314,-0.00088140124458667651
akre,19,Hlth,0,0.087323697905188694,0.004228089991421189,0.004228089991421189,0.003416473656207284,0,-0
akre,19,Money,0.29268335702606019,0.13861226483220265,0.017620561757363505,-0.0069461380783884114,-0.0077495405140375452,0.0034052459036864741,0.0037850182752929584
akre,19,Other,0.47330575971796307,0.095388026143343935,-0.048737340527536685,-0.052299185441874264,-0.03614840540423233,0.00033975735580736967,0.0013460843573707413
akre,19,Unmapped,0,0.0033658655763414767,0.043352333904187065,0.043352333904187065,-2.3355384129047063e-20,0,-0
akre,19,Unpriced,0.0065500946045945266,0.0060951139149248591,-0.027053470902202625,0.043352333904187058,0,-0.00042913140056690925,-3.2033281627559167e-05
akre,20,NoDur,0,0.028893274693158801,0.10510992171577044,0.10510992171577044,-0.0013307415173795605,0,-0
akre,20,Durbl,0,0.016484405497485949,0.22600945401441058,0.22600945401441058,-0.0027521814409129774,0,-0
akre,20,Manuf,0,0.051994382963057993,0.10497395209111772,0.10497395209111772,-0.0023876427742460741,0,-0
akre,20,Enrgy,0,0.030424327423567054,-0.038735924433510725,-0.038735924433510725,0.0029751556986853701,0,-0
akre,20,Chems,0,0.024330079113931501,0.078721995568116904,0.078721995568116904,-0.00047855346158435445,0,-0
akre,20,BusEq,0.12437473311114919,0.40160323944439241,0.027037598792927768,0.017241534817462434,0.011591270295268857,0.0039341310263513911,-0.0027157481838631474
akre,20,Telcm,0,0.013366648647209396,0.12434622851801981,0.12434622851801981,-0.00087275452525864073,0,-0
akre,20,Utils,0,0.025973398825254224,0.18360651333647357,0.18360651333647357,-0.0032350836744434773,0,-0
akre,20,Shops,0.10267640118043768,0.096881919443751463,0.0856976722916266,0.048317627763159419,-6.2204669607204526e-05,0.0036214504628108001,0.0002165979853367206
akre,20,Hlth,0,0.084137454833252703,0.053984150081076467,0.053984150081076467,0.00042646199883674687,0,-0
akre,20,Money,0.31020555335976963,0.13282294138049083,0.23686338810087451,0.11289600195203016,0.0095508505503833479,0.016465712863540625,0.021989658755325877
akre,20,Other,0.45835214307979255,0.086108797423745401,0.091474242544433912,0.09417836726488138,0.013075264449401111,-0.00023284892776155317,-0.0010065924330105887
akre,20,Unmapped,0,0.0027606605040179006,0.059052784492254318,0.059052784492254318,-0,0,-0
akre,20,Unpriced,0.0043911692688509462,0.0042184698066843589,0.12812830929185734,0.059052784492254311,-1.1983432452357892e-21,0.000291393015748002,1.19293059817662e-05
akre,21,NoDur,0,0.029808697721897304,-0.071427523015427152,-0.071427523015427152,0.0028486738979762848,0,-0
akre,21,Durbl,0,0.018969316577786364,0.43017915261755074,0.43017915261755074,-0.0077023294614397267,0,-0
akre,21,Manuf,0,0.054439720419404009,-0.021402106415764271,-0.021402106415764271,0.0024791725985933194,0,-0
akre,21,Enrgy,0,0.027181280916461395,-0.054614088782877677,-0.054614088782877677,0.0021405736294903303,0,-0
akre,21,Chems,0,0.024547070669301813,-0.08770917908604621,-0.08770917908604621,0.0027455124647164778,0,-0
akre,21,BusEq,0.1212725360138808,0.39049790551984892,-0.091454358822270113,0.050944809488732548,-0.0072171625161454615,-0.055606576973214979,0.038337468705872235
akre,21,Telcm,0,0.013834835157638677,-0.013382912403473838,-0.013382912403473838,0.00051909104780733172,0,-0
akre,21,Utils,0,0.028767901195661635,-0.020182632021195919,-0.020182632021195919,0.0012750020180152407,0,-0
akre,21,Shops,0.096419517380687741,0.096090770714818655,0.032028421210696122,0.06209863407724539,1.2479540962002712e-05,-0.0028894699299053758,-9.8854822218517893e-06
akre,21,Hlth,0,0.08282935729917329,-0.085134981493709516,-0.085134981493709516,0.0090509833453421111,0,-0
akre,21,Money,0.3279821722374896,0.13812502098441368,0.0024112603457746599,0.013384616039190399,-0.0020415438524397176,-0.0015156949854224842,-0.0020833700516386337
akre,21,Other,0.45277959019214448,0.088398630030920355,0.044867965370972297,0.032351756001379205,0.0029930571962442764,0.0011064157614521987,0.004560668387671241
akre,21,Unmapped,0,0.0025833844464581372,0.024137668210074285,0.024137668210074285,-8.9629152934885588e-21,0,-0
akre,21,Unpriced,0.0015461841757974154,0.003926108346215808,0.013123703934513429,0.024137668210074282,-0,-4.3242017067202208e-05,2.6212399791531971e-05
akre,22,NoDur,0,0.026844512849236918,0.096376225728639936,0.096376225728639936,-0.003736258547706412,0,-0
akre,22,Durbl,0,0.026548184287375882,-0.31228972421576279,-0.31228972421576279,0.0071543238458947897,0,-0
akre,22,Manuf,0,0.052627108484027081,-0.016892217240569132,-0.016892217240569132,-0.0013637272689200641,0,-0
akre,22,Enrgy,0,0.024944290712560237,0.10309912002635133,0.10309912002635133,-0.0036394806822017851,0,-0
akre,22,Chems,0,0.021719098307720026,0.029477648090891942,0.029477648090891942,-0.0015699190735910097,0,-0
akre,22,BusEq,0.11358779849593058,0.40083284224739735,0.025650969806932225,-0.12085423082393512,0.022419186826422938,0.058724095972895754,-0.04208289276503091
akre,22,Telcm,0,0.013173525356891817,0.14535045588839757,0.14535045588839757,-0.0024786737830212579,0,-0
akre,22,Utils,0,0.027429540794215862,0.053398844943761202,0.053398844943761202,-0.0026388337729902843,0,-0
akre,22,Shops,0.096547380373285058,0.099358244931070677,0.19564211497771189,-0.042442081061625857,-1.0207803877821855e-06,0.023655627864293569,-0.00066922242841585783
akre,22,Hlth,0,0.073621009200365933,0.073441904550445858,0.073441904550445858,-0.0085582318312859007,0,-0
akre,22,Money,0.31713121074375866,0.1377836537680098,-0.062360545741622177,0.039360043597477183,0.014736142230555086,-0.014015434462576375,-0.018243339192100874
akre,22,Other,0.4719874736326396,0.088967644098268003,0.039565568319553455,-0.0079983777915605906,0.01333171703968172,0.0042316522295227929,0.018217934531460936
akre,22,Unmapped,0,0.0021060007587522852,-0.042805236370890003,-0.042805236370890003,5.8453263306120917e-20,0,-0
akre,22,Unpriced,0.00074613675438610729,0.0040443442041080083,0.02071580496522684,-0.042805236370889989,4.5771823133393414e-20,0.0002569009553666293,-0.00020950557174887336
akre,23,NoDur,0,0.030480303980560244,0.0076674390892388531,0.0076674390892388531,0.0030993749302311003,0,-0
akre,23,Durbl,0,0.018873502329514659,0.1897617237359967,0.1897617237359967,-0.0015176139729386816,0,-0
akre,23,Manuf,0,0.053971163303332195,0.16493511854247028,0.16493511854247028,-0.0029998880404592974,0,-0
akre,23,Enrgy,0,0.028887363800229594,-0.088494760130720093,-0.088494760130720093,0.0057152700131149186,0,-0
akre,23,Chems,0,0.022996214349575217,-0.03419609484702324,-0.03419609484702324,0.0033010617050010485,0,-0
akre,23,BusEq,0.12960123888585637,0.36791215560686313,-0.029530527655624302,0.22247351264246062,-0.026958102296934284,-0.092715349687707227,0.060055313860834153
akre,23,Telcm,0,0.015558174365541518,-0.013838407172219902,-0.013838407172219902,0.0019166171221478745,0,-0
akre,23,Utils,0,0.030129994661242832,0.030407751029927842,0.030407751029927842,0.002378588419594868,0,-0
akre,23,Shops,0.1205335193135014,0.10001607494174573,-0.057318695858643562,0.075978216021196435,-0.00068474381625097786,-0.013331833928077354,-0.0027349119744214338
akre,23,Hlth,0,0.08214394133659339,-0.037763893880582107,-0.037763893880582107,0.012084675593172752,0,-0
akre,23,Money,0.25366913874334229,0.14924277446370829,0.13297029086228918,0.018417091953157549,-0.009495997049128492,0.017096237228891847,0.011962374078682352
akre,23,Other,0.49605639865444351,0.093400464952428666,0.039486691447963143,0.10152084524939865,-0.0031532424803396354,-0.0057940188079845471,-0.024978420120331409
akre,23,Unmapped,0,0.0019979242937016388,0.10935195418488296,0.10935195418488296,5.5453538808137827e-20,0,-0
akre,23,Unpriced,0.00013970440285647863,0.0043899476149628774,0.042588017746108001,0.10935195418488297,5.8983973429216341e-20,-0.00029309018353493332,0.00028376296766240638
akre,24,NoDur,0,0.027686054866116454,-0.026651405162949181,-0.026651405162949181,0.002981554104602512,0,-0
akre,24,Durbl,0,0.020443820714452197,0.35144608756385765,0.35144608756385765,-0.0055281306555512826,0,-0
akre,24,Manuf,0,0.056491849510037107,0.081911474096421619,0.081911474096421619,-4.9223118341332976e-05,0,-0
akre,24,Enrgy,0,0.023309411272701613,0.073379069110300232,0.073379069110300232,0.00017857511665188934,0,-0
akre,24,Chems,0,0.019919048294833701,-0.028155994922173001,-0.028155994922173001,0.0021750831402377381,0,-0
akre,24,BusEq,0.12926181008387386,0.40581415492182277,-0.071161385712302835,0.14048030267364989,-0.016438315599757339,-0.085887192918573149,0.058530005188597717
akre,24,Telcm,0,0.013729750556365513,-0.0045495432208155478,-0.0045495432208155478,0.0011751250388088372,0,-0
akre,24,Utils,0,0.028022786938763828,0.058594664565518095,0.058594664565518095,0.00062898485337568692,0,-0
akre,24,Shops,0.089825727569199945,0.097029821416665121,0.17237042439669656,0.023948198158825561,0.00041129572689077299,0.01440138210612449,-0.0010692476468673309
akre,24,Hlth,0,0.071121909309255951,0.037345819430303594,0.037345819430303594,0.0031076237016739385,0,-0
akre,24,Money,0.2559460035238198,0.13895312615950098,0.026574994412955907,0.044710195029277505,-0.0042503451203185025,-0.0025199428191675951,-0.002121689301682632
akre,24,Other,0.52496645882310644,0.092400740121029279,-0.014221207646608209,-0.014892910008537891,-0.041497349921086862,6.206579538334611e-05,0.00029055541494199571
akre,24,Unmapped,0,0.0019869145969343932,0.081040142766889089,0.081040142766889089,-2.7573979168504697e-20,0,-0
akre,24,Unpriced,0,0.0030906113215210416,0.081040142766889076,0.081040142766889076,-0,0,-0
akre,25,NoDur,0,0.024595079969483357,0.0039777843539355474,0.0039777843539355474,0.00055828961597607603,0,-0
akre,25,Durbl,0,0.025426036463655783,0.029815478024549744,0.029815478024549744,-7.9798444777827833e-05,0,-0
akre,25,Manuf,0,0.055837527444670389,0.038642572422547782,0.038642572422547782,-0.00066812663472343538,0,-0
akre,25,Enrgy,0,0.023642856752859393,0.019908969916871071,0.019908969916871071,0.00016001613475438877,0,-0
akre,25,Chems,0,0.017694721516518547,-0.038539516299656462,-0.038539516299656462,0.0011539885200492679,0,-0
akre,25,BusEq,0.09154650999829908,0.43087883712544361,-0.058186815999629896,0.033198965012345726,-0.0022131053985523222,-0.039376199052240497,0.031010149737125306
akre,25,Telcm,0,0.012626892067611074,-0.050274812319535504,-0.050274812319535504,0.00097166253245046499,0,-0
akre,25,Utils,0,0.02708858498453131,-0.012322174707734286,-0.012322174707734286,0.0010564331103234625,0,-0
akre,25,Shops,0.11223497981547553,0.092381201940489183,-0.14972811706833825,0.010317458250566377,-0.00032479918584002405,-0.014785202613217498,-0.0031775093022559302
akre,25,Hlth,0,0.067526484656608127,0.12760913177921618,0.12760913177921618,-0.0068155904228243708,0,-0
akre,25,Money,0.25617102662993618,0.13520745167155115,-0.0078207449366548693,0.017401555443432949,-0.0011219938440559989,-0.0034102429596860702,-0.0030509796226496559
akre,25,Other,0.54004748355628929,0.083928076708726596,0.010074471409062744,-0.017502030617785332,-0.020150924217665216,0.0023144427774676596,0.012578177747416555
akre,25,Unmapped,0,0.001572131034919579,0.026677024066462628,0.026677024066462628,-0,0,-0
akre,25,Unpriced,0,0.0015941176629318565,0.026677024066462635,0.026677024066462635,-1.1061413333428697e-20,0,-0
akre,26,NoDur,0,0.02372863687143674,0.058456737411784289,0.058456737411784289,-0.002420690327233748,0,-0
akre,26,Durbl,0,0.025525154628343105,-0.15408854460839444,-0.15408854460839444,0.0028212880855727897,0,-0
akre,26,Manuf,0,0.057611714826577294,0.083981630020744977,0.083981630020744977,-0.0073478245457343295,0,-0
akre,26,Enrgy,0,0.023087495736456107,0.40089647121944166,0.40089647121944166,-0.010261359845567732,0,-0
akre,26,Chems,0,0.015949952323634574,0.098160320023018333,0.098160320023018333,-0.002260413667987589,0,-0
akre,26,BusEq,0.079233979926107923,0.43436052928826185,-0.20778739853699016,-0.095760035849997496,0.018538034511846376,-0.048660264551490209,0.039783890745174223
akre,26,Telcm,0,0.011514955299653063,0.11070111039646616,0.11070111039646616,-0.0017762963050346329,0,-0
akre,26,Utils,0,0.025967130140034947,0.10776634369555202,0.10776634369555202,-0.0039294804491438714,0,-0
akre,26,Shops,0.10161066774454378,0.091691631520018788,-0.042060135905301131,-0.021330884336703645,0.0002204797868968014,-0.0019006988965136122,-0.0002056141972162099
akre,26,Hlth,0,0.073805798066454459,-0.025044832113913815,-0.025044832113913815,-0.0013664403050473982,0,-0
akre,26,Money,0.25692472685529738,0.1335532829759549,-0.18702849444585948,-0.069099631401576544,-0.0031510056877211679,-0.015749786817185748,-0.014549054108822419
akre,26,Other,0.562230625474051,0.08059671798083734,-0.18175592099622231,-0.074504653856737019,-0.014904558615066702,-0.0086441001307285444,-0.051655846875988808
akre,26,Unmapped,0,0.001039704994631026,-0.043558828857327661,-0.043558828857327661,-7.2144026491071239e-21,0,-0
akre,26,Unpriced,0,0.0015672953477058238,-0.043558828857327668,-0.043558828857327668,-0,0,-0
akre,27,NoDur,0,0.025901998748956233,0.037579912640772456,0.037579912640772456,0.0029705665274980106,0,-0
akre,27,Durbl,0,0.022531170583420673,0.12100878195642295,0.12100878195642295,0.00070423355965258639,0,-0
akre,27,Manuf,0,0.064949547193324991,0.24505311182856807,0.24505311182856807,-0.0060265620512354083,0,-0
akre,27,Enrgy,0,0.033357829714789324,-0.15659754732785924,-0.15659754732785924,0.010302975937218496,0,-0
akre,27,Chems,0.00099822252213772021,0.01816190129443452,0.45986901779278222,0.013239601151692537,0.0023861830051779736,0.0081116393802263403,-0.0076658038374859735
akre,27,BusEq,0.14731523830050808,0.41486684628322174,-0.076064875986341832,0.27167258464634619,-0.031947758023902526,-0.14426474362721925,0.093037716748101268
akre,27,Telcm,0,0.013267217094787054,-0.17903146468713133,-0.17903146468713133,0.0043953788099500681,0,-0
akre,27,Utils,0,0.029974826696510613,-0.0030649193660444497,-0.0030649193660444497,0.0046559799359219339,0,-0
akre,27,Shops,0.10207281315494429,0.093663864906610578,-0.065564496426488969,0.051171762743678822,-0.0008500857025538906,-0.010933969208617677,-0.00098162916206601288
akre,27,Hlth,0,0.074533101072784144,0.051390488024854908,0.051390488024854908,0.0075184716028435534,0,-0
akre,27,Money,0.21961541053313532,0.12879671945803073,0.026883913487750884,0.11693071737336432,-0.0032089906415742595,-0.011597732938147663,-0.0081779328643880531
akre,27,Other,0.52999831548927456,0.07744911002076213,0.024730345209785096,0.042868029368198182,-0.049507399242057076,-0.0014047474959067695,-0.0082081945549286658
akre,27,Unmapped,0,0.00083350913656530785,0.15226475052872562,0.15226475052872562,-2.3134525866255969e-20,0,-0
akre,27,Unpriced,0,0.0017123577958018956,0.1522647505287256,0.1522647505287256,-0,0,-0
akre,28,NoDur,0,0.022941228121974633,-0.0026155755220394908,-0.0026155755220394908,0.00058188183395099118,0,-0
akre,28,Durbl,0,0.021894668545817338,-0.14318750779658165,-0.14318750779658165,0.0036331127369592289,0,-0
akre,28,Manuf,0,0.069898951171809026,-0.14166467486676659,-0.14166467486676659,0.011492304799252371,0,-0
akre,28,Enrgy,0,0.024420017531265145,0.2206147318683368,0.2206147318683368,-0.004831898137686157,0,-0
akre,28,Chems,0.0017451980298067128,0.015820831869922884,-0.26171112010421349,-0.032376724612740847,0.00077592173540102431,-0.0036282609130609891,0.0032280269778823577
akre,28,BusEq,0.1585768600254808,0.4624932834218371,0.20299743837625242,0.073287264703558772,-0.015359576624001958,0.059990084115100824,-0.03942105206072527
akre,28,Telcm,0,0.0092765709129566647,0.075933103577088254,0.075933103577088254,-0.000493371235314483,0,-0
akre,28,Utils,0,0.025924324079096381,-0.1110747390506992,-0.1110747390506992,0.0034692756525914049,0,-0
akre,28,Shops,0.083064914990200689,0.085467196815793622,-0.051173794190698042,-0.020240116755700827,0.00010327064617072154,-0.002643814697573181,7.4311411100848039e-05
akre,28,Hlth,0,0.067509379963874419,0.063321157846400022,0.063321157846400022,-0.0027390385315595417,0,-0
akre,28,Money,0.19655343379830353,0.12345621079407874,-0.076081003220634949,-0.024482983894685426,-0.0034524864598012694,-0.0063700959504613738,-0.0037716719252452332
akre,28,Other,0.56005959315620824,0.069774110411275139,-0.038260386339903051,-0.0042579135802037838,-0.013240826687737716,-0.0023724922885916318,-0.016670918771510595
akre,28,Unmapped,0,0,0.02274844731306,0.02274844731306,0,0,0
akre,28,Unpriced,0,0.00112322636029891,0.02274844731306,0.02274844731306,-0,0,-0
jensen,1,NoDur,0.12170330389497713,0.04394729301480628,0.023888397270209631,0.055654818502289982,-0.0027425351112583215,-0.0013960482219179987,-0.0024700301949457304
jensen,1,Durbl,0,0.0070861144242729502,0.054820818973755472,0.054820818973755472,0.00025584441781272932,0,-0
jensen,1,Manuf,0.11185759749463223,0.060984983098574051,0.10747725144420855,0.062138194621573238,-0.0014645035546861245,0.0027650016140337032,0.0023065163548188971
jensen,1,Enrgy,0,0.035782563923306823,0.049195780159631455,0.049195780159631455,0.0014932090767526911,0,-0
jensen,1,Chems,0.050336330236705328,0.03547066110939897,-0.0084743973277478877,0.02701579570095906,-0.00095006579804377358,-0.0012588606096284179,-0.00052758546682899225
jensen,1,BusEq,0.27852364088232795,0.23726634845056532,0.09986488983560203,0.14302426306400412,0.0021494392495164105,-0.01024026688731805,-0.0017806388824557721
jensen,1,Telcm,0,0.033933700592849801,0.043093176481468716,0.043093176481468716,0.0016231397973316252,0,-0
jensen,1,Utils,0,0.039509301084004605,0.0073033535806857203,0.0073033535806857203,0.0033038665928773452,0,-0
jensen,1,Shops,0.019850509210015271,0.098849857836144417,0.10079440587269613,0.038601498966546223,0.0041335900577292644,0.0061477600060894826,-0.0049131991347513317
jensen,1,Hlth,0.23672252848963657,0.094382038798932935,0.07967046339696171,0.11816461424170505,0.0038771783041581789,-0.0036331564385605427,-0.0054792762814685784
jensen,1,Money,0.043222829533379532,0.16531194081638501,0.35404703483268962,0.10707528861454244,-0.001971669976388913,0.040827378694133602,-0.030152561007785558
jensen,1,Other,0.13735341146402352,0.10579108773296936,0.048896823306197983,0.089216693186754875,-5.3945123973758064e-05,-0.0042654828919159032,-0.0012725887859641168
jensen,1,Unmapped,0.0003571922742612675,0.014817019061188695,0.085233918299904191,0.090925855174745038,2.0067040788673035e-19,-8.4337537169599643e-05,8.2304421292323676e-05
jensen,1,Unpriced,7.265652004117915e-05,0.026867090056600838,0.085233918299904191,0.090925855174745052,-0,-0.00015292578061283654,0.00015251222428721656
jensen,2,NoDur,0.12637948918556652,0.042595222124337473,-0.18060212510156706,-0.18493241901932816,0.00065262875200916722,0.00018444983129070169,0.00036281050205931202
jensen,2,Durbl,0,0.0068060971723232647,-0.38770947395878225,-0.38770947395878225,0.0013271049608638106,0,-0
jensen,2,Manuf,0.11672065965138073,0.059430389817701303,-0.31201312093594558,-0.28870039229765865,-0.0054986386470774161,-0.001385484550687681,-0.001335592514246804
jensen,2,Enrgy,0,0.034160706821611028,-0.49749666502855938,-0.49749666502855938,0.010411324331484655,0,-0
jensen,2,Chems,0.027522337940210119,0.033366422514327199,-0.15405197956188421,-0.19588585606874279,1.8490929257247466e-05,0.0013958467989400297,-0.00024448071236925109
jensen,2,BusEq,0.28560258928282728,0.25064374384064819,-0.11792393785220998,-0.11416985225136021,0.0027460858910785513,-0.0009409380696952539,-0.00013123849829681689
jensen,2,Telcm,0,0.032265327988104463,-0.18198266105862126,-0.18198266105862126,-0.00034650229300898925,0,-0
jensen,2,Utils,0,0.03653510393079068,-0.16677899392104212,-0.16677899392104212,-0.00094782362902127429,0,-0
jensen,2,Shops,0.015326654747279702,0.094141729439923091,-0.21567378007394181,-0.11580103865921855,-0.00606251665644257,-0.0094021926006882788,0.0078714775743604724
jensen,2,Hlth,0.24086342885968839,0.098729670271857126,-0.16027966165358509,-0.11885589158555533,0.010498841188907865,-0.0040897551602338033,-0.0058877161346471731
jensen,2,Money,0.044012828979146754,0.16786976632252165,-0.14936545132770152,-0.28533716405782233,0.011471053605150393,0.022825539642478423,-0.016841039904085947
jensen,2,Other,0.14306130800757852,0.10715265068612682,-0.2299236940529038,-0.21841902404087457,-0.00092275230831659913,-0.0012327558870581269,-0.00041311725305833927
jensen,2,Unmapped,0.00043323989449100956,0.014028584062209871,-0.17863150887732368,-0.19272181403226335,-0,0.00019766703032826025,-0.00019156254800958806
jensen,2,Unpriced,7.7463451830924563e-05,0.022274585007517816,-0.17863150887732368,-0.19272181403226332,-6.1609388578817405e-19,0.00031385569995556956,-0.00031276421628091688
jensen,3,NoDur,0.12841729221490111,0.042880938111135213,0.13178937650519804,0.082704511372277079,-0.010435306877845177,0.0021048050639582024,0.0041985404051451186
jensen,3,Durbl,0,0.0051433938644787824,0.30349958402640836,0.30349958402640836,-0.00050814968672017416,0,-0
jensen,3,Manuf,0.098749403835301952,0.051928231388792795,0.14781240806192797,0.15502825449641283,-0.0023258303479153889,-0.00037470614331592541,-0.00033785439025654399
jensen,3,Enrgy,0,0.021205283801663886,0.29782192041091882,0.29782192041091882,-0.0019746128979982805,0,-0
jensen,3,Chems,0.013475394331165373,0.033285429307146529,0.15768782267042919,0.19005053316745135,0.00029026610148807116,-0.0010772067124362801,0.00064110642686356144
jensen,3,BusEq,0.29357210686228408,0.27766191456787687,0.27011821656244656,0.29650845004355542,0.0014606421863331961,-0.0073275627542579722,-0.00041987368937874536
jensen,3,Telcm,0,0.032592623318675906,0.090201053813824483,0.090201053813824483,0.003731919164987098,0,-0
jensen,3,Utils,0,0.037751186511357185,0.042692419510526027,0.042692419510526027,0.0061160920621191424,0,-0
jensen,3,Shops,0.018833652071897744,0.10358007007246385,0.067183595334507004,0.28939032198113901,-0.0071769462423166503,-0.023016188316630961,0.018831224138933005
jensen,3,Hlth,0.25573578204599468,0.10799142954291355,0.077386920086504163,0.1073233279584884,-0.014387298241345381,-0.0032328754814753076,-0.0044229351973144515
jensen,3,Money,0.04282417078502878,0.15020443395538255,0.18858185879015896,0.1197582766117249,0.0091213879505718208,0.010337607203893441,-0.0073902943666467177
jensen,3,Other,0.14780964217573178,0.10437127606426613,0.2433582662963463,0.24950796771056305,0.0019462541063155034,-0.00064185218401602447,-0.00026713298150694533
jensen,3,Unmapped,0.0003953896447340036,0.010862331736135072,0.17815076129384744,0.20470301115853046,-0,-0.00028841934637093453,0.00027792086173004905
jensen,3,Unpriced,0.00018716603296048726,0.020541457757711715,0.17815076129384744,0.20470301115853048,-5.6494508306890256e-19,-0.00054542191896759346,0.00054045223969424511
jensen,4,NoDur,0.12594613098622776,0.038267011919154513,0.060479462096089627,0.082732456281307667,-0.00065713232721068904,-0.00085155559372261484,-0.001951122926764621
jensen,4,Durbl,0,0.0054665864494275228,0.15386240357720848,0.15386240357720848,-0.00034786735403116595,0,-0
jensen,4,Manuf,0.048789094015562362,0.051696546107981252,0.24552404236356065,0.10349211605035581,-3.8567114547710095e-05,0.0073425600274559886,-0.00041295102134961294
jensen,4,Enrgy,0,0.022401538027085825,-0.21419783325851124,-0.21419783325851124,0.0068195889079208311,0,-0
jensen,4,Chems,0.025730244448043831,0.032708694497745543,0.15150919255821921,0.1333951665762162,-0.00030124551439182574,0.00059248614196956168,-0.00012640782551440703
jensen,4,BusEq,0.31530098711228588,0.29841270388956487,0.10368652447245991,0.12023980356833573,0.00050686138777415908,-0.0049397087732389166,-0.00027955646563589814
jensen,4,Telcm,0,0.030073565610919735,0.090949025182027937,0.090949025182027937,-2.1707925459946718e-05,0,-0
jensen,4,Utils,0,0.032936658108326744,0.046396802923657353,0.046396802923657353,0.0014436267282467673,0,-0
jensen,4,Shops,0.035718060145729154,0.11149538725318571,0.13962971553618522,0.13668576770505872,-0.0035205062545031109,0.00032823660348462564,-0.00022308449778656028
jensen,4,Hlth,0.24424079198730872,0.10284591350712861,0.06149943216094813,0.055323787692011565,-0.0049351634198232901,0.00063513979690302713,0.00087320449922208201
jensen,4,Money,0.045517865396007058,0.13877487229035934,0.061172658043362138,0.035311806394779724,0.0051212450276674508,0.0035888363848519535,-0.0024117056204856721
jensen,4,Other,0.15813621912139003,0.10800006394204907,0.133392281709792,0.1194606410099474,0.001465652449079374,0.0015046180864008709,0.00069847890003023154
jensen,4,Unmapped,0.00041852427498231896,0.010609113823676799,0.10013559925041242,0.090227197722630673,1.4142283939331369e-19,0.00010511935961892963,-0.00010097245305328108
jensen,4,Unpriced,0.00020208251246287177,0.016311344573394483,0.10013559925041242,0.090227197722630673,2.2356092062208468e-19,0.00016161935149119639,-0.00015961703681597128
jensen,5,NoDur,0.12565131831584039,0.037901485617127674,0.071649121685875727,0.1062892978990992,-0.0011428472415033115,-0.0013129141405202576,-0.003039669667364288
jensen,5,Durbl,0,0.0057967882396628544,0.22402211796309199,0.22402211796309199,-0.00060697529138454415,0,-0
jensen,5,Manuf,0.049375688456780531,0.052450221957479816,0.13159638075170485,0.20804135206800525,-0.00027279760552556683,-0.0040095557130731341,0.00023503262527196149
jensen,5,Enrgy,0,0.015938567286067129,0.28027472102485729,0.28027472102485729,-0.0025654956680397347,0,-0
jensen,5,Chems,0.026065222850719317,0.033990599602441489,0.01417278083642144,0.08055638971288992,0.00030716250485543473,-0.0022564186694851206,0.00052611511048498093
jensen,5,BusEq,0.29099964699634639,0.30645355677422925,0.15286120579430096,0.1168152940315451,3.8602767645340036e-05,0.011046397866866561,-0.00055705026824315546
jensen,5,Telcm,0,0.029936128168643078,0.064248422702654795,0.064248422702654795,0.0016484269168321392,0,-0
jensen,5,Utils,0,0.031356862859458864,0.069248729797246306,0.069248729797246306,0.0015698654449208653,0,-0
jensen,5,Shops,0.060411902556818303,0.11686671240904711,0.14608031688483752,0.05456762404506442,0.0036552004731493859,0.010694787555883229,-0.0051663316733348112
jensen,5,Hlth,0.24350555216725198,0.099177785822191306,0.096696367937220154,0.062505922826736296,-0.008198870734288986,0.0033909326423329561,0.0049346305731395364
jensen,5,Money,0.039637216772146995,0.13178249697829547,0.13027875993970497,0.18810685289899454,-0.0063390083109819409,-0.0076207304856681663,0.0053285858295209392
jensen,5,Other,0.16377278966341524,0.1119293886747975,0.1225243529837021,0.13810485438540654,0.00097422208538670222,-0.0017439159971396039,-0.00080774618177228432
jensen,5,Unmapped,0.00032988346450275874,0.010963837728460603,0.1180221079644506,0.11931322291816165,2.9515152166642146e-19,-1.4155574841276882e-05,1.372965736727536e-05
jensen,5,Unpriced,0.00025077875617811758,0.015455567882097905,0.11802210796445062,0.11931322291816165,4.2201767430415894e-19,-1.9954914810672621e-05,1.9631130608498001e-05
jensen,6,NoDur,0.11285951694497198,0.036616351017806366,-0.014268603877051138,0.042624889838816619,-0.0013605056101597876,-0.0020832321365295745,-0.0043377400815550601
jensen,6,Durbl,0,0.023163346723819964,0.021272931069988656,0.021272931069988656,0.0009079164362585867,0,-0
jensen,6,Manuf,0.045270438998879663,0.055609138244186049,-0.053269061447273815,0.12738340050300284,-0.00069180594208920752,-0.010045927730745495,0.0018677114720280659
jensen,6,Enrgy,0,0.017837262697806312,0.31906245304637343,0.31906245304637343,-0.0046125960415501774,0,-0
jensen,6,Chems,0.022846328436125215,0.032110799560586573,-0.020327460598144772,0.030450111546855538,0.00027811084567027169,-0.001630508441321329,0.00047042735090760873
jensen,6,BusEq,0.30503576009739514,0.29996695816208951,0.053093189536419838,0.039740278841911149,-0.0001050707231965343,0.0040054320036418053,6.7683259570288788e-05
jensen,6,Telcm,0,0.027691332117276181,0.018418250254799359,0.018418250254799359,0.0011644464192414443,0,-0
jensen,6,Utils,0,0.029294430666456268,0.042569910937283649,0.042569910937283649,0.00052434906350170109,0,-0
jensen,6,Shops,0.069142982226914271,0.10846904048415455,0.053132634026613342,0.017612357798316033,0.0016853901107626206,0.0038528502802155332,-0.0013968724522672869
jensen,6,Hlth,0.24757328288812933,0.092561742767108934,0.027607632923862094,0.024425579071463737,-0.0055871749749286694,0.00029453645015678476,0.00049325506840829547
jensen,6,Money,0.041925505721068755,0.1375898425974815,0.066499269187117641,0.14222596665986795,-0.0078212082357233866,-0.010419224385702815,0.0072443442975713788
jensen,6,Other,0.15464011311727199,0.11212683380433323,0.02136079566809989,0.050073690952393342,-0.00044194657178008354,-0.0032194860375831954,-0.0012206793371043296
jensen,6,Unmapped,0.00045685034414567904,0.010839730998427636,0.028328966760378813,0.06046918569950354,-0,-0.00034839132753068132,0.00033370805744742469
jensen,6,Unpriced,0.00024922122509796928,0.016123190158466836,0.028328966760378809,0.06046918569950354,-0,-0.00051820286169026531,0.00051019283695133975
jensen,7,NoDur,0.095997685684645895,0.035686929430404142,0.036497944790801137,0.040016720789427723,-0.0027664505044494698,-0.00012557431074438683,-0.00021222004156644413
jensen,7,Durbl,0,0.022467875467852939,0.035032028177863793,0.035032028177863793,0.0011425954532786854,0,-0
jensen,7,Manuf,0.041794720836110424,0.059292064904193864,0.16145811491292469,0.045582039951606895,0.00070522374107780236,0.0068705317574496881,-0.002027523552857206
jensen,7,Enrgy,0,0.022740022484746155,0.11419046976103825,0.11419046976103825,-0.0006436293528213269,0,-0
jensen,7,Chems,0.026819433240746319,0.031104586310812993,-0.00050561196170021468,0.024517355647461572,0.00026297684741692152,-0.00077832905575185064,0.00010722724647257859
jensen,7,BusEq,0.31220968554736145,0.29517409401722672,0.11447375117909096,0.13828340200535696,0.00089260955608118548,-0.0070279921115095805,-0.00040561148595140249
jensen,7,Telcm,0,0.026607409339331849,0.032745211162548082,0.032745211162548082,0.0014139561856294368,0,-0
jensen,7,Utils,0,0.028649538217618068,0.0072958491272435474,0.0072958491272435474,0.0022515903357744212,0,-0
jensen,7,Shops,0.071992584078537605,0.10366717053021006,0.03561410172087609,0.083149263450925964,8.670578879965155e-05,-0.0049278357172501952,0.0015056565897126966
jensen,7,Hlth,0.24853553231693226,0.088729191519855422,0.036680498903746472,0.073581205149379811,-0.0019664891320914446,-0.0032741698316867255,-0.0058969668379425027
jensen,7,Money,0.043705423048574457,0.14672823471255692,0.081208433377874756,0.083737955237363701,0.00022136523253990712,-0.00037115227710963735,0.00026059845413005627
jensen,7,Other,0.15802282522318928,0.11190938770464211,0.12162404527006883,0.053046016869875257,-0.0015143947778506633,0.0076745251682572195,0.0031623686277774798
jensen,7,Unmapped,0.00056385835922817648,0.010803726437015122,0.080501282461722889,0.085886656374175127,-1.4210671636354012e-19,-5.8182106511171796e-05,5.5145518413066254e-05
jensen,7,Unpriced,0.00035825166467420177,0.016439768923533465,0.080501282461722889,0.085886656374175127,-2.2317588414615486e-19,-8.8534302687540129e-05,8.6604983518511099e-05
jensen,8,NoDur,0.076968417718094512,0.03404002096417745,0.014184286888442157,-0.034607750932936318,-0.0017289611812078246,0.0016608819903246625,0.0020945639580282624
jensen,8,Durbl,0.00024642722092060556,0.021552951792583125,0.00033329747860455505,0.069015763776232406,-0.0013497267577234368,-0.0014803098851084882,0.0014633846558127907
jensen,8,Manuf,0.045706015121457409,0.057161645038564982,-0.058562547232490283,-0.040406338384884277,0.00052780730440895771,-0.0010378387653929074,0.00020799080925588856
jensen,8,Enrgy,0,0.023223667566712628,-0.021859342487160257,-0.021859342487160257,0.00063927923227431152,0,-0
jensen,8,Chems,0.025213940541290503,0.029231470155916029,0.034430055204456841,-0.015459941399755513,8.4880985291419065e-05,0.0014583579468147854,-0.00020043453883099007
jensen,8,BusEq,0.32365068061067398,0.31052875508668165,0.060111759299314692,0.031391108317099979,0.00033754045127331217,0.0089185879947862156,0.00037687024318919856
jensen,8,Telcm,0,0.025158245433314477,-0.02892668950073321,-0.02892668950073321,0.00087033451916007512,0,-0
jensen,8,Utils,0,0.026608523572853655,0.017058932079014186,0.017058932079014186,-0.00030310346805275773,0,-0
jensen,8,Shops,0.07425371318440796,0.1033055950230128,0.0031941374506776537,-0.0019944729308862897,0.00022260097852178347,0.00053601248281004465,-0.00015073889571175407
jensen,8,Hlth,0.24031694424805164,0.087752529411681893,-0.0055043047370566811,0.003862445800200294,-0.00027541983976432665,-0.00082195605201252991,-0.0014290328146348622
jensen,8,Money,0.054422253987647357,0.14619546737374089,0.0036098304574906691,0.012307480783505596,-0.00060935264167744638,-0.0012715570544651223,0.00079821131932699405
jensen,8,Other,0.15819365597641555,0.10944229371866589,0.025472563185834057,-0.026725442432366801,-0.0015792105528732478,0.0057126694623957103,0.0025447238810249622
jensen,8,Unmapped,0.00060786892520249959,0.009316505935083947,0.021901458270638784,0.0056677150044228087,-7.5535385324009067e-21,0.00015124176548833018,-0.00014137377741708218
jensen,8,Unpriced,0.00042008246583797801,0.016482328927010344,0.021901458270638788,0.0056677150044228087,-1.3931778006560548e-20,0.00026756989623041101,-0.00026075038532935834
jensen,9,NoDur,0.076670055680273574,0.032451519941309709,0.15592331646068572,0.11107907475056865,-5.500871435373142e-05,0.0014552638041087766,0.0019829467047455455
jensen,9,Durbl,0.0003671035309592493,0.02402801744348132,0.060456172606724312,0.31671658737586311,-0.0048361368485241776,-0.0061574297161466254,0.0060633556130397928
jensen,9,Manuf,0.042565155331374699,0.054093297877573276,0.14437003481795743,0.059022480074708533,0.00061445707635932132,0.0046167307018490549,-0.00098389877704965984
jensen,9,Enrgy,0,0.022311834132717142,0.094579092054099617,0.094579092054099617,0.00039590123064552508,0,-0
jensen,9,Chems,0.029059088458325194,0.028365584900926544,0.17270503771393242,0.16296215930093516,3.511837185562775e-05,0.00027636244480327819,6.7567208387161084e-06
jensen,9,BusEq,0.33842691463028779,0.31935492897148582,0.16722992519450933,0.16033509734526682,0.00091568423721859725,0.0022018972580654613,0.00013149805786066143
jensen,9,Telcm,0,0.023824130848146045,-0.069837934161849094,-0.069837934161849094,0.0043398281728998754,0,-0
jensen,9,Utils,0,0.026606318756744608,0.11837747559711288,0.11837747559711288,-0.00016108480381206406,0,-0
jensen,9,Shops,0.075979973924083247,0.10339163574632101,0.15543996051110112,0.10706480316313,0.00014413849310477512,0.0050015866476923951,-0.001326043453820125
jensen,9,Hlth,0.22833237556861835,0.090993229874237413,0.089976265752397561,0.08031218298399459,-0.0043963511864745768,0.00087936610486894818,0.0013272568713322518
jensen,9,Money,0.05451661717819542,0.14575863937750005,0.24937967281276735,0.090409225807660157,0.0019994656578026424,0.023171316056697405,-0.014504785054673373
jensen,9,Other,0.1532995509358922,0.10557059274710968,0.17148913493409856,0.040980774438493586,-0.0034050945925288324,0.013777844975974493,0.0062290280813812873
jensen,9,Unmapped,0.00078316476199031908,0.0091663256765526172,0.15209421158009107,0.11232309410657956,-0,0.00036455501528263895,-0.00033340767753240727
jensen,9,Unpriced,0,0.014083943705894659,0.11232309410657956,0.11232309410657956,-0,0,-0
jensen,10,NoDur,0.07800241795707441,0.032372284525369804,-0.023330432177811018,0.012077688857467826,0.0027057604651114613,-0.0011462417686627783,-0.0016156772874057201
jensen,10,Durbl,0.00034415715554110944,0.028656116526020885,-0.16014536598323648,-0.03503279418791818,-0.00034504306174904886,-0.0035852404362367949,0.0035421820494052855
jensen,10,Manuf,0.042871887428556285,0.05143076308866263,-0.1812130092513668,-0.038186184486822164,-7.7319118084951183e-05,-0.007355978739788961,0.0012241488092195566
jensen,10,Enrgy,0,0.021742653774204434,0.39646739362698241,0.39646739362698241,-0.0096469409120463531,0,-0
jensen,10,Chems,0.030055969822703536,0.029632294123992441,-0.073415716618292631,-0.077540827526466391,-1.2846206976640015e-05,0.00012223649972509443,1.7477092462812743e-06
jensen,10,BusEq,0.33768937693847606,0.33588005496068851,-0.068774637150053206,-0.090584888887670953,-7.8461085770152705e-05,0.0073256285523375011,3.9461767809950846e-05
jensen,10,Telcm,0,0.019743759024500023,-0.030906013465374967,-0.030906013465374967,-0.00032209899065720383,0,-0
jensen,10,Utils,0,0.02682098918559412,0.064167199767957497,0.064167199767957497,-0.0029875142986845334,0,-0
jensen,10,Shops,0.07529562474048504,0.10287737150265575,-0.22561097497929747,-0.079552715595013729,0.00089179337188006905,-0.015026089811708214,0.0040285419228607575
jensen,10,Hlth,0.21672242467151304,0.088500832027712639,-0.029234485810504807,-0.02174944210471989,0.0032658727179323745,-0.00066243259572575867,-0.00095974422496419571
jensen,10,Money,0.062150803676548787,0.14211091991051536,0.0066221153457135962,-0.011124273583436083,-0.002886216745607571,0.0025219556558112467,-0.0014190033215079859
jensen,10,Other,0.15608103410790014,0.098828762398331618,-0.11213420949046674,-0.090563362205185211,-0.0024815071914900768,-0.0021318201410877842,-0.0012349800097825464
jensen,10,Unmapped,0.00078630350120156259,0.0075571290368008862,-0.075548079223084888,-0.047219978311558081,4.6982040033389543e-20,-0.00021407911395592488,0.00019180462902680019
jensen,10,Unpriced,0,0.013846069914950798,-0.047219978311558081,-0.047219978311558081,9.607641012592537e-20,0,-0
jensen,11,NoDur,0.065763352252636395,0.034201657947113752,0.0019807239276318322,-0.018831495904284526,0.004477523450416636,0.00071181242381134055,0.00065686892015427993
jensen,11,Durbl,0.00042633333044883836,0.029760884882761341,-0.037011123310375149,-0.3422439028936119,0.0053255897532743018,0.0090839976156219752,-0.0089538667081400965
jensen,11,Manuf,0.044929938103711119,0.052065166514541489,-0.23580463342479432,-0.16380442060240349,2.2170397454833754e-05,-0.0037487030696802038,0.00051373796411615616
jensen,11,Enrgy,0,0.031670261839102182,-0.041587058765420716,-0.041587058765420716,-0.0037722508309419481,0,-0
jensen,11,Chems,0.029768883321482038,0.028558012506774429,-0.058830665707049624,-0.08381258339261527,9.3097394566779429e-05,0.00071343391770759294,3.0249875020879316e-05
jensen,11,BusEq,0.34119713802397972,0.32143239997516382,-0.18265990849824787,-0.20637132935444269,-0.00090273628468383609,0.0076216189126278545,0.00046865002198792063
jensen,11,Telcm,0,0.019909925104339171,-0.01053492790945499,-0.01053492790945499,-0.002989720515175185,0,-0
jensen,11,Utils,0,0.029787903926388609,-0.054874364733399628,-0.054874364733399628,-0.0031522418330979791,0,-0
jensen,11,Shops,0.069955667301553948,0.099249246155279788,-0.11018662397152569,-0.19805636302688107,0.0010943822280286548,0.008721005361105167,-0.0025740191298743659
jensen,11,Hlth,0.21465775019537481,0.090568900175004019,-0.082731106787850256,-0.062035978609340056,0.012242763265026173,-0.0018743349981084031,-0.0025680346566955017
jensen,11,Money,0.064683680810539101,0.1475561645332461,-0.021927369158731017,-0.14226929106072836,-0.0015271704311213845,0.017757192428418174,-0.0099730339639825527
jensen,11,Other,0.16772259075789908,0.095416221728513315,-0.14247129419099222,-0.20956705211285981,-0.0035335982043272636,0.0064020237149155718,0.0048514506326048914
jensen,11,Unmapped,0.00089466590237496392,0.0076448574150994007,-0.12544785234485129,-0.16069724642684635,-0,0.00026947659172550089,-0.00023794016076096209
jensen,11,Unpriced,0,0.012178397296672718,-0.16069724642684635,-0.16069724642684635,-0,0,-0
jensen,12,NoDur,0.069687353168967556,0.040632778027538327,-0.016471667723407975,-0.060672379624742319,-0.00034982657551589467,0.00179599771534609,0.001284232905241984
jensen,12,Durbl,0.00045363442297204716,0.023535474638736474,-0.14396033908752859,0.12904363748466974,-0.0041010818973016335,-0.00642527816688918,0.0063014341655077766
jensen,12,Manuf,0.053726375000703631,0.051660830282790705,-0.2087356982056916,-0.068492668543415403,-4.1022989592048715e-05,-0.0072450713537272329,-0.00028967824914302042
jensen,12,Enrgy,0,0.036045002533766572,0.037125128540898451,0.037125128540898451,-0.0030911178248510854,0,-0
jensen,12,Chems,0.031431898711711349,0.031039438287380677,-0.11638616111560574,-0.090748961179948767,-1.6529219667549908e-05,-0.00079576428526406434,-1.0061586365398211e-05
jensen,12,BusEq,0.31682200610386635,0.30511988941448287,-0.039610339928377286,-0.072012107245334855,-0.00027359612333341529,0.0098864236605838984,0.00037916926208528934
jensen,12,Telcm,0,0.022776169310236329,-0.22194534492870577,-0.22194534492870577,0.0039474128813645941,0,-0
jensen,12,Utils,0,0.033614898554771837,-0.060188305844145307,-0.060188305844145307,0.0003884622680357537,0,-0
jensen,12,Shops,0.070542884512291668,0.094438951533586307,0.079480060577416176,0.02913725513411421,-0.0018583805986569985,0.0047543217633247599,-0.0012029950529131406
jensen,12,Hlth,0.21108892790954331,0.10077582576186019,-0.084452361411307963,-0.068744961313878056,-0.0022187173126188703,-0.001582926215390422,-0.0017327320314223134
jensen,12,Money,0.074078004591310143,0.15184550594649493,-0.021529565213949473,-0.039525269475905601,-0.00070821179772282859,0.0027325668185202235,-0.0013994809555791779
jensen,12,Other,0.17116976092803671,0.089638462750312231,-0.054018207784874019,-0.045073903400092111,0.00029010055354978642,-0.00080175369542272743,-0.00072924074778798218
jensen,12,Unmapped,0.0009991546505971915,0.006882248723820727,-0.05174851147967556,-0.048632052970057453,-0,-2.1448242600659463e-05,1.8334418587381338e-05
jensen,12,Unpriced,0,0.011994524234221799,-0.048632052970057453,-0.048632052970057453,-0,0,-0
jensen,13,NoDur,0.071068870305581858,0.040094728152408367,0.11251760266024244,0.13573091371542428,0.0018631728484993012,-0.00093073139627481186,-0.0007190123964690362
jensen,13,Durbl,0.00040669006019883748,0.029403285950262949,0.14940198329286858,-0.40381945403843134,0.013900905527876616,0.016266528115667686,-0.016041538456016132
jensen,13,Manuf,0.049132774812317329,0.050456795800305591,0.30915326504668361,0.26461520670703931,-0.00025028871402230313,0.0022472477149855299,-5.8969324005934737e-05
jensen,13,Enrgy,0,0.037840942322423507,0.24350458457822666,0.24350458457822666,-0.0063544854777463451,0,-0
jensen,13,Chems,0.028934735040990353,0.029504398342380379,0.19837745900533588,0.16733109321926584,-5.226814834351701e-05,0.00091600434323545969,-1.7685975229854992e-05
jensen,13,BusEq,0.32118203812854296,0.29668711925611302,0.010182431871728711,0.024654949167729822,-0.0012473655296966458,-0.0042938094649348398,-0.00035450313704538631
jensen,13,Telcm,0,0.018525061677608413,0.10776795978426494,0.10776795978426494,-0.00059631378241471039,0,-0
jensen,13,Utils,0,0.033219932265705548,0.087401753736152221,0.087401753736152221,-0.00039277137256829185,0,-0
jensen,13,Shops,0.081882994137567125,0.1027790468739308,0.20160004171315807,-0.013261734484042992,0.0018564079073898037,0.022083288567188157,-0.0044897630064454829
jensen,13,Hlth,0.18980407989378337,0.098657648086726918,0.14923788656131143,0.15088893484779189,0.0068642875229091346,-0.00016288854082178336,-0.00015048716005384925
jensen,13,Money,0.082449225137869675,0.15364417504764263,0.074059618549827663,0.11515043215294972,-0.0028173296234162847,-0.0063133641580881399,0.0029254584162260919
jensen,13,Other,0.17419676100540749,0.090748961547054335,0.075888001688372245,0.10670225337394462,0.0025972179848100015,-0.0027963613413152619,-0.0025713814951168644
jensen,13,Unmapped,0.00094183147774099083,0.0064756493469317628,0.096507301050740055,0.075578389093901951,-0,0.00013552829504529104,-0.00011581678696947111
jensen,13,Unpriced,0,0.011962255330505673,0.075578389093901965,0.075578389093901965,-1.6600964117965512e-19,0,-0
jensen,14,NoDur,0.072254351474581646,0.042308954055548742,0.015779119302290017,-0.0010447121815371002,-0.0023130968202250439,0.00071179871328753595,0.00050379631989404109
jensen,14,Durbl,0.00041780853413231806,0.016373099403584633,0.032260471860838358,0.47388584149981261,-0.0063452075469539468,-0.0072307760762437322,0.0070462612279192302
jensen,14,Manuf,0.059799733744149271,0.059764843627904879,0.055007697528367254,0.047828176954642511,-9.8986499675918453e-07,0.00042908292441198517,2.5049430739625887e-07
jensen,14,Enrgy,0,0.043526251910184173,-0.046612870906449742,-0.046612870906449742,0.0053455450249630544,0,-0
jensen,14,Chems,0.032321308866426965,0.031888614426555356,-0.005864057806452533,0.019516495623782756,-2.4526250153797825e-05,-0.00080935068226936006,-1.0982024350127096e-05
jensen,14,BusEq,0.28996551650902014,0.28336656707719771,0.14332091055130125,0.22743625681141835,0.00099800631336696504,-0.023835476908239183,-0.00055507291641074686
jensen,14,Telcm,0,0.018878968564465706,0.063990042151563578,0.063990042151563578,0.00023049452415791017,0,-0
jensen,14,Utils,0,0.035028820181315354,-0.030605662042477749,-0.030605662042477749,0.0037412449986103237,0,-0
jensen,14,Shops,0.087888074904773406,0.094311875334642498,0.0037161748183849996,0.069142433156902189,4.5330655171710532e-05,-0.0061704731200343471,0.00042028522643969296
jensen,14,Hlth,0.18115774168076118,0.10557633183796006,-0.033546894784798227,-0.032303116051820908,-0.0082007508799708945,-0.0001313135962458109,-9.4006550170918623e-05
jensen,14,Money,0.092200774124692186,0.16054502725294462,-0.062371305769338761,-0.052363776458880379,0.00878653415111986,-0.001606659065882183,0.00068395711638237315
jensen,14,Other,0.18302543380760003,0.09302042123956078,0.073488842140830041,0.070635948833077597,-0.00050071199049755912,0.00026537733723865623,0.00025677469801953375
jensen,14,Unmapped,0.00096925635386285898,0.0052556599778523271,0.047806931690762881,0.076199105553033011,-0,-0.00014921961185215805,0.00012170031693617373
jensen,14,Unpriced,0,0.010154565110283136,0.076199105553033011,0.076199105553033011,-0,0,-0
jensen,15,NoDur,0.06996940442652258,0.039191347116390558,0.020298239389354687,0.0048695708492222873,-0.0025712130843819538,0.00060467030430006363,0.00047486444454722599
jensen,15,Durbl,0.00042340997610655336,0.022462988826147702,0.048458202753687063,0.20996277698572982,-0.0026789713194614643,-0.0036278754463461185,0.0035594927984294302
jensen,15,Manuf,0.060299780625871574,0.057176575931472517,-0.057295090766814709,0.049703845679283251,-0.00012088734113146084,-0.0061178328142971221,-0.00033417958060415941
jensen,15,Enrgy,0,0.038380676621325077,-0.018482481316874088,-0.018482481316874088,0.0041026069661158609,0,-0
jensen,15,Chems,0.030840035399132368,0.030103803646616002,0.031888505150881791,0.019040936070304645,-5.1071730668957914e-05,0.00038676069693802925,9.4587882997683825e-06
jensen,15,BusEq,0.31827292862405276,0.32345273839177241,0.10662417438303357,0.16402078107491672,-0.00039164929940186673,-0.018565089608885133,0.00029730350397657912
jensen,15,Telcm,0,0.018381460733735255,-0.028342368197288723,-0.028342368197288723,0.0021460796498630162,0,-0
jensen,15,Utils,0,0.0315522949002085,-0.016927218997919533,-0.016927218997919533,0.0033236319904137242,0,-0
jensen,15,Shops,0.081684456134094127,0.09380214534556558,0.01743925441731161,0.11282038940226545,-0.00029579713108963057,-0.0089469550870836505,0.0011557989503850775
jensen,15,Hlth,0.15617173967871911,0.096544949536859076,0.033365116448064884,0.050040063666894195,-0.002287878017327384,-0.0016098819377716644,-0.00099427357844372797
jensen,15,Money,0.088115599843097414,0.14130817162257797,0.069292377165147717,0.04005514190248758,0.0025721209336571509,0.0041314602582656675,-0.0015552037353426095
jensen,15,Other,0.19318892198711374,0.093127818382646943,0.084050711696751448,0.069172216978794679,-0.0019249569478903706,0.0013856017539010499,0.0014887586014519843
jensen,15,Unmapped,0.0010337233052897833,0.0055969913500768494,0.061947569576483362,0.088410031459629959,-0,-0.00014811017026170983,0.00012075530669775864
jensen,15,Unpriced,0,0.0089180375946055421,0.088410031459629973,0.088410031459629973,-1.2376263340004776e-19,0,-0
jensen,16,NoDur,0.066820532212485226,0.036099813586692932,-0.079218386880597638,-0.067747231651485315,-0.001081781145490886,-0.00041410656539497272,-0.00035240213210634559
jensen,16,Durbl,0.00040754103973743137,0.025105107707908289,0.11664386854407671,-0.055962808242158081,0.00057863886585898447,0.0043333092118225374,-0.0042629649072994527
jensen,16,Manuf,0.054278885677193044,0.055605611139779874,-0.1271395473752554,-0.056197569928721644,3.1395292414320514e-05,-0.0039447720113789898,9.4120527844577021e-05
jensen,16,Enrgy,0,0.033851931752246565,0.13052208843300783,0.13052208843300783,-0.0055197576666732055,0,-0
jensen,16,Chems,0.029807717797940812,0.028133583255336249,-0.037546234790550422,-0.054027397428169727,-3.598313138630661e-05,0.00046367416121019989,2.7591683673922204e-05
jensen,16,BusEq,0.34561386233303926,0.348363938477533,-0.0079770244196336153,-0.034800667016549477,6.2339870694262477e-06,0.0093443897793753315,-7.3767059614204442e-05
jensen,16,Telcm,0,0.016217821609008275,-0.010103500346644711,-0.010103500346644711,-0.00036377101025062396,0,-0
jensen,16,Utils,0,0.02858344272080951,-0.075741185684543855,-0.075741185684543855,0.0012350151079811777,0,-0
jensen,16,Shops,0.072972295920884334,0.095911782586877214,-0.036343555043706267,-0.039523321463073136,0.00016033545187774082,0.00030497706549136808,-7.2942209378038203e-05
jensen,16,Hlth,0.14130469265343756,0.09306767545783913,-0.077088331424071441,-0.039169130415433816,-0.00032006732241532019,-0.0035290518930924525,-0.0018291091510970066
jensen,16,Money,0.089085230715847202,0.13443943983728934,0.035225954899482992,-0.010844006254736345,-0.0009837245930499484,0.0061936197708989281,-0.0020894666524051797
jensen,16,Other,0.19870097249950427,0.09117145672168514,-0.054137304107346712,-0.051256512667837241,-0.0020132414966116362,-0.00026264595205143876,-0.00030977010854733996
jensen,16,Unmapped,0.0010082691499308529,0.0050956495554746843,-0.037224579038948602,-0.032533825394033669,5.6723797957955887e-20,-2.3902436725552033e-05,1.9172894535458601e-05
jensen,16,Unpriced,0,0.0083527455915196492,-0.032533825394033662,-0.032533825394033662,5.795881546588367e-20,0,-0
jensen,17,NoDur,0.067701150266233329,0.034576751157267424,0.011689935430542355,0.03438697110317377,-0.0027414225063275449,-0.00078478975446019824,-0.0007518256682106793
jensen,17,Durbl,0.00039811643267183202,0.024932653641136265,0.0074811054243288932,0.0073770478224645854,0.0026931892538518977,2.5944321460100416e-06,-2.5530051047634378e-06
jensen,17,Manuf,0.051977822872934593,0.05394810289339956,0.14191777922312071,0.14270991154981152,-5.0363341166804069e-05,-4.2734036265504042e-05,1.5607224968433401e-06
jensen,17,Enrgy,0,0.038930406017351676,-0.086365676211879155,-0.086365676211879155,0.0079228855051950414,0,-0
jensen,17,Chems,0.029944596149651059,0.028332505136268199,0.019728062659850953,0.054438311712557211,-0.00010109436513960351,-0.00098342830956694841,-5.5956080570148695e-05
jensen,17,BusEq,0.37328354798522295,0.3463285649674831,0.12784440614937068,0.15175386696745297,0.00093278985196213566,-0.0082805292542727036,-0.00064447911031472458
jensen,17,Telcm,0,0.016116702674602142,0.079285249556520859,0.079285249556520859,0.00061022909166309812,0,-0
jensen,17,Utils,0,0.027460275083888572,0.082109701762203668,0.082109701762203668,0.00096217221320434021,0,-0
jensen,17,Shops,0.067548378794863292,0.095436849480125013,0.096034350109419409,0.14798179368067202,-0.00085989627600912893,-0.0049577003529869233,0.0014487347572111659
jensen,17,Hlth,0.11780451934207424,0.091302500006389675,0.017967683494271049,0.063219551794134896,-0.001429223301672459,-0.0041316087057374634,-0.001199265888658843
jensen,17,Money,0.1017789310796693,0.13894916064013321,0.026397661744478416,0.13754106669282753,-0.00075800020923910911,-0.015443282828259538,0.0041312258760617376
jensen,17,Other,0.18863729550609518,0.090393625605289796,0.17472992611005761,0.1465124900852659,0.0028848362558630885,0.0025506763475662384,0.0027721844702667305
jensen,17,Unmapped,0.00092564157058425665,0.0047704097882133025,0.10082821626928072,0.11714839712359368,-0,-7.7853950492825873e-05,6.274731265462051e-05
jensen,17,Unpriced,0,0.0085214929084521142,0.11714839712359368,0.11714839712359368,-0,0,-0
jensen,18,NoDur,0.063902971477730205,0.033640241050656959,0.039712869530244395,0.02933863720990575,-0.002328879723765327,0.00034899167597170829,0.00031395259609823901
jensen,18,Durbl,0.00038300465609109611,0.022478136417798507,0.11018822843293163,-0.18948501170767379,0.0065352764731181632,0.0067360959726442205,-0.006621319726364463
jensen,18,Manuf,0.055690675710263149,0.054836926865319248,-0.049813823725132884,0.10688520061324459,5.0472767962451723e-07,-0.0085928929375104872,-0.00013378161103272602
jensen,18,Enrgy,0,0.031462734975214665,0.14060390634016773,0.14060390634016773,-0.0010794831525975295,0,-0
jensen,18,Chems,0.028496026841000256,0.026553108408538629,0.11622436889218124,0.084678128936099634,-4.1997895172050104e-05,0.00083765072943560773,6.1291771085528429e-05
jensen,18,BusEq,0.38639404453629755,0.35805087717988937,0.059205542049945097,0.1342716654332847,0.00079297534948377516,-0.026877491323898547,-0.0021276116978507799
jensen,18,Telcm,0,0.015272669715527617,0.023940709078203601,0.023940709078203601,0.0012577547761171491,0,-0
jensen,18,Utils,0,0.026490874491963443,0.059690580680085786,0.059690580680085786,0.0012345656163577651,0,-0
jensen,18,Shops,0.066195942598232263,0.098137465707446025,0.033850106943034863,0.1362698136640334,-0.00095747280212201715,-0.010051210456098672,0.0032714414290676711
jensen,18,Hlth,0.10627752031812401,0.086478681540118868,0.098115856919576402,0.1111524336218879,9.6191131544017894e-05,-0.0011273859650125287,-0.00025810908034616328
jensen,18,Money,0.097557616493202381,0.14047919099058376,0.0084749389010789454,0.092627637333654297,0.00058658226385727944,-0.01182170299548275,0.0036119663149294517
jensen,18,Other,0.19416764360550187,0.095663287529179478,0.057691753859130418,0.10349527270614738,-0.00027568788690492829,-0.0043817151933103742,-0.004511846130055102
jensen,18,Unmapped,0.00093455376355720148,0.0040298484648050859,0.050738743596276115,0.10629401073039599,-0,-0.00022387930797226942,0.00017195992398665199
jensen,18,Unpriced,0,0.0064259566629582716,0.10629401073039602,0.10629401073039602,-1.7835612606149275e-19,0,-0
jensen,19,NoDur,0.043564500292053505,0.031149577146730712,-0.048530756833845251,-0.017915387287672446,-0.00076063404988600033,-0.00095365581555417983,-0.00038008745998139134
jensen,19,Durbl,0.00042714839343669725,0.016130677187376038,-0.063604079992025109,0.064789688936803563,-0.00033664212202059367,-0.0020710784394614868,0.0020162352473362551
jensen,19,Manuf,0.051134651382416872,0.055025412032644508,-0.1578040648480882,-0.010244219228780669,0.00020853135991758554,-0.0081195413046758116,0.00057412004088926659
jensen,19,Enrgy,0,0.032025117744091648,-0.040671546503194676,-0.040671546503194676,0.0026908746633618752,0,-0
jensen,19,Chems,0.031684965601487577,0.025998968859654709,0.022916381285607457,-0.022166415087508575,-0.00037253939329574685,0.001172106219010798,0.00025634063329025241
jensen,19,BusEq,0.39406984754919283,0.36857887928136629,0.11571579925322339,0.13297581442593975,0.0022845892980321685,-0.0063616770487391729,-0.00043997449906991732
jensen,19,Telcm,0,0.014034215445518226,0.0058651339109334656,0.0058651339109334656,0.00052610344115455027,0,-0
jensen,19,Utils,0,0.025262716999099894,0.051351979237369338,0.051351979237369338,-0.00020209277614535411,0,-0
jensen,19,Shops,0.071766050976048656,0.10100946693151625,-0.1156798319524604,0.00087402451285515997,0.0012422108706157638,-0.011773042910373984,0.0034084329058290883
jensen,19,Hlth,0.10578917964319644,0.087323697905188694,-0.037052376580699375,0.004228089991421189,-0.00072244801148453879,-0.0036047629923290961,-0.00076226370162393137
jensen,19,Money,0.10229518848156387,0.13861226483220265,0.029454850035233109,-0.0069461380783884114,0.0018266934473116592,0.0050456234045591674,-0.0013219774645610877
jensen,19,Other,0.1982899187965208,0.095388026143343935,-0.073147018379961404,-0.052299185441874264,-0.0098427223758616733,-0.0019886336333303227,-0.0021452814670464078
jensen,19,Unmapped,0.00097854888408271837,0.0033658655763414767,0.012414866145503202,0.043352333904187065,-1.6565337242610269e-20,-0.0001041313577481283,7.3857533196523142e-05
jensen,19,Unpriced,0,0.0060951139149248591,0.043352333904187058,0.043352333904187058,-0,0,-0
jensen,20,NoDur,0.038937552175635916,0.028893274693158801,0.044039369716208872,0.10510992171577044,0.00046261066632152152,-0.0017645282345861708,-0.00061340957029164397
jensen,20,Durbl,0.00042706795240868138,0.016484405497485949,-0.11611164444864552,0.22600945401441058,-0.002680879597919177,-0.0056396629163103333,0.0054935539593139069
jensen,20,Manuf,0.037785782431548114,0.051994382963057993,0.15802143097912344,0.10497395209111772,-0.00065247552635276478,0.002758170932527703,-0.00075373043672337717
jensen,20,Enrgy,0,0.030424327423567054,-0.038735924433510725,-0.038735924433510725,0.0029751556986853701,0,-0
jensen,20,Chems,0.02993093760735965,0.024330079113931501,0.05937747952740912,0.078721995568116904,0.00011016446791327599,-0.00047065360569113735,-0.00010834589696785526
jensen,20,BusEq,0.43208362038136344,0.40160323944439241,0.0031423807191559225,0.017241534817462434,-0.0012744228175384628,-0.0056622659593055765,-0.00042974758780543878
jensen,20,Telcm,0,0.013366648647209396,0.12434622851801981,0.12434622851801981,-0.00087275452525864073,0,-0
jensen,20,Utils,0,0.025973398825254224,0.18360651333647357,0.18360651333647357,-0.0032350836744434773,0,-0
jensen,20,Shops,0.069072468091036537,0.096881919443751463,0.22762241503994157,0.048317627763159419,0.00029853881882153487,0.0173713919568282,-0.0049863677590825713
jensen,20,Hlth,0.10908756298793887,0.084137454833252703,0.093845508826945534,0.053984150081076467,-0.00012646297675545141,0.0033538332710726414,0.00099454521190217842
jensen,20,Money,0.096406497909929847,0.13282294138049083,0.099982096831791767,0.11289600195203016,-0.001960778484897049,-0.0017152628627786443,0.00047027849579534946
jensen,20,Other,0.18579440669263558,0.086108797423745401,0.12673214488299461,0.09417836726488138,0.0035015151196141616,0.0028031666422957693,0.0032451431558655781
jensen,20,Unmapped,0.0004741037701433397,0.0027606605040179006,0.069949186481767955,0.059052784492254318,-0,3.0081266608352374e-05,-2.491524134412657e-05
jensen,20,Unpriced,0,0.0042184698066843589,0.059052784492254311,0.059052784492254311,2.9271514425418802e-20,0,-0
jensen,21,NoDur,0.039286166894478391,0.029808697721897304,-0.10083635092780487,-0.071427523015427152,-0.00090571615381150638,-0.00087663886159536342,-0.00027872125994130199
jensen,21,Durbl,0.00042727903504648473,0.018969316577786364,-0.028268291205968632,0.43017915261755074,-0.007528836447793257,-0.0086964346961652689,0.0085005497147488274
jensen,21,Manuf,0.041379699993590986,0.054439720419404009,-0.14519810787460297,-0.021402106415764271,0.0005947503868003731,-0.0067394197084593094,0.0016167783076864121
jensen,21,Enrgy,0,0.027181280916461395,-0.054614088782877677,-0.054614088782877677,0.0021405736294903303,0,-0
jensen,21,Chems,0.030716157697292197,0.024547070669301813,-0.030408371203786606,-0.08770917908604621,-0.00068999293477611833,0.001406566980493913,0.00035349367059981691
jensen,21,BusEq,0.40052221540362648,0.39049790551984892,0.017013858532519358,0.050944809488732548,0.00026872309127547547,-0.013249965280697967,-0.00034013436703633955
jensen,21,Telcm,0,0.013834835157638677,-0.013382912403473838,-0.013382912403473838,0.00051909104780733172,0,-0
jensen,21,Utils,0,0.028767901195661635,-0.020182632021195919,-0.020182632021195919,0.0012750020180152407,0,-0
jensen,21,Shops,0.078871982785602798,0.096090770714818655,-0.030369029387649894,0.06209863407724539,-0.00065364182085502105,-0.0088852890485402666,0.001592181087512133
jensen,21,Hlth,0.11812887627064038,0.08282935729917329,-0.070400977561818623,-0.085134981493709516,-0.0038572719712811937,0.0012204080761220148,0.00052010325131945326
jensen,21,Money,0.09299387202270043,0.13812502098441368,-0.077140804503818619,0.013384616039190399,0.0004852975993172345,-0.012503825612125994,0.0040855162393482764
jensen,21,Other,0.19757841601897153,0.088398630030920355,-0.0034134960616817437,0.032351756001379205,0.00089681234714173537,-0.0031615992850851358,-0.0039048425660537
jensen,21,Unmapped,9.5333878050349351e-05,0.0025833844464581372,-0.02266327607197972,0.024137668210074285,-8.6321594608688565e-21,-0.00012090483153781219,0.00011644311602298566
jensen,21,Unpriced,0,0.003926108346215808,0.024137668210074282,0.024137668210074282,-0,0,-0
jensen,22,NoDur,0.037439433360662813,0.026844512849236918,-0.0042964163453160864,0.096376225728639936,0.0014746165276085554,-0.0027025080337209416,-0.0010666186404487943
jensen,22,Durbl,0.00046524593024555098,0.026548184287375882,-0.1854723671066747,-0.31228972421576279,0.0070289472846606568,0.0033667705673700288,-0.0033077693080905287
jensen,22,Manuf,0.026455305394662409,0.052627108484027081,-0.14135071155507389,-0.016892217240569132,-0.00067819043412969688,-0.0065498906820481099,0.0032573032059980312
jensen,22,Enrgy,0,0.024944290712560237,0.10309912002635133,0.10309912002635133,-0.0036394806822017851,0,-0
jensen,22,Chems,0.030530369666933496,0.021719098307720026,0.023108694649752751,0.029477648090891942,0.00063690410961943537,-0.00013832792590539385,-5.6118577044073834e-05
jensen,22,BusEq,0.41937045540121243,0.40083284224739735,-0.064608273944227218,-0.12085423082393512,-0.0014468420662148097,0.022545226761017872,0.0010426657901021891
jensen,22,Telcm,0,0.013173525356891817,0.14535045588839757,0.14535045588839757,-0.0024786737830212579,0,-0
jensen,22,Utils,0,0.027429540794215862,0.053398844943761202,0.053398844943761202,-0.0026388337729902843,0,-0
jensen,22,Shops,0.070846437704660772,0.099358244931070677,0.0095470091760935759,-0.042442081061625857,-1.0354214170985809e-05,0.0051655447615828621,-0.0014823029187342855
jensen,22,Hlth,0.11318613699222807,0.073621009200365933,0.052863718384467524,0.073441904550445858,0.0045993329859912585,-0.0015149868330523338,-0.00081417856538166231
jensen,22,Money,0.09185294313254759,0.1377836537680098,0.11139027922175521,0.039360043597477183,-0.0037739096985088113,0.0099245890460836882,-0.0033083999094628753
jensen,22,Other,0.20943869792089942,0.088967644098268003,-0.0031990322413952745,-0.0079983777915605906,0.0041932189333071107,0.00042698646681171409,0.00057818221608737239
jensen,22,Unmapped,0.00041497449594742281,0.0021060007587522852,-0.014160446902704765,-0.042805236370890003,4.6935407305294732e-20,6.0325948354297581e-05,-4.8439091283217369e-05
jensen,22,Unpriced,0,0.0040443442041080083,-0.042805236370889989,-0.042805236370889989,5.6126550686375181e-20,0,-0
jensen,23,NoDur,0.020476289673435507,0.030480303980560244,-0.10378140917522312,0.0076674390892388531,0.0010172533438298653,-0.0033969947733841349,0.0011149358725502515
jensen,23,Durbl,0.00041620491297869453,0.018873502329514659,-0.050754727480936894,0.1897617237359967,-0.0014841470318000232,-0.0045393878023293954,0.0044392836736807063
jensen,23,Manuf,0.019227212162935166,0.053971163303332195,0.12753521464838155,0.16493511854247028,-0.0019311787466686707,-0.0020185163205967927,0.0012994204335517634
jensen,23,Enrgy,0,0.028887363800229594,-0.088494760130720093,-0.088494760130720093,0.0057152700131149186,0,-0
jensen,23,Chems,0.033195148461534325,0.022996214349575217,-0.055533280912425251,-0.03419609484702324,-0.001464037093976687,-0.00049067450437675409,-0.00021761655481564713
jensen,23,BusEq,0.4024438571321507,0.36791215560686313,0.17887663397587397,0.22247351264246062,0.0039062798927324395,-0.016039821607954759,-0.0015054744015487471
jensen,23,Telcm,0,0.015558174365541518,-0.013838407172219902,-0.013838407172219902,0.0019166171221478745,0,-0
jensen,23,Utils,0,0.030129994661242832,0.030407751029927842,0.030407751029927842,0.002378588419594868,0,-0
jensen,23,Shops,0.079490458801910885,0.10001607494174573,-0.056390624199008019,0.075978216021196435,0.00068501653869918692,-0.013239011843415936,0.0027169520032350489
jensen,23,Hlth,0.13062981351731984,0.08214394133659339,0.018332259778101379,-0.037763893880582107,-0.0071330402050613128,0.004607959155347425,0.0027198709361253176
jensen,23,Money,0.10685162683834754,0.14924277446370829,-0.1990080495930209,0.018417091953157549,0.0038548331691569148,-0.032449131362516162,0.0092169012727490087
jensen,23,Other,0.20681450340298368,0.093400464952428666,0.0023411544966595766,0.10152084524939865,-0.00088815768991950498,-0.0092634292301439197,-0.011248369260545307
jensen,23,Unmapped,0.00045488509640371198,0.0019979242937016388,0.047604059405275241,0.10935195418488296,4.2827941118481951e-20,-0.00012336761906511085,9.5279421995562741e-05
jensen,23,Unpriced,0,0.0043899476149628774,0.10935195418488297,0.10935195418488297,6.0922761487875974e-20,0,-0
jensen,24,NoDur,0.0042264170562446666,0.027686054866116454,0.038613732986662784,-0.026651405162949181,0.0025264047096184533,0.0018069341956548268,-0.0015310965026011424
jensen,24,Durbl,0.00041632997183290143,0.020443820714452197,0.2937012895684894,0.35144608756385765,-0.0054155525561705121,-0.0011805242974095671,0.0011564834072866586
jensen,24,Manuf,0.0041046096584137319,0.056491849510037107,0.023748902503897915,0.081911474096421619,-4.5646643350455215e-05,-0.0032857112415216085,0.0030469765884047553
jensen,24,Enrgy,0,0.023309411272701613,0.073379069110300232,0.073379069110300232,0.00017857511665188934,0,-0
jensen,24,Chems,0.031811427796627711,0.019919048294833701,-0.027092287165455652,-0.028155994922173001,-0.0012986019095284783,2.1188046177642091e-05,1.2650016321884691e-05
jensen,24,BusEq,0.46185339745446108,0.40581415492182277,0.111738189513601,0.14048030267364989,0.0033309815371937728,-0.011663956362712641,-0.0016106862502765151
jensen,24,Telcm,0,0.013729750556365513,-0.0045495432208155478,-0.0045495432208155478,0.0011751250388088372,0,-0
jensen,24,Utils,0,0.028022786938763828,0.058594664565518095,0.058594664565518095,0.00062898485337568692,0,-0
jensen,24,Shops,0.080016816272721364,0.097029821416665121,-0.0057806094102858243,0.023948198158825561,0.00097130554729473666,-0.0028845808893612802,0.00050577635609660608
jensen,24,Hlth,0.16348584988624504,0.071121909309255951,-0.028101529353101888,0.037345819430303594,-0.0040357798842121286,-0.0046547404047046076,-0.006044975033951943
jensen,24,Money,0.063257015694433885,0.13895312615950098,-0.071800684044001792,0.044710195029277505,0.0027500357371363598,-0.01618955087882374,0.0088194203727130233
jensen,24,Other,0.19027688542358068,0.092400740121029279,-0.048401532232229087,-0.014892910008537891,-0.0093895574127650216,-0.0030962214939050359,-0.0032796947776543022
jensen,24,Unmapped,0.00055125078543896569,0.0019869145969343932,0.03233726024843378,0.081040142766889089,-1.9923837739291676e-20,-9.6768468188699729e-05,6.9920965947259579e-05
jensen,24,Unpriced,0,0.0030906113215210416,0.081040142766889076,0.081040142766889076,-0,0,-0
jensen,25,NoDur,0.0042144828431304546,0.024595079969483357,0.0058952173898841583,0.0039777843539355474,0.00046262405965552512,4.7159418855285342e-05,-3.9078430222428376e-05
jensen,25,Durbl,0.00046893129032444267,0.025426036463655783,-0.17401644016248308,0.029815478024549744,-7.8326725513638176e-05,-0.0051826377842803988,0.005087054619875647
jensen,25,Manuf,0.004571804554919871,0.055837527444670389,0.030121219520370307,0.038642572422547782,-0.00061342248624697137,-0.00047581127654105641,0.00043685331652880172
jensen,25,Enrgy,0,0.023642856752859393,0.019908969916871071,0.019908969916871071,0.00016001613475438877,0,-0
jensen,25,Chems,0.032892462777570193,0.017694721516518547,-0.061113039323565065,-0.038539516299656462,-0.0009911441064252085,-0.00039943220355478237,-0.00034306656226775509
jensen,25,BusEq,0.50673238660644659,0.43087883712544361,0.0041111475520368215,0.033198965012345726,0.00049471237025072289,-0.012533324961815076,-0.0022064142010199241
jensen,25,Telcm,0,0.012626892067611074,-0.050274812319535504,-0.050274812319535504,0.00097166253245046499,0,-0
jensen,25,Utils,0,0.02708858498453131,-0.012322174707734286,-0.012322174707734286,0.0010564331103234625,0,-0
jensen,25,Shops,0.08023452741355451,0.092381201940489183,-0.067076767284914837,0.010317458250566377,0.00019871432136765827,-0.0071497715782210544,0.00094008246784366666
jensen,25,Hlth,0.1599343073170639,0.067526484656608127,0.066870255148385543,0.12760913177921618,0.0093269163102661506,-0.0041014828208713987,-0.0056127473402970991
jensen,25,Money,0.061222672642048455,0.13520745167155115,-0.074153431453650831,0.017401555443432949,0.00068624349646993646,-0.012378916466176953,0.0067736754746297589
jensen,25,Other,0.1491523212574232,0.083928076708726596,-0.039009160417704566,-0.017502030617785332,-0.0028815454666556292,-0.0018050520396321612,-0.0014027862936104923
jensen,25,Unmapped,0.00057610329751840304,0.001572131034919579,-0.0048939772015543946,0.026677024066462628,-0,-4.963375089693494e-05,3.1445592960472649e-05
jensen,25,Unpriced,0,0.0015941176629318565,0.026677024066462635,0.026677024066462635,-1.1061413333428697e-20,0,-0
jensen,26,NoDur,0.003863345334730801,0.02372863687143674,0.042121872783829513,0.058456737411784289,-0.0020265689652180533,-0.0003876040711008155,0.00032449684804694719
jensen,26,Durbl,0.0004889099759719525,0.025525154628343105,-0.056397344869214439,-0.15408854460839444,0.0027672490049007489,0.0024935829791709213,-0.0024458207770537673
jensen,26,Manuf,0.0053167497472364281,0.057611714826577294,-0.00068192734531761785,0.083981630020744977,-0.0066697238432319181,-0.0048776127231771656,0.0044274777759510161
jensen,26,Enrgy,0,0.023087495736456107,0.40089647121944166,0.40089647121944166,-0.010261359845567732,0,-0
jensen,26,Chems,0.03484529799162675,0.015949952323634574,0.022251274511166961,0.098160320023018333,0.002677832305867784,-0.0012107456568466364,-0.0014343276542737819
jensen,26,BusEq,0.54608175133439052,0.43436052928826185,-0.11207471538746054,-0.095760035849997496,-0.00583198263750399,-0.0070864528390608235,-0.0018226959352163406
jensen,26,Telcm,0,0.011514955299653063,0.11070111039646616,0.11070111039646616,-0.0017762963050346329,0,-0
jensen,26,Utils,0,0.025967130140034947,0.10776634369555202,0.10776634369555202,-0.0039294804491438714,0,-0
jensen,26,Shops,0.11118930701599379,0.091691631520018788,-0.050163579380172879,-0.021330884336703645,0.00043339324920566285,-0.0026437168496548529,-0.00056217053163196997
jensen,26,Hlth,0.12325551244658214,0.073805798066454459,-0.12302764796064143,-0.025044832113913815,0.00091551185099642907,-0.0072316999203661725,-0.0048452222577813299
jensen,26,Money,0.032957598455247525,0.1335532829759549,-0.062186161491373147,-0.069099631401576544,0.00256929451514694,0.00092331660326314385,-0.00069546523803022404
jensen,26,Other,0.14123927772552886,0.08059671798083734,-0.11990374341784518,-0.074504653856737019,-0.0018766340413754498,-0.0036590176179434109,-0.0027531170010641026
jensen,26,Unmapped,0.00076224997269127605,0.001039704994631026,-0.10009748547451755,-0.043558828857327661,-1.9252309603461772e-21,-5.8783523674620834e-05,1.5686934212166409e-05
jensen,26,Unpriced,0,0.0015672953477058238,-0.043558828857327668,-0.043558828857327668,-0,0,-0
jensen,27,NoDur,0.0049407985353656448,0.025901998748956233,0.00096333915491062666,0.037579912640772456,0.0024039318484325653,-0.00094844244062185711,0.00076752732797280251
jensen,27,Durbl,0.00057519486520950052,0.022531170583420673,0.1630558385908194,0.12100878195642295,0.00068625528702264847,0.00094736940556033639,-0.00092318415448705852
jensen,27,Manuf,0.0056828049954623415,0.064949547193324991,0.041990844808220157,0.24505311182856807,-0.0054992638881198987,-0.013188802295021647,0.012034839029608505
jensen,27,Enrgy,0,0.033357829714789324,-0.15659754732785924,-0.15659754732785924,0.010302975937218496,0,-0
jensen,27,Chems,0.035624911841601235,0.01816190129443452,0.026518819179264793,0.013239601151692537,-0.0024277976498925566,0.00024117584708404277,0.0002318951244736207
jensen,27,BusEq,0.52741352896887861,0.41486684628322174,0.19918799217677244,0.27167258464634619,0.013438955616617398,-0.030071454281976627,-0.008157900428272271
jensen,27,Telcm,0,0.013267217094787054,-0.17903146468713133,-0.17903146468713133,0.0043953788099500681,0,-0
jensen,27,Utils,0,0.029974826696510613,-0.0030649193660444497,-0.0030649193660444497,0.0046559799359219339,0,-0
jensen,27,Shops,0.12168608851328594,0.093663864906610578,0.051817004205838367,0.051171762743678822,-0.0028328503087794816,6.0435809143855461e-05,1.8081100532932916e-05
jensen,27,Hlth,0.12114647458362039,0.074533101072784144,0.065836918210602821,0.051390488024854908,-0.0047020896757230682,0.0010767372411752691,0.0006733968461464869
jensen,27,Money,0.041636351461199719,0.12879671945803073,-0.026285791565787035,0.11693071737336432,0.0030797273326335171,-0.018445816523594429,0.012482803622357871
jensen,27,Other,0.14072406514469182,0.07744911002076213,-0.051120840124583088,0.042868029368198182,-0.0069220726221374219,-0.0072793542940734696,-0.0059471414993046189
jensen,27,Unmapped,0.0005697810906847569,0.00083350913656530785,0.11239332860630345,0.15226475052872562,-7.3199237193996833e-21,-3.3233194460189188e-05,1.0515212190079359e-05
jensen,27,Unpriced,0,0.0017123577958018956,0.1522647505287256,0.1522647505287256,-0,0,-0
jensen,28,NoDur,0.019573678746352494,0.022941228121974633,0.096595989275750652,-0.0026155755220394908,8.5414599261604944e-05,0.0022760351403641717,-0.0003340998430892935
jensen,28,Durbl,0.00066448066565287999,0.021894668545817338,-0.13537546581200632,-0.14318750779658165,0.0035228515030522279,0.00017104206991828592,-0.00016585111906026708
jensen,28,Manuf,0.0066198338175002753,0.069898951171809026,0.0082418406101686641,-0.14166467486676659,0.010403917253005549,0.010478308205658331,-0.0094859519850404861
jensen,28,Enrgy,0,0.024420017531265145,0.2206147318683368,0.2206147318683368,-0.004831898137686157,0,-0
jensen,28,Chems,0.039499103742467526,0.015820831869922884,-0.011992423904755238,-0.032376724612740847,-0.0013052688078798776,0.00032249659428699036,0.00048266501409538747
jensen,28,BusEq,0.50000081877167224,0.4624932834218371,0.063694427338655366,0.073287264703558772,0.0018955864798129956,-0.0044366228502258596,-0.00035980368656933389
jensen,28,Telcm,0,0.0092765709129566647,0.075933103577088254,0.075933103577088254,-0.000493371235314483,0,-0
jensen,28,Utils,0,0.025924324079096381,-0.1110747390506992,-0.1110747390506992,0.0034692756525914049,0,-0
jensen,28,Shops,0.15110412230291348,0.085467196815793622,-0.029535267943819516,-0.020240116755700827,-0.0028216371765795323,-0.00079443051602749791,-0.00061010514592605997
jensen,28,Hlth,0.12709694052409773,0.067509379963874419,-0.038181931023402109,0.063321157846400022,0.0024176288459978089,-0.0068524105940183854,-0.0060483214550790636
jensen,28,Money,0.042834867291132256,0.12345621079407874,0.018356315626048912,-0.024482983894685426,0.0038078614395354302,0.0052887775919024556,-0.003453761882086734
jensen,28,Other,0.11209872709115921,0.069774110411275139,0.015080675125481287,-0.0042579135802037838,-0.0011430338727260012,0.0013493328235487084,0.00081849835409805608
jensen,28,Unmapped,0.00050742704705188731,0,0.026403425207520415,0.02274844731306,0,0,1.8546346400259733e-06
jensen,28,Unpriced,0,0.00112322636029891,0.02274844731306,0.02274844731306,-0,0,-0
polen,1,NoDur,2.3214266714513849e-05,0.037307351685860149,0.068586212397191426,0.05003674151719039,0.0021632294088234335,0.00069203163370682038,-0.00069160102134239901
polen,1,Durbl,7.9039050956559054e-05,0.0033807923762309549,0.11776988783233566,0.54715259018233575,-0.001449785845846897,-0.0014516537665903255,0.0014177157652994188
polen,1,Manuf,0.045681024828809751,0.05852653255616487,0.081498965471059448,0.030040345424174771,0.0010021615128471978,0.0030116946014693141,-0.00066101210145128812
polen,1,Enrgy,0,0.00022801361469401566,0.035338032862753055,0.035338032862753055,1.6580878584806735e-05,0,-0
polen,1,Chems,0.00088264879573458118,0.012931926891114002,-0.04155111902398223,0.0082478180945638087,0.001202626688486564,-0.00064399621407222076,0.00060004124219567394
polen,1,BusEq,0.42080317033187237,0.38984127166109628,0.11698985364491428,0.14448802247538758,0.0011279785105714089,-0.010719921105223233,-0.00085139551696100787
polen,1,Telcm,0,0.014512615957582927,0.077687136717984148,0.077687136717984148,0.00044074387314219424,0,-0
polen,1,Utils,0,0.0013093105411724772,0.0068751870754578366,0.0068751870754578366,0.0001324782076943142,0,-0
polen,1,Shops,0.11722670394214636,0.12707956494880726,0.02867633888906326,0.043882962330457201,0.00063229631911298318,-0.0019324510912726764,0.00014982874714868593
polen,1,Hlth,0.10644621035616995,0.096122572941677586,0.22472587787561776,0.13708350729951824,0.00029966076531520106,0.0084244101584826647,0.00090478805597422603
polen,1,Money,8.2171134560898228e-05,0.066672317497635664,0.031183203194475817,0.13144787911617695,-0.0015576125684515639,-0.0066848783068492032,0.006676639444672337
polen,1,Other,0.30859894668949583,0.14687645518270462,0.092990181372579875,0.085791901990900907,-0.0036007416120758017,0.0010572577589957578,0.0011641236761670871
polen,1,Unmapped,0.0001351401955166342,0.014843873637441263,0.10892823447299119,0.10805684225076941,4.0824936325746876e-19,1.2934836035309258e-05,-1.2817075920026531e-05
polen,1,Unpriced,4.1730408022518945e-05,0.030367400507817967,0.1089282344729912,0.10805684225076941,8.417064295494894e-19,2.6461916611606769e-05,-2.6425553058625805e-05
polen,2,NoDur,2.4337815495178257e-05,0.03548570338203913,-0.41956385086171799,-0.19524169927876583,0.0020418221552353927,-0.00796022933309346,0.0079547698219567531
polen,2,Durbl,8.7348341049037825e-05,0.0047575016768533077,-0.39629150231080623,0.13494076365785743,-0.0012731010006966689,-0.0025273383961444996,0.0024809361390004158
polen,2,Manuf,0.043455327092954667,0.053902436472691315,-0.18114512084658818,-0.27992418042857176,0.0014862189524257659,0.0053244319839500596,-0.0010319556398805058
polen,2,Enrgy,0,0.00019302389912767288,-0.71613786957880765,-0.71613786957880765,0.00011165949039352678,0,-0
polen,2,Chems,0.00084855487131813251,0.011825266344618248,-0.10872555603600165,-0.17237882584869776,0.0003810664864790806,0.00075271686924098004,-0.00069870357706608942
polen,2,BusEq,0.40720359169447234,0.40607640051713778,-0.090714996623649527,-0.10973522992379969,3.1479845400909184e-05,0.0077236678755211799,2.1439439166774333e-05
polen,2,Telcm,0,0.014059948895159515,-0.18864735829484661,-0.18864735829484661,0.00071683860256580923,0,-0
polen,2,Utils,0,0.0011673057030432573,-0.59229699999363961,-0.59229699999363961,0.00053069695484695724,0,-0
polen,2,Shops,0.10614418391386177,0.12087759240873566,-0.19174329924266492,-0.09828004562632571,-0.00058024396988515714,-0.011297613075830141,0.0013770322947895255
polen,2,Hlth,0.14456363104139505,0.10188012198921742,-0.092661482677302093,-0.11697367092306551,0.00088308973297863806,0.0024769287043031954,0.0010377295070662896
polen,2,Money,8.384338056510439e-05,0.068095286945361266,-0.4296026206666661,-0.15811489365943793,0.0013909682798604541,-0.01848703467270111,0.018464272223886885
polen,2,Other,0.29747619610025494,0.14392780935144131,-0.18027314659362337,-0.18374271038026141,-0.0070754775367732311,0.00049936671521590484,0.00053274592216037632
polen,2,Unmapped,0.00011298574863376443,0.012891175361873015,-0.13237414124421731,-0.13766291959517263,-0,6.8178569172242551e-05,-6.7581012590901821e-05
polen,2,Unpriced,0,0.024860427052701077,-0.13766291959517263,-0.13766291959517263,-0,0,-0
polen,3,NoDur,4.1344109583668721e-05,0.03331476099950726,1.1890368104597746,0.12874985096257441,0.0049834310815185436,0.03532320664654346,-0.035279370026299876
polen,3,Durbl,0.00014897762047252715,0.0064249585257950149,0.73840286415726097,0.98975107832770293,-0.0044636601284571004,-0.0016149018515777323,0.0015774565927206008
polen,3,Manuf,0.031520306638805451,0.043869588445098036,0.18809742579649358,0.18133416852910836,0.0012001998922898506,0.00029670131286850797,-8.3521369923396401e-05
polen,3,Enrgy,0,6.6977970926184754e-05,0.61096374473118753,0.61096374473118753,-2.2266273657994269e-05,0,-0
polen,3,Chems,0.0008219365164451076,0.011447362499019448,0.094636040674555444,0.22203565682243118,0.0006001914354981224,-0.0014583895882806651,0.0013536751915876363
polen,3,BusEq,0.49080828905580204,0.41928674915221442,0.30954093223951895,0.32414628308039356,0.0032631191374642029,-0.0061238300742978763,-0.0010445971829715103
polen,3,Telcm,0,0.013376259711813266,0.24978330718860975,0.24978330718860975,0.00038441618991722751,0,-0
polen,3,Utils,0,0.00056712196260948384,0.49302830894389565,0.49302830894389565,-0.00012165124014592267,0,-0
polen,3,Shops,0.056858996456553852,0.12847415008634494,0.21142320284728394,0.33640779465775256,-0.0041455002321570461,-0.016057289206738705,0.0089507907438634397
polen,3,Hlth,0.16803608364646544,0.10524191861276921,0.24416080377548685,0.16737875930589946,-0.0069791468628276742,0.0080806896749903434,0.0048214643720478735
polen,3,Money,8.8458173600315356e-05,0.067715992047804707,0.33145436621933522,0.1672492774115466,0.0075250996699832273,0.01111931048791728,-0.011104785205665465
polen,3,Other,0.25149864805195493,0.13772565419198374,0.30609841957858025,0.26571463686090491,-0.0014571318019245046,0.0055618828935387636,0.0045945838631804873
polen,3,Unmapped,0.00017695973031666811,0.010131021964354637,0.28820388928491436,0.27852199783901105,-0,9.8087454894943733e-05,-9.6374149995721433e-05
polen,3,Unpriced,0,0.022357483829759682,0.27852199783901105,0.27852199783901105,-0,0,-0
polen,4,NoDur,8.8705850252072713e-05,0.027641800524694397,0.060613156572300264,0.098565905839217538,0.00096813995010498028,-0.0010490823245998687,0.0010457156937067431
polen,4,Durbl,0.00029365112131146112,0.011469901098048543,-0.045284565893309855,0.94425584461520451,-0.0090589394795194678,-0.011349930641055014,0.011059350989926185
polen,4,Manuf,0.020897617369929268,0.026554989389281049,0.28320344663408514,0.152849663455739,-0.00010831892174404848,0.0034615433291536246,-0.00073745984556982443
polen,4,Enrgy,0,0,0.1337031549048554,0.1337031549048554,0,0,0
polen,4,Chems,0.00081739343102804304,0.016480368163740652,0.10454043272244194,0.14393002052657802,-0.00016018313782788861,-0.00064915490883015131,0.0006169581185081482
polen,4,BusEq,0.50632489335199371,0.45278892516711289,0.093890040810082911,0.15319642945783718,0.0010435913262875794,-0.026853275971359721,-0.0031750249358063498
polen,4,Telcm,0,0.0094019827377707071,0.16207387080454,0.16207387080454,-0.00026674098114703152,0,-0
polen,4,Utils,0,0.0009509211672512714,-0.043417498406714938,-0.043417498406714938,0.00016842777839134624,0,-0
polen,4,Shops,0.060864242209344471,0.14276988460833398,0.13615898451057515,0.14304176405325275,-0.00076488478141256515,-0.00098265364109268306,0.00056373847993363227
polen,4,Hlth,0.15961111113461823,0.10411545951576011,0.13311853668870807,0.039480223570781299,-0.0052289629718233676,0.0097491959985535736,0.0051965192029700177
polen,4,Money,0.00027708866613662783,0.053387451945364831,0.023161153504857594,0.034708840433206628,0.005257624004167424,-0.00061650158096735169,0.00061330184779941207
polen,4,Other,0.25055440400821088,0.12318125765884483,0.089020309347942903,0.099887244401259484,-0.0043072389175115881,-0.0013386027267645224,-0.001384155708915149
polen,4,Unmapped,0.00027089285717523943,0.01037953163174625,0.10540848532452604,0.13370315490485543,-2.805710878786841e-19,-0.0002936854179188373,0.00028602059403339257
polen,4,Unpriced,0,0.020877526392050483,0.13370315490485543,0.13370315490485543,-5.7946776244184547e-19,0,-0
polen,5,NoDur,9.882561734383968e-05,0.026761284146784109,0.51081204063915209,0.09414560707453519,0.0005023093836421617,0.011150528823049857,-0.011109351505526378
polen,5,Durbl,0.00029602217395442964,0.01968654967819736,0.29409832995346147,0.63310744624347792,-0.010085445071487939,-0.0066739198092051954,0.0065735655936106537
polen,5,Manuf,0.024085742014963669,0.026986989897163707,0.12955736788191627,0.14180088380530209,-8.3601494002173262e-05,-0.00033041564053017618,3.552147464340556e-05
polen,5,Enrgy,0,0,0.11298518194297875,0.11298518194297875,0,0,0
polen,5,Chems,0.0020518284330581882,0.016578468354644521,0.12973434405463005,0.0431522689020397,0.001014437582421172,0.0014353981929966727,-0.001257746629405407
polen,5,BusEq,0.46288424075353957,0.46030194632072491,0.087972804348404848,0.1219745615260668,2.3213224851866001e-05,-0.015651075007202472,-8.7802548265792288e-05
polen,5,Telcm,0,0.0096966811958166688,0.22656025605329064,0.22656025605329064,-0.0011013012854389458,0,-0
polen,5,Utils,0,0.00080406943363910957,0.28488257037486958,0.28488257037486958,-0.00013821743576047249,0,-0
polen,5,Shops,0.062481567150161531,0.14423763536237058,0.12615024909154654,0.050214484789873629,0.0051318853981771788,0.010952795082307615,-0.006208209525993799
polen,5,Hlth,0.17765639180690432,0.095575235730624819,0.079719874677426777,0.076707895132419379,-0.0029776816407214796,0.00028787065502990219,0.00024722676313231355
polen,5,Money,0.030806392163960337,0.048629969684651025,0.12504345845709772,0.061356179944052347,0.0009202135194437594,0.0030971104233873232,-0.0011351351456590825
polen,5,Other,0.23933577310023396,0.11964195708223326,0.13478671183685587,0.11548688319509627,0.00029943816940295598,0.0023090692700518576,0.0023100701386257133
polen,5,Unmapped,0.00030321678588013812,0.010594423066055847,0.10243273321896859,0.11298518194297874,1.4281917704272603e-19,-0.00011179710616502472,0.0001085974265797654
polen,5,Unpriced,0,0.020504790047094233,0.11298518194297874,0.11298518194297874,2.8456112531735957e-19,0,-0
polen,6,NoDur,0.00016779895723937954,0.026417648589315449,0.054622430218953751,-0.018010590278688645,0.00077292263197387687,0.0019187936114872625,-0.0019066058663866118
polen,6,Durbl,0.00041189973884515657,0.029624193774520788,0.097004022201529511,-0.049669533537884697,0.0017849816938690585,0.0043450858368223825,-0.0042846710375178268
polen,6,Manuf,0.024198017639569143,0.027717194586094642,-0.05599144445631412,0.057509065017819889,-0.0001621454265288096,-0.0031459157067154509,0.00039942837636027141
polen,6,Enrgy,0,0,0.011434250084488218,0.011434250084488218,0,0,0
polen,6,Chems,0.0021758798873595482,0.015474038267899405,0.030503759169725041,0.010885364991866967,7.2991608943946929e-06,0.00030357578226291069,-0.00026088851294901765
polen,6,BusEq,0.4637059126943559,0.4644183793536017,0.030720003136471524,0.013908489848658346,-1.7628133389513868e-06,0.007807575755607735,-1.197764270903449e-05
polen,6,Telcm,7.9694049201200758e-06,0.010559541629829626,0.064968783180612277,-0.080405822290300064,0.00096905715680349483,0.0015350891983901568,-0.0015339306492940564
polen,6,Utils,0,0.00091768315361289029,0.16448067293331045,0.16448067293331045,-0.00014044812396907908,0,-0
polen,6,Shops,0.063360649262539606,0.13573619843876475,-0.00025770900203221062,0.00080094316062026029,0.00076959142817430073,-0.00014369742002742325,7.6620531658571004e-05
polen,6,Hlth,0.17191281982174555,0.092320225154005259,0.0072682351838667895,0.0059587538848091754,-0.00043580894962580647,0.00012089160836395823,0.00010422501426087869
polen,6,Money,0.030823009507523307,0.046345182683939952,0.062886831384859329,0.063851039299120366,-0.00081362247954124846,-4.4686391931728451e-05,1.4966602223231302e-05
polen,6,Other,0.24294370765527559,0.11992929019998286,0.018634656529735016,0.015763961198937245,0.00053261689049365329,0.00034428045340298164,0.00035313691380971663
polen,6,Unmapped,0.0002923354306266787,0.011139204326162494,0.020710939615840945,0.011434250084488213,5.6448954341785809e-20,0.00010333494016011068,-0.00010062303513117269
polen,6,Unpriced,0,0.019401219842270098,0.011434250084488215,0.011434250084488215,6.7311503045945972e-20,0,-0
polen,7,NoDur,0.00021283625836150471,0.025611833394168785,0.27156904665531711,0.045843700395111549,0.0019063582443456465,0.0057812399612574448,-0.005733197423142068
polen,7,Durbl,0.00053095554916205139,0.028263682502902392,0.17441284906655274,0.017897093418506784,0.0028565553114323688,0.0044237116243382229,-0.0043406087153456006
polen,7,Manuf,0.022632795080198519,0.029096705776073959,0.16348022231098336,0.10254332470731656,0.0001186568019362369,0.0017730629804806391,-0.00039389066419380834
polen,7,Enrgy,0,0,0.12090013802343348,0.12090013802343348,0,0,0
polen,7,Chems,0.0017069832050636553,0.015544942088861896,0.08095904133272884,0.005800864253506695,0.0015927390179832843,0.0011683295102009358,-0.0010400357642035033
polen,7,BusEq,0.46588413921455801,0.46534303838759405,0.17004048319133896,0.15702600144749379,1.9547734573546048e-05,0.006056198477720787,7.0421468341019626e-06
polen,7,Telcm,2.542167158167302e-05,0.0094259562760892028,-0.24450956038099128,0.17278379513228528,-0.00048773411406016445,-0.0039333889233706919,0.0039227806287336188
polen,7,Utils,0,0.0010707540900339652,0.18419507175253444,0.18419507175253444,-6.7773309168863636e-05,0,-0
polen,7,Shops,0.08023908958498166,0.13436507486128174,0.077795299082439914,0.088965716204905662,0.0017284820451567927,-0.0015009139328918536,0.00060460983270071143
polen,7,Hlth,0.1356527817737179,0.092355409038092987,0.094586341214219744,0.11327136281685882,-0.00033030592363535714,-0.0017256628129973355,-0.00080901234490266742
polen,7,Money,0.033254895526145439,0.048624123733812114,0.078168600008776221,0.10418350433159626,0.0002569217580738157,-0.0012649519267160852,0.00039982900133803546
polen,7,Other,0.25920572448392432,0.12076308397725628,0.10988827885828406,0.084443868995391358,-0.0050471021472636123,0.0030727454050242394,0.0035225912875527731
polen,7,Unmapped,0.00065437765230525781,0.010990804301859508,0.13344517098043956,0.12090013802343348,-0,0.00013788000219083175,-0.00012967081297633404
polen,7,Unpriced,0,0.018544591571973103,0.12090013802343348,0.12090013802343348,-0,0,-0
polen,8,NoDur,0.00024531309323494666,0.027934318616446331,-0.066761024545761494,-0.032168896009338532,0.0012409643406357126,-0.00096630754015750435,0.00095782163810465351
polen,8,Durbl,0.00056649897924092047,0.025963527584783624,-0.052910271911061263,0.13707767263476023,-0.0031601173012039303,-0.004932757238991778,0.0048251292623384895
polen,8,Manuf,0.024281189549041765,0.044468351534198938,-0.054867134449865539,-0.063035967612489752,0.0015278657002180424,0.00036325454469979561,-0.00016490555828361876
polen,8,Enrgy,0,0.00086121139062557363,-0.013902693760179271,-0.013902693760179271,2.2866663733168901e-05,0,-0
polen,8,Chems,0.0015845770413525106,0.010712893962319271,-0.05890585657923271,-0.061460867089295365,0.00067649880557679135,2.7371556666912499e-05,-2.3322945672252848e-05
polen,8,BusEq,0.48331357742669134,0.47823400833141505,0.027766223269333267,0.029078249761823959,8.3453257930493209e-05,-0.00062745568854083065,-6.6645292234394696e-06
polen,8,Telcm,1.6469106961908986e-05,0.0090656507150291363,-0.53165372810474909,-0.13155002636415125,0.0013048836251737777,-0.0036272004097704551,0.0036206110591106332
polen,8,Utils,0,0.0012243418154514994,0.09841240909348653,0.09841240909348653,-0.00010500366738883264,0,-0
polen,8,Shops,0.078466102613796648,0.14230249973250877,-0.030542933410725857,-0.0091160152348698231,0.0013894033154729143,-0.0030491040179882406,0.0013678172577040967
polen,8,Hlth,0.13203053249869942,0.068698700427940074,0.047130478564796768,0.054015422268826191,0.0026198081738264163,-0.00047298668498634944,-0.00043603609848022321
polen,8,Money,0.033339657981076687,0.03294314553860947,0.0040310690973840244,0.022213279319893871,3.7923361277984535e-06,-0.00059897919757373474,-7.209472584779786e-06
polen,8,Other,0.24555829142743535,0.132812659350145,0.020979029924646897,-0.021313655643914058,-0.0038291466580518338,0.0056170040414200801,0.0047683155666735011
polen,8,Unmapped,0.00059779028246854764,0.010782351989021119,0.021063743855011832,0.012649049495978587,-1.7667398284891159e-20,9.0730196459126901e-05,-8.5699973941353924e-05
polen,8,Unpriced,0,0.013996339011506079,0.012649049495978589,0.012649049495978589,-4.8559555721979227e-20,0,-0
polen,9,NoDur,0.00024036824900227358,0.026550955805926056,-0.033376129406778809,0.08410662603941628,0.00091747599823238418,-0.0031192794478103443,0.0030910403235957801
polen,9,Durbl,0.00055700542782997464,0.029976521343672638,0.14645425594831421,0.35166844430277971,-0.0068456517909708534,-0.0061516074972320922,0.006037302080450932
polen,9,Manuf,0.022685547202961787,0.041094554415408324,0.14426518764881763,0.098522585934515169,0.00037655663065629179,0.0018797718352507524,-0.00084207588487466331
polen,9,Enrgy,0,0.00084608059751729544,0.10862433610644884,0.10862433610644884,8.7597016390886385e-06,0,-0
polen,9,Chems,0.00054694879319466794,0.0098920476535809057,0.00770159838500692,0.16701132809958016,-0.00044887987213975089,-0.0015758994380156526,0.0014887651736040979
polen,9,BusEq,0.44352252713685592,0.4896235788709391,0.033011207431644152,0.1531006540129024,-0.0015731083548373651,-0.05879862461974613,0.0055362497895600059
polen,9,Telcm,9.3225737130214513e-06,0.0076678577032825435,-0.055172414269022196,-0.11438386868034237,0.0017872070595238035,0.00045402500683040451,-0.00045347300368199977
polen,9,Utils,0,0.0013125961776516545,0.046464972995784143,0.046464972995784143,9.5179806248990576e-05,0,-0
polen,9,Shops,0.096768920741423556,0.139384091951718,0.028321055337447217,0.094277520115771798,0.0010525984322468504,-0.0091932819514722423,0.0028107460389540568
polen,9,Hlth,0.12480857985087186,0.071380408358081876,0.1537575645703583,0.067762586688963761,-0.0027363248891455264,0.0061383566379181612,0.0045945544257658295
polen,9,Money,0.033585599486450977,0.033581201162693322,0.247594035561995,0.10334736949745456,-6.8746845024332431e-08,0.0048439763101611813,6.344435383142401e-07
polen,9,Other,0.27648006409819975,0.12887938895332354,0.024054472003286635,0.019080626933825659,-0.014744861705355768,0.00064102611330063173,0.00073414289031845375
polen,9,Unmapped,0.00079511643949622133,0.0096334602544058592,0.054931914730834419,0.11897760701798228,-1.2265666003582529e-19,-0.00061698163111414679,0.0005660578482977192
polen,9,Unpriced,0,0.010177256751798822,0.11897760701798227,0.11897760701798227,-0,0,-0
polen,10,NoDur,0.00031829856792016739,0.025703329106399695,-0.27586625357590444,-0.011848319353764626,-0.0020132515840412205,-0.0067861398533034462,0.0067021033229352983
polen,10,Durbl,0.00073073113629548378,0.037088737630885861,-0.3512596784664116,0.01032825151745133,-0.0036897990044746512,-0.013410839865666619,0.013146616306718777
polen,10,Manuf,0.024233239595757291,0.040401016134126555,-0.18926057376472918,-0.065952863577384446,-0.00040749376525485469,-0.0049817567887411162,0.0019936115037669888
polen,10,Enrgy,0,0.00083257977305747325,0.43192097559549153,0.43192097559549153,-0.00043550408658288265,0,-0
polen,10,Chems,0.00047098915752354071,0.010343106614837137,-0.14474469029470893,-0.20101673045721311,0.0010845488225192915,0.00058202771083517798,-0.00055552419004690926
polen,10,BusEq,0.4196668771747491,0.50555666916089503,-0.1533363171065702,-0.10026887649997805,0.00078262291601171132,-0.02682859851396235,0.0045579514349373537
polen,10,Telcm,1.358929449825402e-05,0.0060221452948775378,-0.28905118882683833,-0.26101164407073763,0.0010205815422920914,-0.00016885821252346001,0.00016847717489217238
polen,10,Utils,0,0.0012311600065129729,0.31077196450148481,0.31077196450148481,-0.00049483878429203002,0,-0
polen,10,Shops,0.10950747357444941,0.13670453053068865,-0.070428303627705621,-0.10461880148975929,0.00036612319905318137,0.0046739959588425603,-0.00092988091771644939
polen,10,Hlth,0.13609586052955985,0.068418688414238996,-0.20013153745116299,-0.056815955311882993,0.002324100270049599,-0.0098054641592926744,-0.0096991933192474566
polen,10,Money,0.039144995857364882,0.033037385365143557,0.017961632453560784,-0.050535974599318328,0.00024809699285497923,0.0022629818407961422,0.00041835670352821788
polen,10,Other,0.26900584618504325,0.11776477543686106,-0.12701342616084052,-0.11524356824576532,-0.003642888477484639,-0.0013860746742925933,-0.0017800859136299411
polen,10,Unmapped,0.00081209892683879953,0.0079518167627001396,-0.13787887243109317,-0.091156933183850944,9.908348913375193e-20,-0.00037152429969207831,0.0003335814629695653
polen,10,Unpriced,0,0.0089440597687752942,-0.091156933183850944,-0.091156933183850944,1.2412376361147357e-19,0,-0
polen,11,NoDur,0.00035307791336576207,0.027838595823768075,-0.27859285115042254,-0.045624151932835144,-0.004620142530936666,-0.0064855214571074094,0.0064032653549081281
polen,11,Durbl,0.00049183729902659327,0.042546926124830471,-0.17607371544742736,-0.37193456318012252,0.0066538176479105588,0.0083332770192296509,-0.0082369453488957429
polen,11,Manuf,0.022970643008494041,0.041385953139181947,-0.23966317646959637,-0.18441052620175161,-0.00053970357884283943,-0.0022866835948006322,0.0010174946902247975
polen,11,Enrgy,0,0.0013090619852113086,-0.05776652796099508,-0.05776652796099508,-0.00020414995589697167,0,-0
polen,11,Chems,0.00048389089829999152,0.0090664067891507178,0.016189096860226515,-0.06608975071843097,-0.0012670205648775399,0.00074597350229063729,-0.00070615951682471262
polen,11,BusEq,0.41515912023152257,0.50291862691519995,-0.22542265190009006,-0.2267368571942,0.0011425410674857338,0.00066093832199845938,-0.00011533400829216579
polen,11,Telcm,1.8118574629696262e-05,0.0048609012007178364,0.030800889914209817,-0.21822575994413379,2.1830795874991964e-05,0.0012104939413071626,-0.0012059819333669209
polen,11,Utils,0,0.0017595066607458409,-0.030778507303104507,-0.030778507303104507,-0.00032188300364401984,0,-0
polen,11,Shops,0.094242653049776859,0.1341207101778136,-0.34572919283067299,-0.23665591234139899,0.00091472509627293084,-0.01462898584064529,0.004349630510493644
polen,11,Hlth,0.11621743828072532,0.070816312781204246,-0.18302725685578836,-0.12203265686767012,0.0041626112606217638,-0.0043194126707230178,-0.0027692234888536428
polen,11,Money,0.044846342284436354,0.035207959934388786,-0.02141298487551772,-0.14257200872248665,0.00068573088470075163,0.0042657620572937377,0.0011677769969956177
polen,11,Other,0.30432740873514835,0.11413297958499347,-0.26113774970542691,-0.21702179792394366,-0.00062839122933771164,-0.0050350850240485842,-0.0083906082654949653
polen,11,Unmapped,0.00088946972457443164,0.0064472066024409058,-0.23376104730106306,-0.21371785662479234,1.5425818616539229e-19,-0.0001292225912620346,0.00011139477997161927
polen,11,Unpriced,0,0.0075888522803529649,-0.21371785662479234,-0.21371785662479234,2.1063296330317463e-19,0,-0
polen,12,NoDur,0.00029591509644606446,0.030185085555712612,-0.34088282514343027,-0.04164811266535607,0.00017671206993691239,-0.0090324253973897341,0.0089438773285867752
polen,12,Durbl,0.00045995154311089296,0.033432767866084172,-0.10894603059894363,0.17097865770441217,-0.006815960107930355,-0.0093586571240320618,0.0092299053316920992
polen,12,Manuf,0.02255737440723583,0.044548148758554285,-0.18312688625296783,-0.056341269234094368,0.00045312871522630382,-0.0056480645274018674,0.0027881138948547273
polen,12,Enrgy,0,0.0086618778004952449,0.018138500446310424,0.018138500446310424,-0.00046665320146927608,0,-0
polen,12,Chems,0.00060864835103239861,0.022174195821797808,-0.034837498400848599,-0.086129253875950912,0.0010867609418548859,0.0011373534299486884,-0.0011061347875572106
polen,12,BusEq,0.43372329546449123,0.45725712846484451,-0.12236475384955454,-0.061372760982731034,0.00060333434340899056,-0.027889023517631999,0.0014353753744865629
polen,12,Telcm,2.9147953825522408e-05,0.005675153693989912,-0.19123497439202164,-0.25985752151091407,0.0012653921386923883,0.00038944350177277915,-0.00038744329493796799
polen,12,Utils,0,0.0024692218166576809,0.11114201483794092,0.11114201483794092,-0.00036267407422971716,0,-0
polen,12,Shops,0.10782583221038465,0.1211155594825965,0.065187127149134161,0.033611964695883623,-0.00092161379174537786,0.0038242434662793131,-0.00041962529757948332
polen,12,Hlth,0.10398234183162521,0.073970395304290198,-0.10729503501867932,-0.047025829521833304,-0.00033883370274946498,-0.0044581369552771999,-0.0018087961726163076
polen,12,Money,0.047019557036116724,0.072991346313297914,-0.01423600977744768,-0.029004929791437983,-0.00017481452500729097,0.0010780033554145629,-0.00038357527845490002
polen,12,Other,0.28273702665894562,0.10918643539712601,0.01638933140261678,-0.041114207516703943,-0.00093341389476575174,0.006278606437320533,0.0099797731790951666
polen,12,Unmapped,0.00076090944678582951,0.006972502687044,-0.057588318502152888,-0.035735868624400223,4.3101586468378768e-20,-0.0001523662654911248,0.00013573852994372895
polen,12,Unpriced,0,0.011360181037509158,-0.035735868624400216,-0.035735868624400216,-0,0,-0
polen,13,NoDur,0.00022491587852044117,0.029901774106411604,0.44845724790462516,0.12705625383809152,-0.0031618035237507137,0.009610459922153626,-0.0095381717352158082
polen,13,Durbl,0.00047459211029269677,0.040460693033402891,0.15307178965326954,-0.53089935579522762,0.02204891838361818,0.027673946559696603,-0.027349339250398889
polen,13,Manuf,0.019904439041172686,0.043521494535385959,0.40751294763917245,0.2523058383661122,-0.0054742121891191179,0.0067548453580805433,-0.0036655349127982873
polen,13,Enrgy,0,0.0090084898164730174,0.13491229024941542,0.13491229024941542,-0.0010305449538057564,0,-0
polen,13,Chems,0.00064460946802857204,0.020928459747516021,0.15855742528135575,0.13121870057229734,-0.0022454930762455384,0.00057215739962195044,-0.00055453459883066472
polen,13,BusEq,0.43104226214172514,0.44661807817721449,0.0049999411614724812,0.005748570286723099,0.00023000242673112595,-0.00033435130118692011,1.166050953371294e-05
polen,13,Telcm,2.4564287106155281e-05,0.004268426415816459,1.039408742552042,-0.02102185905830696,0.0001762775842587971,0.0045263699920537531,-0.0045003212702996436
polen,13,Utils,0,0.0028122153352765989,0.050109632645653497,0.050109632645653497,-8.3225895866006585e-05,0,-0
polen,13,Shops,0.12148087527400594,0.12978156171491695,-0.24411035738606962,-0.063803558746657815,0.00069990364078210629,-0.023400497915239925,0.0014966701986702362
polen,13,Hlth,0.081407139838324427,0.073067402770659609,0.071501525940715668,0.14905709171200729,0.0010720055154211264,-0.0056667837613173467,-0.00064679302666655752
polen,13,Money,0.049360380415378449,0.073406859347280043,0.065269659381934228,0.072944080291431151,-0.0012607297818618547,-0.00056335513627526568,0.00018454280071476283
polen,13,Other,0.29473889829368394,0.1084303351764417,0.091339516513699773,0.11348601460715411,0.017321257459650938,-0.0024013522112576813,-0.0041260822378702232
polen,13,Unmapped,0.00069732325176150728,0.0069128647327463683,0.016888569664609041,0.020515207630607209,-4.3128982891888359e-20,-2.5070457693587764e-05,2.2541518714176182e-05
polen,13,Unpriced,0,0.010881345090458345,0.020515207630607209,0.020515207630607209,-7.5504499114492255e-20,0,-0
polen,14,NoDur,0.00025451052142263592,0.033200504470310747,-0.031711482201450591,0.024183368332264178,0.0039752256228243223,-0.0018557372350119484,0.0018415114074577723
polen,14,Durbl,0.00034773671651874177,0.019105491376934434,0.22748242706150787,0.67005382030461202,-0.0098517904424422001,-0.0084555439372839842,0.0083016456141725026
polen,14,Manuf,0.023574047287478576,0.053353603279374814,0.058220380631726569,0.040155560975594917,0.0031175220666539391,0.00096382322124670026,-0.00053796230843328023
polen,14,Enrgy,0,0.009955077074564625,-0.090304405083715386,-0.090304405083715386,0.0023409027239252624,0,-0
polen,14,Chems,0.0021336976840000974,0.023152673299744433,0.021842189680827757,0.01541033776931636,0.0027205254654333955,0.0001489145660195601,-0.00013519093849213664
polen,14,BusEq,0.43017313679079011,0.44131668984904188,0.18440830196631089,0.2375816485880114,-0.0010334468019497453,-0.023466285319284602,0.00059254000936373181
polen,14,Telcm,3.3822878257914754e-05,0.0040591829511257413,0,0.29494153682908608,-0.00060420381820026133,-0.0011972216578754512,0.0011872458861820789
polen,14,Utils,0,0.0028808110269879688,-0.041229221261995505,-0.041229221261995505,0.00053603664457166594,0,-0
polen,14,Shops,0.087697385007334136,0.1196551621699672,0.22914657207200578,0.10702254943248063,0.0012086324354824444,0.014612769733781129,-0.0039028123017183004
polen,14,Hlth,0.083449964890529582,0.082704158501837169,0.071468821551452621,0.014424627735496982,-9.7266269567589374e-05,0.0047177920469643154,4.2543924185747973e-05
polen,14,Money,0.052774712676735766,0.077508622356705359,-0.071338744508320395,-0.0423766150862298,0.0046306536267073971,-0.002244814752022845,0.00071634669326557871
polen,14,Other,0.31884857988656923,0.11845262336827349,0.12138143750156367,0.09179383493777607,-0.010630680807317485,0.0035047291428584961,0.0059292359168533959
polen,14,Unmapped,0.00071240566036322661,0.0053855436913840503,0.14191577005818426,0.14484221471557324,1.2970563598226968e-19,-1.5760495562785762e-05,1.3675679824122132e-05
polen,14,Unpriced,0,0.0092698565837481487,0.14484221471557324,0.14484221471557324,2.5729020535625726e-19,0,-0
polen,15,NoDur,0.00022088377277880818,0.029719281325174665,-0.02899999618530269,0.015760766682514242,0.0034335634069184873,-0.0013302577039980834,0.0013203707778233823
polen,15,Durbl,0.00036738266895624362,0.028055256687735158,-0.067569261701154917,0.25782764643224226,-0.003479495729988534,-0.0091290937830778331,0.0090095485984976759
polen,15,Manuf,0.022225673633725743,0.048075203991707775,-0.087799296245223701,0.036614689288067687,0.002469777353303807,-0.0059812277339343634,0.0032160430960003531
polen,15,Enrgy,0,0.0078763971830659966,-0.0058731345597474562,-0.0058731345597474562,0.0010871964621563051,0,-0
polen,15,Chems,0.0018715297899422282,0.020562044972171969,-0.076459994326490574,0.010188625144145837,0.0022796904394719025,-0.0017816728103318418,0.0016195073377351776
polen,15,BusEq,0.42796843767196235,0.47796855854532438,0.094194364695257771,0.18604045962763702,-0.002694076026013566,-0.043899545602846334,0.0045923158483652466
polen,15,Telcm,0.00074371380906112301,0.0045872498950879428,-0.10869564035185297,0.0015711796815777565,0.00050191926639194721,-0.00050582145863003623,0.00042381450188991608
polen,15,Utils,0,0.0025483781689902103,0.015344816874880611,0.015344816874880611,0.00029768689086982932,0,-0
polen,15,Shops,0.12363065028371081,0.11585623447554588,0.25889081049883178,0.1423131632027845,7.8942147658912797e-05,0.013506247239738341,0.00090632310401706558
polen,15,Hlth,0.078737258517627459,0.073562374746048834,0.064700728822185721,0.072507949210860304,-0.00030868761363625279,-0.00057431767195667267,-4.0401458090489866e-05
polen,15,Money,0.042521166461921639,0.064977890789962439,0.037180957254716568,0.021835704823333951,0.0024775013844285797,0.00099710213663078539,-0.00034460410359575728
polen,15,Other,0.30128023918409269,0.1130784804043547,0.095802449397276307,0.07596306965262653,-0.010576185982040078,0.0022434069136899313,0.003733806161042197
polen,15,Unmapped,0.00043306420622091918,0.0050792766969071767,0.10569698497077885,0.13215906936386151,1.2895830211152197e-19,-0.00013440824860937585,0.00012294846703673454
polen,15,Unpriced,0,0.0080533721179229297,0.13215906936386154,0.13215906936386154,-0,0,-0
polen,16,NoDur,0.00021756027175689072,0.022759909690666897,0.24150363108302542,-0.067212860417593459,0.00080403260427478959,0.0070263594665736203,-0.0069591950227869117
polen,16,Durbl,0.0003068942033958917,0.033476775771140915,-0.054349106304459188,-0.043875768664495197,0.000409003119962165,-0.0003506135757485247,0.00034739936913661171
polen,16,Manuf,0.018543948357624344,0.033123232878427125,-0.13415531213865592,-0.055965708941936691,0.00035603337997260878,-0.0025898924353567406,0.0011399484715736402
polen,16,Enrgy,0,0.00097302905862324139,0.19792067096503796,0.19792067096503796,-0.00022327697162599628,0,-0
polen,16,Chems,0.0016095195843649215,0.0089066931163881407,-0.12739872847496389,-0.087292803529885485,0.00040679985284785495,-0.00035721116563470926,0.00029265989398653591
polen,16,BusEq,0.41266403471097157,0.53008712721691942,-0.01861182298334468,-0.038236531377278574,0.00078571546993301067,0.010402805295010182,-0.0023043939491431509
polen,16,Telcm,0.00058522417816129092,0.0032591827850310343,-0.13550132341373566,0.063785950064420519,-0.00025491158003646935,-0.00064951365099577844,0.00053288592015652008
polen,16,Utils,0,0.0028324499722676942,0.12000986976189379,0.12000986976189379,-0.00042927218578973035,0,-0
polen,16,Shops,0.13818435551766564,0.13415417780655264,-0.025998707192319424,-0.036466578043134579,-1.9833981647270508e-05,0.0014043086073762857,4.2187379785764687e-05
polen,16,Hlth,0.076614186679336477,0.068818866385857297,-0.076748215374488851,0.0049970576210432412,0.00028485869224844208,-0.005625617019954952,-0.00063723058547806688
polen,16,Money,0.040746455826783365,0.049229342466012148,0.029716105271748873,0.023209468673537598,-0.00046447774509633053,0.00032031744139523116,-5.5195060665283448e-05
polen,16,Other,0.31020366487826673,0.10221562589681275,-0.044004380294979877,-0.026031265949467215,0.0011468347274259422,-0.0018371331321415608,-0.0037381928071126167
polen,16,Unmapped,0.00032415579167287517,0.0034288059673363218,-0.032339280105062852,-0.031545211525578945,-0,-2.7227070838086977e-06,2.4653051547835362e-06
polen,16,Unpriced,0,0.0067347809879642461,-0.031545211525578945,-0.031545211525578945,-0,0,-0
polen,17,NoDur,0.000299734365156699,0.021806985430720488,0.073828234518278579,0.079076576974704882,0.0013560934724618908,-0.00011445052748272016,0.00011287741888841827
polen,17,Durbl,0.00030333204992147935,0.03309966546270475,-0.23960226437369983,-0.0062393948909717518,0.0048659533455655277,-0.0077242329112951306,0.0076534464737193766
polen,17,Manuf,0.016628551217372636,0.032177214151087909,0.14504029573888794,0.13825996678913405,6.0164930073395967e-05,0.00021817209663105186,-0.00010542504941943489
polen,17,Enrgy,0,0.0012112269682195091,-0.089851042585546742,-0.089851042585546742,0.00028098100066898914,0,-0
polen,17,Chems,0.0015335516161466421,0.0089309307683664591,-0.00043016499803837061,0.074732389811971056,0.00049856143663586084,-0.00067127157338174354,0.00055600591597914305
polen,17,BusEq,0.40441548613078504,0.52619844745066247,0.17134284882164375,0.15848638488159425,-0.0019919987884354684,0.0067650513649594709,-0.0015656982507214466
polen,17,Telcm,0.00059066966776155768,0.0035842658514120187,0.41222566784072123,-0.0078594931957003556,0.00044900625861007536,0.0015056968973877645,-0.0012575653348868209
polen,17,Utils,0,0.0032452685561502027,0.047117102504049331,0.047117102504049331,0.00030834050861566737,0,-0
polen,17,Shops,0.12647390034005615,0.13323790278436601,0.19476498917181359,0.16658623437969569,-0.00016542590597547031,0.0037544781915766923,-0.00019060116629149358
polen,17,Hlth,0.10022130593986785,0.071407476108462875,0.1036154508435304,0.098012203903280845,-0.0012711861543457624,0.00040011372201568754,0.00016145100383969113
polen,17,Money,0.04285274059666299,0.051869183680705713,0.028299430562336744,0.10681414750388943,0.0003184182061351729,-0.0040724942746800125,0.00070792347656323468
polen,17,Other,0.30644400029769908,0.10295121941167111,0.14191741056883533,0.1543273776928131,0.0024821949400583624,-0.0012776212482722602,-0.0025253387207624183
polen,17,Unmapped,0.00023672777856988713,0.0026345352155404422,0.15165330216073375,0.14212942684045046,6.6552525628553595e-20,2.5090984919702828e-05,-2.2836419071755592e-05
polen,17,Unpriced,0,0.0076456781599299264,0.14212942684045046,0.14212942684045046,2.1221019830069761e-19,0,-0
polen,18,NoDur,0.00025052643635437835,0.020712913277525405,-0.18640374196839782,0.017850118794060715,0.001976256373856445,-0.0042306925045725524,0.0041795215127241108
polen,18,Durbl,0.0021096696200564573,0.029059155350720966,-0.059563399895873496,-0.29041515330857709,0.010910370636086358,0.0067083569654060827,-0.0062213360344945375
polen,18,Manuf,0.016548232935839211,0.031875868670271167,-0.10785053730693411,0.096510017113117894,0.00027467208132829669,-0.0065141701940773823,0.0031323641366371156
polen,18,Enrgy,0,0.00096713236773654173,0.066559164720029276,0.066559164720029276,4.6297504388033734e-05,0,-0
polen,18,Chems,0.00054709443280731617,0.008419165575127549,0.04461295999446846,0.10604538525687697,6.6004854492866086e-05,-0.00051720975996586576,0.00048360042211095051
polen,18,BusEq,0.42839820336922801,0.53762538844866492,0.058102255283780387,0.13591285894465022,-0.0023465042908883834,-0.041832956018600258,0.0084990332072085398
polen,18,Telcm,0.00056414882032274018,0.0031063221479061872,0.24195337292497851,-0.016250859791372377,0.00033221358049773835,0.00080206552676992415,-0.00065639991348065646
polen,18,Utils,0,0.002970007707746543,0.10481371178506067,0.10481371178506067,2.8560665447197438e-05,0,-0
polen,18,Shops,0.13424601454389948,0.13631748899245813,0.18697264202171801,0.14746144500911529,-6.8423644151113924e-05,0.0053860671638443162,-8.1846435043573488e-05
polen,18,Hlth,0.092127065222171525,0.069052689576544271,0.058816969486794886,0.16664336115001244,0.0012047890359778751,-0.0074457023516790429,-0.0024880266657496129
polen,18,Money,0.044088840372766093,0.050384465957372775,-0.032057538043389427,0.041295494152756192,0.00046042792256944506,-0.0036958533535567679,0.00046180322620253196
polen,18,Other,0.28092067114897062,0.10402371147447524,0.11686707650594833,0.10399447731279444,-0.0018460250612103808,0.0013390555443952021,0.0022771236603772835
polen,18,Unmapped,0.00019953309758414747,0.0022575127245171153,0.085047647527710865,0.11443007250113016,-0,-6.6331198254663512e-05,6.046843198518336e-05
polen,18,Unpriced,0,0.0032281777289331695,0.11443007250113013,0.11443007250113013,8.9599931056093804e-20,0,-0
polen,19,NoDur,0.0001709457144292924,0.018920230785458975,-0.022593240706104811,-0.057030642817005137,0.0026417675638891122,0.00065156359558988619,-0.00064567666928294957
polen,19,Durbl,0.00016542483861947281,0.018604893255741752,-0.11267257074690594,0.12376736422328515,-0.00073570463258920932,-0.0043989397515149268,0.0043598267134292842
polen,19,Manuf,0.021984677732939065,0.031149673844513351,-0.17984520105106652,-0.03147874204491178,0.0010571616045375605,-0.0046215668075070809,0.0013597780198794541
polen,19,Enrgy,0,0.00090801739257024042,-0.11953908355279329,-0.11953908355279329,0.00018469807737959959,0,-0
polen,19,Chems,0.00058059773918478551,0.0083534521435084247,0.1048844360291239,-0.031849793911409359,0.00089946533455710859,0.0011422028461877212,-0.0010628152614150751
polen,19,BusEq,0.4109195767920662,0.54913446482524286,0.02015597960148922,0.14792315860760061,-0.0088532384019774854,-0.070161361465751984,0.017659326340644526
polen,19,Telcm,0.00068823322105885786,0.0027555565281350632,0.26702787318980925,0.10689450539796203,-4.7601164594153764e-05,0.00044125654699107771,-0.00033104744347669195
polen,19,Utils,0,0.0029301089937472176,0.11796213358136323,0.11796213358136323,-9.9896598221498441e-05,0,-0
polen,19,Shops,0.14462142012961041,0.14073148827838511,0.068938410143907128,0.011545667748659194,-0.00028133283253007171,0.0080769660536612106,0.00022325385667244343
polen,19,Hlth,0.11520261638567091,0.072493510363889638,-0.0091243292845151567,0.057428911680245297,-0.001129232522305144,-0.0048246780636293065,-0.0028424294244571106
polen,19,Money,0.035914517813964555,0.047099444650106861,0.0083011265465652712,0.010625354697464671,0.00081922481052493885,-0.00010946985514750651,2.5996321818312108e-05
polen,19,Other,0.26943888107720215,0.10312610710556418,-0.041496529206699481,-0.043403409062007826,-0.021167027350655069,0.00019664909619597113,0.00031713847836696649
polen,19,Unmapped,0.00031310855525430519,0.0017887289870327822,0.0025878068747685317,0.083868999696352323,2.0478347237097254e-20,-0.00014539002570056783,0.00011994018884685513
polen,19,Unpriced,0,0.0020043228461035195,0.083868999696352323,0.083868999696352323,2.7815567156579395e-20,0,-0
polen,20,NoDur,0.00017424739612150624,0.016416190815707894,-0.045217092619514371,0.059355817808584309,-0.00031590338433863462,-0.0017166888517415979,0.0016984672943946542
polen,20,Durbl,9.7383771525027391e-05,0.019342226053751459,-0.13882545792398293,0.32120065529986563,-0.0054134719206217052,-0.0088979290726043415,0.0088531299946986042
polen,20,Manuf,0.018580531150935307,0.027809015131495946,0.15313097895526009,0.073740604626605047,-0.00031224241586287182,0.0022077681210006953,-0.00073265279770270563
polen,20,Enrgy,0,0.00073440054938644851,-0.14881362845359256,-0.14881362845359256,0.00013859577421999975,0,-0
polen,20,Chems,0.00069085159560361062,0.0074866777160763724,0.19055159655207832,0.084484990193734733,-0.00030295129358667139,0.00079408649824285534,-0.00072081021399993366
polen,20,BusEq,0.42429019066860885,0.58246259408224921,0.026390455883211809,0.014530566317256303,0.0040136880357998618,0.0069079420421154451,-0.0018759072368675384
polen,20,Telcm,0.00053047897540407611,0.0028198244883336117,-0.14234869844026532,0.13602818952156731,-0.00022005697994824245,-0.00078497396566087787,0.00063730087935870959
polen,20,Utils,0,0.0029991515111082705,0.10924227066313365,0.10924227066313365,-0.00020795008138064085,0,-0
polen,20,Shops,0.14446869663113926,0.13144445506429969,-0.034180907269493258,0.033966898791487808,-7.7351852625541728e-05,-0.0089576512315132344,-0.00088757348838835093
polen,20,Hlth,0.11250309174126603,0.070734531901083059,0.033321962172312466,0.025194436700583103,-0.00061447941311413505,0.00057489670975690579,0.00033947503401853929
polen,20,Money,0.037393603794217994,0.043815335168241307,0.15337779611702548,0.14690245341770394,-0.00068710269689641295,0.00028371931069999767,-4.1582911369785936e-05
polen,20,Other,0.26092942863140955,0.091101256066397185,0.060775170418902728,0.089720739594173829,0.0084599518799152174,-0.0026369777094239857,-0.0049157731168904435
polen,20,Unmapped,0.00034149564376879227,0.0011289568843802285,0.034493108980714865,0.039905966508297031,5.4641100020419186e-21,-6.1108827699332286e-06,4.2624155039228035e-06
polen,20,Unpriced,0,0.0017053845674893015,0.039905966508297037,0.039905966508297037,-0,0,-0
polen,21,NoDur,0.00014713251918616085,0.018132509326127616,-0.10259716078401604,-0.070696370516764695,0.0025443029593379784,-0.00057844137703177609,0.00057374773339572609
polen,21,Durbl,7.3619396434411436e-05,0.026772657552063185,-0.27060239860810431,0.53605621375433332,-0.012422728547056193,-0.021596394790202027,0.021537009070031282
polen,21,Manuf,0.0021936397409726034,0.020176031475862305,-0.094621616680636789,-0.03764023057291669,0.0019494522181361415,-0.0011496582396476238,0.0010246616065860247
polen,21,Enrgy,0,0.000378076283592157,-0.0046342785140170012,-0.0046342785140170012,2.8508085478597181e-05,0,-0
polen,21,Chems,0.00061277384772206783,0.0085154630475605744,-0.040121593326497874,-0.064908046049931764,0.0010722113143319747,0.00021106812224650845,-0.00019587963223978872
polen,21,BusEq,0.45503598711022802,0.60541688760915024,0.054083971362045,0.075083036086025443,-0.00064879072663293611,-0.012713188407895339,0.0031578582628273306
polen,21,Telcm,0.00047899959745392734,0.0023275191354739837,-0.058091346060479832,0.19819339814202708,-0.00023554700703106991,-0.00059650764626138992,0.00047374735695480637
polen,21,Utils,0,0.0042615151757672805,0.13776732692113838,0.13776732692113838,-0.00028551557982606067,0,-0
polen,21,Shops,0.12491361870760335,0.12240422233998474,0.17683734265467543,0.091262014531685004,5.1425798667774666e-05,0.01047478149038367,0.00021474241754960313
polen,21,Hlth,0.10848618604618035,0.069561685579777197,-0.11879409478588203,-0.096462765388866611,-0.0065094020339723207,-0.001553404914093622,-0.00086923584152952911
polen,21,Money,0.039800432912085418,0.034832859423555566,-0.090823487885051207,0.033852048017638393,-0.00018338628140159062,-0.0043428054156548412,-0.00061933488681845247
polen,21,Other,0.26782596855059571,0.084634911369329241,0.071034514059645976,0.078986937202623134,0.001505503883581506,-0.00067305262787727442,-0.0014568128027147554
polen,21,Unmapped,0.00043164157153800044,0.0012962617417972299,0.048948235009100539,0.070768720075944203,-1.1999015257213994e-20,-2.8285059979607213e-05,1.886643151363334e-05
polen,21,Unpriced,0,0.0012893999399587438,0.070768720075944203,0.070768720075944203,-1.7894018766156147e-20,0,-0
polen,22,NoDur,0.00011975637323850961,0.015658160953342555,-0.14360534584096368,0.045935725982943598,-0.0022764594653307654,-0.0029678646098878019,0.0029451658585464306
polen,22,Durbl,3.3756389750050342e-05,0.038540825781492073,-0.22893955072268155,-0.35452097675162819,0.0097789222035678126,0.0048400118619729669,-0.0048357726864105667
polen,22,Manuf,0.0019929863174944929,0.018176433112774351,-0.10734595841158032,-0.05561770951875674,-0.00072747698316209938,-0.00094023505604135167,0.00083714136377000469
polen,22,Enrgy,0,0.0003503810054811408,-0.0091326756923003939,-0.0091326756923003939,-3.203777133263093e-05,0,-0
polen,22,Chems,0.00058253017164180271,0.0074239150379044345,-0.14105374325481285,0.0063768049663349962,-0.0007316617088739,-0.0010945118639854744,0.0010086291214249641
polen,22,BusEq,0.45386678828137744,0.60711724086677166,-0.12663925040218202,-0.13545909264228348,0.0053468262272413306,0.0053546782856906056,-0.0013516448150273259
polen,22,Telcm,0.0010606287348453455,0.0026122061784490448,0.24174975272201352,0.1960937464301418,-0.00046029620030811933,0.00011926290171893576,-7.083882952749673e-05
polen,22,Utils,0,0.0044607357931435686,-0.0033196072187883078,-0.0033196072187883078,-0.00043380664915469003,0,-0
polen,22,Shops,0.11709203015162151,0.12570406113164095,-0.13219931795923837,-0.068393023985365065,-0.0002771059117101421,-0.0080207102782752226,0.00054950178042322505
polen,22,Hlth,0.11587288097430769,0.058678099334212551,0.058902092612752727,0.034333141076981967,0.0077157344273360313,0.0014416593787534107,0.0014052158182144886
polen,22,Money,0.026385508437259397,0.033672135840541337,0.058706712074083026,-0.018379640781164677,-0.00059888781407849427,0.0025956621447938023,-0.00056169953113410884
polen,22,Other,0.28282177402240716,0.085100112743046491,0.002706274160381314,0.029813140149557001,0.025779497546085221,-0.0023067973517895035,-0.0053596145754568171
polen,22,Unmapped,0.0001713601460566207,0.0013480649535490637,-0.063892856373208656,-0.10056962812822619,-0,4.944267061225732e-05,-4.3157733647432173e-05
polen,22,Unpriced,0,0.0011576272676507872,-0.10056962812822619,-0.10056962812822619,-0,0,-0
polen,23,NoDur,0,0.018529421359217414,-0.026834411975424306,-0.026834411975424306,0.0037831459575055149,0,-0
polen,23,Durbl,0,0.028360114393973363,0.22448353471734633,0.22448353471734633,-0.0013371303470701154,0,-0
polen,23,Manuf,0.0018204691972555677,0.019570255272036458,0.17549241371692423,0.18562867770084629,-0.00014720631654632768,-0.00019836927367010399,0.00017991651731212287
polen,23,Enrgy,0,0.00040620077304545508,0.027961825703076232,0.027961825703076232,6.0675606165270225e-05,0,-0
polen,23,Chems,0.00013668966489563554,0.0084791974282947945,0.98184425269905473,-0.0074497582229048438,0.0015415704836169598,0.0083884192332369222,-0.0082531929664007402
polen,23,BusEq,0.38414057913716465,0.5748420929587249,0.18463786920050881,0.24053115087986163,-0.012051551268712313,-0.032129811022890725,0.010658933428707461
polen,23,Telcm,0.0015646766863507255,0.0035652761463183897,0.38048487357895938,0.36363148492330016,-0.00037270411869439667,6.0086984558654765e-05,-3.3716880243136993e-05
polen,23,Utils,0,0.0050499009369540538,0.25648620575425718,0.25648620575425718,-0.00039970441422193867,0,-0
polen,23,Shops,0.12296680826225853,0.13041511148261131,0.12462361768000582,0.094353437836489168,0.00061807380408231908,0.0039476888788909179,-0.00022546147800912294
polen,23,Hlth,0.14285160008014913,0.068906652606181909,-0.023448019206037379,-0.025825383458275952,-0.015022703415383275,0.00016381621264735882,0.0001757940747582687
polen,23,Money,0.06190730198817844,0.037491264647408054,-0.17081192086171931,0.07713240285099611,-0.0024465568028683715,-0.0092957462581360253,-0.0060538178662017193
polen,23,Other,0.28445049015354862,0.10170578816037235,0.064242589889397017,0.12913342817487702,-0.0088086301488507369,-0.006599773852212009,-0.011858456904567438
polen,23,Unmapped,0.00016138483019874082,0.0012146629976559009,0.091665026109331138,0.17733526413934539,-0,-0.00010406046813543167,9.0234591317872112e-05
polen,23,Unpriced,0,0.0014640608372056994,0.17733526413934536,0.17733526413934536,4.0635851272943763e-20,0,-0
polen,24,NoDur,4.5653976987358444e-05,0.011044203863838144,0.29682996048916355,-0.015331712040926818,0.0013257753354199875,0.0034475771498990015,-0.0034333257280849774
polen,24,Durbl,0.00015095907757869359,0.030904485524201098,0.35119828523437335,0.39632842151937986,-0.0089529423958977783,-0.0013947236435252063,0.0013879108397806209
polen,24,Manuf,0.0030425516803100051,0.031003860513834709,0.14220586066783078,0.13579350147971872,-0.00085517684253703604,0.0001988078898328327,-0.00017929795561029104
polen,24,Enrgy,5.8937851178677795e-05,0.00026287889686668836,0.50013181714478006,0.039504365623525835,1.3399914501019445e-05,0.00012108923632242129,-9.3940844135847985e-05
polen,24,Chems,9.269945355965659e-05,0.0017358340317850502,0.12469118226491269,-0.072054238697256023,0.00029126770065729651,0.00034151739730400822,-0.0003232792042904506
polen,24,BusEq,0.41370788885521226,0.61212425757288758,0.12421471162058943,0.14552093112231523,-0.0079985054851881184,-0.013042053794178884,0.0042275027046341507
polen,24,Telcm,0.0012866419405817738,0.0045879496005161611,0.042381844993458498,-0.075302983515975072,0.00059592628444817106,0.00053993206194666863,-0.00038851382581625782
polen,24,Utils,0.00015744585805161474,0.0055362317853438394,0.1629470749611214,-0.0047567821633865822,0.00059148352670127012,0.00092844742433746295,-0.00090204314665392929
polen,24,Shops,0.12155111491678625,0.10873374836020437,-0.015301669166043924,0.0053771972007279883,-0.0012795834915782338,-0.0022484906518988705,-0.00026504861019748807
polen,24,Hlth,0.14794011163836007,0.06207824657020005,0.0017473790161806465,0.027077340607153152,-0.0067085479566492065,-0.0015724396012580879,-0.0021748777443057572
polen,24,Money,0.03691212803377944,0.029698984858607929,0.012755305077556034,0.0098412122130142662,-0.00068790301642902255,8.6545599860603375e-05,2.1019769057685454e-05
polen,24,Other,0.27422087073472884,0.10106664283975093,-0.052298772825666494,-0.023319286884557051,-0.022255252498004929,-0.0029288593552896916,-0.0050179205129261733
polen,24,Unmapped,0.00083299598288532912,0.0010377545699337195,0.036567507445234231,0.10520920917678807,2.8415962228854667e-21,-7.1233239659947311e-05,1.4054977859150015e-05
polen,24,Unpriced,0,0.0001849210120298025,0.10520920917678807,0.10520920917678807,2.5662945661559036e-21,0,-0
polen,25,NoDur,0.00013800732633674755,0.010213694812596919,-0.20186134063906713,0.039218435983293123,-0.00028012312806410637,-0.0024623152639098246,0.0024290444885043125
polen,25,Durbl,0.00029504079939927409,0.039987842115566927,-0.025009224836073735,0.012146429977926948,-2.8971033610491832e-05,-0.0014857744584027635,0.0014748120243042373
polen,25,Manuf,0.0025747568225659772,0.033430476132026744,0.012259899679770994,0.065678236760190606,-0.0016742834168678119,-0.0017858004427795269,0.0016482612149315875
polen,25,Enrgy,0.00043208232439971269,0.00038728661591552689,0.017949590033268126,-0.035726273723468316,-2.1117961292056305e-06,2.0787943630689337e-05,2.4044483454836394e-06
polen,25,Chems,0.00016422804209474367,0.0015134645645975124,-0.36109174062049088,-0.016885989757356841,3.8186818530127748e-05,-0.00052094320686203299,0.00046441497032002937
polen,25,BusEq,0.47655170567226346,0.62717245289978141,-0.053561227711922385,0.0057024512098023819,0.0008606616296769977,-0.037168546877203196,0.0089263396026418897
polen,25,Telcm,0.00068957767395435524,0.0040387977041940054,-0.20611725433104902,-0.11219623724139727,0.00041400641857909908,-0.00037932798819725145,0.00031456215169714215
polen,25,Utils,0.00014947954892621839,0.0051453971773424423,-0.04517517027233367,-0.07672847511682894,0.00044036527821007766,0.00016235428568269156,-0.00015763771190740496
polen,25,Shops,0.10502054992875415,0.095906847682705562,0.039845659540813989,-0.0083347629782662812,-0.00018000757336092952,0.0046208324438258286,0.00043910202492771172
polen,25,Hlth,0.15076113937959887,0.060000717860035829,0.071438616867984292,0.17729359063498168,0.015055070248864016,-0.0063513744150751044,-0.0096074420390349705
polen,25,Money,0.03389242587487673,0.028205786079761763,-0.0083301874714291884,-0.012229442543985098,-0.00013446623465093052,0.00010998155444693794,2.2173659066900338e-05
polen,25,Other,0.22858835310276071,0.093069257701677302,-0.021047308574051841,-0.041458449567530989,-0.0071655719309260037,0.0018996497411073805,0.0027660993635402653
polen,25,Unmapped,0.00074265350406905041,0.00091071523598354118,-0.015879309897901626,0.01141654867326097,2.9154063176538772e-22,-2.485875428000971e-05,4.587389265562583e-06
polen,25,Unpriced,0,1.7263417814565681e-05,0.01141654867326097,0.01141654867326097,2.9947256158523313e-23,0,-0
polen,26,NoDur,5.2373523683022986e-05,0.010958307200852956,0.12942853918534752,0.013861942129086504,-0.0012191464485250038,0.0012664142726996972,-0.0012603616427918046
polen,26,Durbl,0.00027912237690400104,0.038807282875351741,0.053458389120861739,-0.17273602978316641,0.0028823120323096217,0.0087779907992344298,-0.008714854875387517
polen,26,Manuf,0.0026766920227856567,0.036696294667385665,0.20154226553996041,0.083743476866336236,-0.0061803064642530344,0.0043227790606284056,-0.0040074679826919025
polen,26,Enrgy,6.8036532591063574e-05,0.00038356931577629427,-0.14111110899183488,0.31826478061454588,-0.00013132167811869723,-0.00017620249566044596,0.0001449481529756926
polen,26,Chems,3.1875306373412014e-05,0.0015346898858093518,-0.17383174671336643,0.061147089623867425,-0.00023905660945560417,-0.00036061964350600376,0.0003531296211064866
polen,26,BusEq,0.44752463569023432,0.61000928618027217,-0.19738587270200941,-0.12007161125626029,0.0035984028682123281,-0.047162417436076361,0.012562380748907956
polen,26,Telcm,0.0021135298936359268,0.0037819206441195566,-0.21136663485851201,-0.12117250758118937,3.878508956037061e-05,-0.00034110703192845332,0.00015047904769742833
polen,26,Utils,8.464514461187197e-05,0.0048628209978869115,-0.1616819586626555,0.12166918415058238,-0.0010492620255196606,-0.0013778858870474662,0.0013539015885881004
polen,26,Shops,0.11024608973722071,0.098305952670464491,-0.061215508120915856,-0.031016239998565186,0.00079890575595272905,-0.0029687678227184721,-0.00036058340069658858
polen,26,Hlth,0.17501679458305303,0.073060878883756356,-0.1597567163952141,-0.092888011041271937,0.00051360197466329032,-0.0048854863829779589,-0.006817660085987636
polen,26,Money,0.030963748730859116,0.028709858254067661,-0.095170392139400928,-0.13397074688803054,-8.1242034824758819e-05,0.0011139526850406972,8.7451750064066386e-05
polen,26,Other,0.23024427508461795,0.091832108870170695,-0.13721746868778423,-0.084569805963916375,0.0018485907804755783,-0.0048347458950182597,-0.0072870770437381558
polen,26,Unmapped,0.0006981813734299214,0.0010223409687330177,-0.15760871808571106,-0.097925501716929042,-4.4986180794833781e-21,-6.1016597239562906e-05,1.934688726449151e-05
polen,26,Unpriced,0,3.4688585353104655e-05,-0.097925501716929056,-0.097925501716929056,-0,0,-0
polen,27,NoDur,0.0003981714630064239,0.012005690395493715,0.045082675957804436,0.065496305415021078,0.0010303223102765215,-0.00024507971511167343,0.00023695159040542244
polen,27,Durbl,0.00064308505011996628,0.036202740317046296,0.20830722413772826,0.13058891099179662,0.00084172364835771165,0.0028136159087010486,-0.0027636364233963578
polen,27,Manuf,0.022561569947792452,0.043261590337437927,0.83925151341023763,0.4475184814518503,-0.006070463598797135,0.016946993950226232,-0.0081088817488362604
polen,27,Enrgy,0.00014465628564129917,0.00054668247453294207,-0.14544814450446239,-0.015529034379634257,6.8259501421174382e-05,-7.1024500612158853e-05,5.2230884707678305e-05
polen,27,Chems,7.0047074355712575e-05,0.0017611744023893216,0.39738916526239909,0.071622579077009058,0.0001397498246077971,0.00057373177274346369,-0.00055091277645832903
polen,27,BusEq,0.44271802256191284,0.60040924691750952,0.080380338824050421,0.18091941781721982,-0.0042040099677786383,-0.06036459270406884,0.015854130462016933
polen,27,Telcm,0.0038669177177463772,0.003600630183318132,-0.054725752393782807,-0.012200195440902504,-4.4326184289813467e-05,-0.00015311880392695506,-1.1324025711170415e-05
polen,27,Utils,4.08126939385457e-05,0.0059961903623756176,0.0013119318553987418,0.01711228629013254,0.00081676440227461758,-9.4741932983669657e-05,9.4097077954004326e-05
polen,27,Shops,0.088324412285238338,0.10552539114493406,0.14539504847249277,0.05971194097545262,0.0016263133034595775,0.0090417434331385924,-0.0014738333206896236
polen,27,Hlth,0.14524119813640934,0.071769389054175681,-0.00091035517844818197,0.13068280879086422,-0.0017322338564911258,-0.0094443609817835145,-0.00966838781968039
polen,27,Money,0.033990909717315047,0.0268881712058377,0.031645450969967168,0.056980897367277898,-0.00069094560845030565,-0.00068122382030721485,-0.00017995105083164895
polen,27,Other,0.26070523729017575,0.091181577002760417,-0.0095105371231596798,0.035529674700535523,-0.020127541568532723,-0.0041068375426229044,-0.0076353815684733336
polen,27,Unmapped,0.0012949597763478678,0.00085152620218855108,0.065859002516619941,0.15425965926084947,1.2307754098087506e-20,-7.5275475508387494e-05,-3.9199819178124607e-05
polen,27,Unpriced,0,0,0.15425965926084945,0.15425965926084945,0,0,0
polen,28,NoDur,0.00039079652016076185,0.0058954024599225819,-0.26109925025474651,-0.010761543719769956,0.00010983199336910601,-0.0014758415309176782,0.0013780104263387833
polen,28,Durbl,0.0012630294142807663,0.037097997959789561,-0.20932439725278623,-0.15740149459055386,0.0059698439821174393,-0.0019262357370298485,0.0018606555836926119
polen,28,Manuf,0.10956474420866845,0.08310780522512369,-0.17838333245920626,-0.20784069317294887,-0.0057419995636897739,0.0024481365966439314,0.00077935159501975673
polen,28,Enrgy,4.6613120936473579e-05,0.0017368842847103993,0.02429465917861906,0.4626323710581558,-0.00076643853536252811,-0.0007613418831594823,0.0007409095943846243
polen,28,Chems,0.00047615301098754561,0.0014919270979800246,0.10852784686470854,-0.13357435564715595,0.00014501755226895488,0.00036119883640809818,-0.00024592114371535734
polen,28,BusEq,0.45163286452516205,0.67775838180659442,0.12635193795433464,0.054626744439371808,-0.010274135916412358,0.048612351091466048,-0.016218896485681807
polen,28,Telcm,0.003933928731070303,0.0038164806294261832,0.009050083598667779,-0.019782725853897665,-3.4029326265836718e-06,0.00011003985876765217,3.3863587352704447e-06
polen,28,Utils,4.8749065799835724e-05,0.0047703067565442181,-0.18625411311437812,-0.11131540926451423,0.00056897890928065136,-0.00035748060530167188,0.00035382741349674045
polen,28,Shops,0.090140185154196167,0.04291923393925777,0.0017001139217824078,-0.054675409684196999,-0.0030158420753852704,0.0024195942860931788,0.0026621058499145616
polen,28,Hlth,0.11509128570883465,0.048866811898348406,-0.016568452336251413,0.008788028296090232,-2.6699855297832914e-05,-0.0012390903694647537,-0.0016792195875626108
polen,28,Money,0.008642506356232359,0.018045588765648293,-0.11719179681776618,-0.038572140404582365,0.00044912262900487882,-0.0014187379885288783,0.00073926710825313318
polen,28,Other,0.21584181555659271,0.074262366286194634,0.021304600242199143,-0.027513978313039679,-0.0051966989765779032,0.0036253831622405116,0.0069117074660143777
polen,28,Unmapped,0.0029273286270779164,2.1765787448141956e-05,0.039179723692145466,0.0091912003224054514,0,6.5272382554939885e-07,8.7133539118485647e-05
polen,28,Unpriced,0,0.00020904710301175044,0.0091912003224054496,0.0091912003224054496,3.6263891717942537e-22,0,-0
