sec_id,pass,query_type,query_value,rank,ticker,name,exch_code,market_sector,security_type,accepted,reject_reason
003654100,2,ID_ISIN,US0036541003,,,,,,,False,No identifier found.
003654100,3,ID_CUSIP,003654100,1,ABMDEUR,ABIOMED INC,XS,Equity,Common Stock,False,exchCode 'XS' is not a US venue
003654100,3,ID_CUSIP,003654100,2,ABMDUSD,ABIOMED INC,XB,Equity,Common Stock,False,exchCode 'XB' is not a US venue
003654100,3,ID_CUSIP,003654100,3,ABMDUSD,ABIOMED INC,XS,Equity,Common Stock,False,exchCode 'XS' is not a US venue
003654100,3,ID_CUSIP,003654100,4,ABMDGBX,ABIOMED INC,XB,Equity,Common Stock,False,exchCode 'XB' is not a US venue
003654100,3,ID_CUSIP,003654100,5,ABMDGBX,ABIOMED INC,XS,Equity,Common Stock,False,exchCode 'XS' is not a US venue
003654100,3,ID_CUSIP,003654100,6,ABMDUSD,ABIOMED INC,X9,Equity,Common Stock,False,exchCode 'X9' is not a US venue
003654100,3,ID_CUSIP,003654100,7,ABMDEUR,ABIOMED INC,X9,Equity,Common Stock,False,exchCode 'X9' is not a US venue
003654100,4,yahoo_search,US0036541003,,,,,,,False,no result
00434H108,2,ID_ISIN,US00434H1086,,,,,,,False,No identifier found.
00434H108,3,ID_CUSIP,00434H108,1,XLRN,ACCELERON PHARMA INC,UQ,Equity,Common Stock,True,
00434H108,3,ID_CUSIP,00434H108,2,XLRNEUR,ACCELERON PHARMA INC,XS,Equity,Common Stock,False,an earlier result was accepted
00434H108,3,ID_CUSIP,00434H108,3,XLRNUSD,ACCELERON PHARMA INC,XB,Equity,Common Stock,False,an earlier result was accepted
00434H108,3,ID_CUSIP,00434H108,4,XLRNUSD,ACCELERON PHARMA INC,XS,Equity,Common Stock,False,an earlier result was accepted
00507V109,2,ID_ISIN,US00507V1098,,,,,,,False,No identifier found.
00507V109,3,ID_CUSIP,00507V109,1,ATVIEUR,ACTIVISION BLIZZARD INC,XS,Equity,Common Stock,False,exchCode 'XS' is not a US venue
00507V109,3,ID_CUSIP,00507V109,2,AIY,ACTIVISION BLIZZARD INC,SW,Equity,Common Stock,False,exchCode 'SW' is not a US venue
00507V109,3,ID_CUSIP,00507V109,3,AIY,ACTIVISION BLIZZARD INC,SE,Equity,Common Stock,False,exchCode 'SE' is not a US venue
00507V109,3,ID_CUSIP,00507V109,4,AIY,ACTIVISION BLIZZARD INC,BW,Equity,Common Stock,False,exchCode 'BW' is not a US venue
00507V109,3,ID_CUSIP,00507V109,5,ATVICHF,ACTIVISION BLIZZARD INC,XB,Equity,Common Stock,False,exchCode 'XB' is not a US venue
00507V109,3,ID_CUSIP,00507V109,6,ATVICHF,ACTIVISION BLIZZARD INC,XS,Equity,Common Stock,False,exchCode 'XS' is not a US venue
00507V109,3,ID_CUSIP,00507V109,7,ATVIUSD,ACTIVISION BLIZZARD INC,XB,Equity,Common Stock,False,exchCode 'XB' is not a US venue
00507V109,3,ID_CUSIP,00507V109,8,ATVIUSD,ACTIVISION BLIZZARD INC,XS,Equity,Common Stock,False,exchCode 'XS' is not a US venue
00507V109,3,ID_CUSIP,00507V109,9,ATVIGBP,ACTIVISION BLIZZARD INC,XB,Equity,Common Stock,False,exchCode 'XB' is not a US venue
00507V109,3,ID_CUSIP,00507V109,10,ATVIGBP,ACTIVISION BLIZZARD INC,XS,Equity,Common Stock,False,exchCode 'XS' is not a US venue
00507V109,3,ID_CUSIP,00507V109,11,ATVIRUB,ACTIVISION BLIZZARD INC,XB,Equity,Common Stock,False,exchCode 'XB' is not a US venue
00507V109,3,ID_CUSIP,00507V109,12,ATVIRUB,ACTIVISION BLIZZARD INC,XS,Equity,Common Stock,False,exchCode 'XS' is not a US venue
00507V109,3,ID_CUSIP,00507V109,13,4ATVI,ACTIVISION BLIZZARD INC,TE,Equity,Common Stock,False,exchCode 'TE' is not a US venue
00507V109,3,ID_CUSIP,00507V109,14,ATVIUSD,ACTIVISION BLIZZARD INC,X9,Equity,Common Stock,False,exchCode 'X9' is not a US venue
00507V109,3,ID_CUSIP,00507V109,15,ATVIEUR,ACTIVISION BLIZZARD INC,X9,Equity,Common Stock,False,exchCode 'X9' is not a US venue
00507V109,4,yahoo_search,US00507V1098,,,,,,,False,no result
00857U107,2,ID_ISIN,US00857U1079,,,,,,,False,No identifier found.
00857U107,3,ID_CUSIP,00857U107,,,,,,,False,No identifier found.
00857U107,4,yahoo_search,US00857U1079,1,AGL,"agilon health, inc.",NYQ,,EQUITY,True,
00912X302,2,ID_ISIN,US00912X3026,,,,,,,False,No identifier found.
00912X302,3,ID_CUSIP,00912X302,,,,,,,False,No identifier found.
00912X302,4,yahoo_search,US00912X3026,,,,,,,False,no result
015351109,2,ID_ISIN,US0153511094,,,,,,,False,No identifier found.
015351109,3,ID_CUSIP,015351109,1,ALXN,ALEXION PHARMACEUTICALS INC,UW,Equity,Common Stock,True,
015351109,3,ID_CUSIP,015351109,2,ALXNCHF,ALEXION PHARMACEUTICALS INC,XS,Equity,Common Stock,False,an earlier result was accepted
015351109,3,ID_CUSIP,015351109,3,ALXNEUR,ALEXION PHARMACEUTICALS INC,XB,Equity,Common Stock,False,an earlier result was accepted
015351109,3,ID_CUSIP,015351109,4,ALXNEUR,ALEXION PHARMACEUTICALS INC,XS,Equity,Common Stock,False,an earlier result was accepted
015351109,3,ID_CUSIP,015351109,5,ALXNUSD,ALEXION PHARMACEUTICALS INC,XB,Equity,Common Stock,False,an earlier result was accepted
015351109,3,ID_CUSIP,015351109,6,ALXNUSD,ALEXION PHARMACEUTICALS INC,XS,Equity,Common Stock,False,an earlier result was accepted
015351109,3,ID_CUSIP,015351109,7,ALXNGBP,ALEXION PHARMACEUTICALS INC,XB,Equity,Common Stock,False,an earlier result was accepted
015351109,3,ID_CUSIP,015351109,8,ALXNGBP,ALEXION PHARMACEUTICALS INC,XS,Equity,Common Stock,False,an earlier result was accepted
01626W101,2,ID_ISIN,US01626W1018,,,,,,,False,No identifier found.
01626W101,3,ID_CUSIP,01626W101,1,ALITEUR,ALIGHT INC - CLASS A,X2,Equity,Common Stock,False,exchCode 'X2' is not a US venue
01626W101,3,ID_CUSIP,01626W101,2,ALITEUR,ALIGHT INC - CLASS A,X1,Equity,Common Stock,False,exchCode 'X1' is not a US venue
01626W101,3,ID_CUSIP,01626W101,3,ALITUSD,ALIGHT INC - CLASS A,X2,Equity,Common Stock,False,exchCode 'X2' is not a US venue
01626W101,3,ID_CUSIP,01626W101,4,ALITUSD,ALIGHT INC - CLASS A,X1,Equity,Common Stock,False,exchCode 'X1' is not a US venue
01626W101,3,ID_CUSIP,01626W101,5,ALITGBP,ALIGHT INC - CLASS A,X2,Equity,Common Stock,False,exchCode 'X2' is not a US venue
01626W101,3,ID_CUSIP,01626W101,6,ALITGBP,ALIGHT INC - CLASS A,X1,Equity,Common Stock,False,exchCode 'X1' is not a US venue
01626W101,4,yahoo_search,US01626W1018,1,ALIT,"Alight, Inc.",NYQ,,EQUITY,True,
017175100,2,ID_ISIN,US0171751003,,,,,,,False,No identifier found.
017175100,3,ID_CUSIP,017175100,1,YUSD,ALLEGHANY CORP,XB,Equity,Common Stock,False,exchCode 'XB' is not a US venue
017175100,3,ID_CUSIP,017175100,2,YUSD,ALLEGHANY CORP,XS,Equity,Common Stock,False,exchCode 'XS' is not a US venue
017175100,3,ID_CUSIP,017175100,3,YUSD,ALLEGHANY CORP,X9,Equity,Common Stock,False,exchCode 'X9' is not a US venue
017175100,3,ID_CUSIP,017175100,4,Y1EUR,ALLEGHANY CORP,X9,Equity,Common Stock,False,exchCode 'X9' is not a US venue
017175100,4,yahoo_search,US0171751003,,,,,,,False,no result
021369103,2,ID_ISIN,US0213691035,,,,,,,False,No identifier found.
021369103,3,ID_CUSIP,021369103,1,ALTREUR,ALTAIR ENGINEERING INC - A,XB,Equity,Common Stock,False,exchCode 'XB' is not a US venue
021369103,3,ID_CUSIP,021369103,2,ALTREUR,ALTAIR ENGINEERING INC - A,XS,Equity,Common Stock,False,exchCode 'XS' is not a US venue
021369103,3,ID_CUSIP,021369103,3,ALTRUSD,ALTAIR ENGINEERING INC - A,XB,Equity,Common Stock,False,exchCode 'XB' is not a US venue
021369103,3,ID_CUSIP,021369103,4,ALTRUSD,ALTAIR ENGINEERING INC - A,XS,Equity,Common Stock,False,exchCode 'XS' is not a US venue
021369103,3,ID_CUSIP,021369103,5,ALTRUSD,ALTAIR ENGINEERING INC - A,X9,Equity,Common Stock,False,exchCode 'X9' is not a US venue
021369103,3,ID_CUSIP,021369103,6,ALTR*,ALTAIR ENGINEERING INC - A,MM,Equity,Common Stock,False,exchCode 'MM' is not a US venue
021369103,3,ID_CUSIP,021369103,7,ALTREUR,ALTAIR ENGINEERING INC - A,X9,Equity,Common Stock,False,exchCode 'X9' is not a US venue
021369103,3,ID_CUSIP,021369103,8,1ALTR,ALTAIR ENGINEERING INC - A,IM,Equity,Common Stock,False,exchCode 'IM' is not a US venue
021369103,3,ID_CUSIP,021369103,9,1ALTR,ALTAIR ENGINEERING INC - A,IF,Equity,Common Stock,False,exchCode 'IF' is not a US venue
021369103,4,yahoo_search,US0213691035,,,,,,,False,no result
02156B103,2,ID_ISIN,US02156B1035,,,,,,,False,No identifier found.
02156B103,3,ID_CUSIP,02156B103,1,AYXEUR,ALTERYX INC - CLASS A,XS,Equity,Common Stock,False,exchCode 'XS' is not a US venue
02156B103,3,ID_CUSIP,02156B103,2,AYXUSD,ALTERYX INC - CLASS A,XB,Equity,Common Stock,False,exchCode 'XB' is not a US venue
02156B103,3,ID_CUSIP,02156B103,3,AYXUSD,ALTERYX INC - CLASS A,XS,Equity,Common Stock,False,exchCode 'XS' is not a US venue
02156B103,3,ID_CUSIP,02156B103,4,AYXGBX,ALTERYX INC - CLASS A,XB,Equity,Common Stock,False,exchCode 'XB' is not a US venue
02156B103,3,ID_CUSIP,02156B103,5,AYXGBX,ALTERYX INC - CLASS A,XS,Equity,Common Stock,False,exchCode 'XS' is not a US venue
02156B103,3,ID_CUSIP,02156B103,6,AYXEUR,ALTERYX INC - CLASS A,X9,Equity,Common Stock,False,exchCode 'X9' is not a US venue
02156B103,3,ID_CUSIP,02156B103,7,AYXUSD,ALTERYX INC - CLASS A,X9,Equity,Common Stock,False,exchCode 'X9' is not a US venue
02156B103,4,yahoo_search,US02156B1035,,,,,,,False,no result
023436108,2,ID_ISIN,US0234361089,,,,,,,False,No identifier found.
023436108,3,ID_CUSIP,023436108,1,AMED,AMEDISYS INC,UD,Equity,Common Stock,True,
023436108,3,ID_CUSIP,023436108,2,ADY,AMEDISYS INC,GR,Equity,Common Stock,False,an earlier result was accepted
023436108,3,ID_CUSIP,023436108,3,ADY,AMEDISYS INC,GS,Equity,Common Stock,False,an earlier result was accepted
023436108,3,ID_CUSIP,023436108,4,AMED*,AMEDISYS INC,MM,Equity,Common Stock,False,an earlier result was accepted
023436108,3,ID_CUSIP,023436108,5,AMED*,AMEDISYS INC,MU,Equity,Common Stock,False,an earlier result was accepted
023436108,3,ID_CUSIP,023436108,6,ADY,AMEDISYS INC,LA,Equity,Common Stock,False,an earlier result was accepted
023436108,3,ID_CUSIP,023436108,7,ADY,AMEDISYS INC,QT,Equity,Common Stock,False,an earlier result was accepted
03044L105,2,ID_ISIN,US03044L1052,,,,,,,False,No identifier found.
03044L105,3,ID_CUSIP,03044L105,,,,,,,False,No identifier found.
03044L105,4,yahoo_search,US03044L1052,1,AMWL,American Well Corporation,NYQ,,EQUITY,True,
03272L108,2,ID_ISIN,US03272L1089,,,,,,,False,No identifier found.
03272L108,3,ID_CUSIP,03272L108,1,PLANUSD,ANAPLAN INC,X9,Equity,Common Stock,False,exchCode 'X9' is not a US venue
03272L108,4,yahoo_search,US03272L1089,,,,,,,False,no result
03662Q105,2,ID_ISIN,US03662Q1058,,,,,,,False,No identifier found.
03662Q105,3,ID_CUSIP,03662Q105,1,AKX,ANSYS INC,GR,Equity,Common Stock,False,exchCode 'GR' is not a US venue
03662Q105,3,ID_CUSIP,03662Q105,2,ANSSEUR,ANSYS INC,XB,Equity,Common Stock,False,exchCode 'XB' is not a US venue
03662Q105,3,ID_CUSIP,03662Q105,3,ANSSEUR,ANSYS INC,XS,Equity,Common Stock,False,exchCode 'XS' is not a US venue
03662Q105,3,ID_CUSIP,03662Q105,4,ANSSEUR,ANSYS INC,XU,Equity,Common Stock,False,exchCode 'XU' is not a US venue
03662Q105,3,ID_CUSIP,03662Q105,5,ANSSEUR,ANSYS INC,EU,Equity,Common Stock,False,exchCode 'EU' is not a US venue
03662Q105,3,ID_CUSIP,03662Q105,6,AKX,ANSYS INC,QT,Equity,Common Stock,False,exchCode 'QT' is not a US venue
03662Q105,3,ID_CUSIP,03662Q105,7,ANSSUSD,ANSYS INC,XB,Equity,Common Stock,False,exchCode 'XB' is not a US venue
03662Q105,3,ID_CUSIP,03662Q105,8,ANSSUSD,ANSYS INC,XS,Equity,Common Stock,False,exchCode 'XS' is not a US venue
03662Q105,3,ID_CUSIP,03662Q105,9,ANSSUSD,ANSYS INC,EU,Equity,Common Stock,False,exchCode 'EU' is not a US venue
03662Q105,3,ID_CUSIP,03662Q105,10,ANSSGBX,ANSYS INC,XB,Equity,Common Stock,False,exchCode 'XB' is not a US venue
03662Q105,3,ID_CUSIP,03662Q105,11,ANSSGBX,ANSYS INC,XS,Equity,Common Stock,False,exchCode 'XS' is not a US venue
03662Q105,3,ID_CUSIP,03662Q105,12,ANSSGBX,ANSYS INC,EU,Equity,Common Stock,False,exchCode 'EU' is not a US venue
03662Q105,3,ID_CUSIP,03662Q105,13,AKX,ANSYS INC,SW,Equity,Common Stock,False,exchCode 'SW' is not a US venue
03662Q105,3,ID_CUSIP,03662Q105,14,ANSS*,ANSYS INC,MM,Equity,Common Stock,False,exchCode 'MM' is not a US venue
03662Q105,3,ID_CUSIP,03662Q105,15,ANSS*,ANSYS INC,MF,Equity,Common Stock,False,exchCode 'MF' is not a US venue
03662Q105,3,ID_CUSIP,03662Q105,16,ANSSEUR,ANSYS INC,EP,Equity,Common Stock,False,exchCode 'EP' is not a US venue
03662Q105,3,ID_CUSIP,03662Q105,17,ANSSEUR,ANSYS INC,EZ,Equity,Common Stock,False,exchCode 'EZ' is not a US venue
03662Q105,3,ID_CUSIP,03662Q105,18,AKX,ANSYS INC,GZ,Equity,Common Stock,False,exchCode 'GZ' is not a US venue
03662Q105,3,ID_CUSIP,03662Q105,19,0HG3L,ANSYS INC,L1,Equity,Common Stock,False,exchCode 'L1' is not a US venue
03662Q105,3,ID_CUSIP,03662Q105,20,ANSSUSD,ANSYS INC,X9,Equity,Common Stock,False,exchCode 'X9' is not a US venue
03662Q105,3,ID_CUSIP,03662Q105,21,ANSSEUR,ANSYS INC,X9,Equity,Common Stock,False,exchCode 'X9' is not a US venue
03662Q105,3,ID_CUSIP,03662Q105,22,ANSSN,ANSYS INC,TQ,Equity,Common Stock,False,exchCode 'TQ' is not a US venue
03662Q105,3,ID_CUSIP,03662Q105,23,AKX,ANSYS INC,LU,Equity,Common Stock,False,exchCode 'LU' is not a US venue
03662Q105,3,ID_CUSIP,03662Q105,24,ANSSCAD,ANSYS INC,EU,Equity,Common Stock,False,exchCode 'EU' is not a US venue
03662Q105,3,ID_CUSIP,03662Q105,25,AKXD,ANSYS INC,L1,Equity,Common Stock,False,exchCode 'L1' is not a US venue
03662Q105,3,ID_CUSIP,03662Q105,26,1ANSS,ANSYS INC,IF,Equity,Common Stock,False,exchCode 'IF' is not a US venue
03662Q105,4,yahoo_search,US03662Q1058,,,,,,,False,no result
037411105,2,ID_ISIN,US0374111054,,,,,,,False,No identifier found.
037411105,3,ID_CUSIP,037411105,1,9990302D,APACHE CORP,UW,Equity,Common Stock,True,
037411105,3,ID_CUSIP,037411105,2,APAUSD,APACHE CORP,XY,Equity,Common Stock,False,an earlier result was accepted
037411105,3,ID_CUSIP,037411105,3,APAGBP,APACHE CORP,XY,Equity,Common Stock,False,an earlier result was accepted
03748R754,2,ID_ISIN,US03748R7540,,,,,,,False,No identifier found.
03748R754,3,ID_CUSIP,03748R754,1,AIVEUR,APARTMENT INVT & MGMT CO -A,EO,Equity,REIT,False,exchCode 'EO' is not a US venue
03748R754,3,ID_CUSIP,03748R754,2,AIVEUR,APARTMENT INVT & MGMT CO -A,XJ,Equity,REIT,False,exchCode 'XJ' is not a US venue
03748R754,3,ID_CUSIP,03748R754,3,AIVEUR,APARTMENT INVT & MGMT CO -A,XS,Equity,REIT,False,exchCode 'XS' is not a US venue
03748R754,3,ID_CUSIP,03748R754,4,AIVEUR,APARTMENT INVT & MGMT CO -A,E1,Equity,REIT,False,exchCode 'E1' is not a US venue
03748R754,3,ID_CUSIP,03748R754,5,AIVEUR,APARTMENT INVT & MGMT CO -A,XX,Equity,REIT,False,exchCode 'XX' is not a US venue
03748R754,3,ID_CUSIP,03748R754,6,AIVUSD,APARTMENT INVT & MGMT CO -A,X2,Equity,REIT,False,exchCode 'X2' is not a US venue
03748R754,3,ID_CUSIP,03748R754,7,AIVUSD,APARTMENT INVT & MGMT CO -A,XB,Equity,REIT,False,exchCode 'XB' is not a US venue
03748R754,3,ID_CUSIP,03748R754,8,AIVUSD,APARTMENT INVT & MGMT CO -A,XJ,Equity,REIT,False,exchCode 'XJ' is not a US venue
03748R754,3,ID_CUSIP,03748R754,9,AIVUSD,APARTMENT INVT & MGMT CO -A,XS,Equity,REIT,False,exchCode 'XS' is not a US venue
03748R754,3,ID_CUSIP,03748R754,10,AIVUSD,APARTMENT INVT & MGMT CO -A,E1,Equity,REIT,False,exchCode 'E1' is not a US venue
03748R754,3,ID_CUSIP,03748R754,11,AIVUSD,APARTMENT INVT & MGMT CO -A,XQ,Equity,REIT,False,exchCode 'XQ' is not a US venue
03748R754,3,ID_CUSIP,03748R754,12,AIVUSD,APARTMENT INVT & MGMT CO -A,XX,Equity,REIT,False,exchCode 'XX' is not a US venue
03748R754,3,ID_CUSIP,03748R754,13,AIVUSD,APARTMENT INVT & MGMT CO -A,XZ,Equity,REIT,False,exchCode 'XZ' is not a US venue
03748R754,3,ID_CUSIP,03748R754,14,AIVGBP,APARTMENT INVT & MGMT CO -A,XJ,Equity,REIT,False,exchCode 'XJ' is not a US venue
03748R754,4,yahoo_search,US03748R7540,1,AIV,Apartment Investment and Management Company,NYQ,,EQUITY,True,
03750L109,2,ID_ISIN,US03750L1098,,,,,,,False,No identifier found.
03750L109,3,ID_CUSIP,03750L109,1,AIRCUSD,APARTMENT INCOME REIT CO,X9,Equity,REIT,False,exchCode 'X9' is not a US venue
03750L109,4,yahoo_search,US03750L1098,,,,,,,False,no result
03753U106,2,ID_ISIN,US03753U1060,,,,,,,False,No identifier found.
03753U106,3,ID_CUSIP,03753U106,1,APLSUSD,APELLIS PHARMACEUTICALS INC,B1,Equity,Common Stock,False,exchCode 'B1' is not a US venue
03753U106,3,ID_CUSIP,03753U106,2,APLSUSD,APELLIS PHARMACEUTICALS INC,EU,Equity,Common Stock,False,exchCode 'EU' is not a US venue
03753U106,3,ID_CUSIP,03753U106,3,1JK,APELLIS PHARMACEUTICALS INC,GR,Equity,Common Stock,False,exchCode 'GR' is not a US venue
03753U106,3,ID_CUSIP,03753U106,4,1JK,APELLIS PHARMACEUTICALS INC,GS,Equity,Common Stock,False,exchCode 'GS' is not a US venue
03753U106,3,ID_CUSIP,03753U106,5,APLSEUR,APELLIS PHARMACEUTICALS INC,XP,Equity,Common Stock,False,exchCode 'XP' is not a US venue
03753U106,3,ID_CUSIP,03753U106,6,APLSEUR,APELLIS PHARMACEUTICALS INC,XV,Equity,Common Stock,False,exchCode 'XV' is not a US venue
03753U106,3,ID_CUSIP,03753U106,7,APLSEUR,APELLIS PHARMACEUTICALS INC,EU,Equity,Common Stock,False,exchCode 'EU' is not a US venue
03753U106,3,ID_CUSIP,03753U106,8,1JK,APELLIS PHARMACEUTICALS INC,GZ,Equity,Common Stock,False,exchCode 'GZ' is not a US venue
03753U106,3,ID_CUSIP,03753U106,9,APLSEUR,APELLIS PHARMACEUTICALS INC,EP,Equity,Common Stock,False,exchCode 'EP' is not a US venue
03753U106,3,ID_CUSIP,03753U106,10,APLSEUR,APELLIS PHARMACEUTICALS INC,EZ,Equity,Common Stock,False,exchCode 'EZ' is not a US venue
03753U106,3,ID_CUSIP,03753U106,11,APLSUSD,APELLIS PHARMACEUTICALS INC,EZ,Equity,Common Stock,False,exchCode 'EZ' is not a US venue
03753U106,3,ID_CUSIP,03753U106,12,APLSUSD,APELLIS PHARMACEUTICALS INC,X9,Equity,Common Stock,False,exchCode 'X9' is not a US venue
03753U106,3,ID_CUSIP,03753U106,13,1JK,APELLIS PHARMACEUTICALS INC,LU,Equity,Common Stock,False,exchCode 'LU' is not a US venue
03753U106,3,ID_CUSIP,03753U106,14,1JK,APELLIS PHARMACEUTICALS INC,QT,Equity,Common Stock,False,exchCode 'QT' is not a US venue
03753U106,3,ID_CUSIP,03753U106,15,APLSEUR,APELLIS PHARMACEUTICALS INC,X9,Equity,Common Stock,False,exchCode 'X9' is not a US venue
03753U106,3,ID_CUSIP,03753U106,16,1APLS,APELLIS PHARMACEUTICALS INC,IM,Equity,Common Stock,False,exchCode 'IM' is not a US venue
03753U106,3,ID_CUSIP,03753U106,17,1APLS,APELLIS PHARMACEUTICALS INC,IF,Equity,Common Stock,False,exchCode 'IF' is not a US venue
03753U106,3,ID_CUSIP,03753U106,18,APLS,APELLIS PHARMACEUTICALS INC,SW,Equity,Common Stock,False,exchCode 'SW' is not a US venue
03753U106,4,yahoo_search,US03753U1060,,,,,,,False,no result
03768E105,2,ID_ISIN,US03768E1055,,,,,,,False,No identifier found.
03768E105,3,ID_CUSIP,03768E105,1,APOEUR,APOLLO ASSET MANAGEMENT INC,EO,Equity,Common Stock,False,exchCode 'EO' is not a US venue
03768E105,3,ID_CUSIP,03768E105,2,APOEUR,APOLLO ASSET MANAGEMENT INC,XH,Equity,Common Stock,False,exchCode 'XH' is not a US venue
03768E105,3,ID_CUSIP,03768E105,3,APOEUR,APOLLO ASSET MANAGEMENT INC,XF,Equity,Common Stock,False,exchCode 'XF' is not a US venue
03768E105,3,ID_CUSIP,03768E105,4,APOEUR,APOLLO ASSET MANAGEMENT INC,XE,Equity,Common Stock,False,exchCode 'XE' is not a US venue
03768E105,3,ID_CUSIP,03768E105,5,APOEUR,APOLLO ASSET MANAGEMENT INC,XJ,Equity,Common Stock,False,exchCode 'XJ' is not a US venue
03768E105,3,ID_CUSIP,03768E105,6,APOEUR,APOLLO ASSET MANAGEMENT INC,XL,Equity,Common Stock,False,exchCode 'XL' is not a US venue
03768E105,3,ID_CUSIP,03768E105,7,APOEUR,APOLLO ASSET MANAGEMENT INC,XG,Equity,Common Stock,False,exchCode 'XG' is not a US venue
03768E105,3,ID_CUSIP,03768E105,8,APOEUR,APOLLO ASSET MANAGEMENT INC,XO,Equity,Common Stock,False,exchCode 'XO' is not a US venue
03768E105,3,ID_CUSIP,03768E105,9,APOEUR,APOLLO ASSET MANAGEMENT INC,XA,Equity,Common Stock,False,exchCode 'XA' is not a US venue
03768E105,3,ID_CUSIP,03768E105,10,APOEUR,APOLLO ASSET MANAGEMENT INC,E1,Equity,Common Stock,False,exchCode 'E1' is not a US venue
03768E105,3,ID_CUSIP,03768E105,11,APOEUR,APOLLO ASSET MANAGEMENT INC,XW,Equity,Common Stock,False,exchCode 'XW' is not a US venue
03768E105,3,ID_CUSIP,03768E105,12,APOEUR,APOLLO ASSET MANAGEMENT INC,XU,Equity,Common Stock,False,exchCode 'XU' is not a US venue
03768E105,3,ID_CUSIP,03768E105,13,APOEUR,APOLLO ASSET MANAGEMENT INC,XV,Equity,Common Stock,False,exchCode 'XV' is not a US venue
03768E105,3,ID_CUSIP,03768E105,14,APOEUR,APOLLO ASSET MANAGEMENT INC,EU,Equity,Common Stock,False,exchCode 'EU' is not a US venue
03768E105,3,ID_CUSIP,03768E105,15,APOUSD,APOLLO ASSET MANAGEMENT INC,EO,Equity,Common Stock,False,exchCode 'EO' is not a US venue
03768E105,3,ID_CUSIP,03768E105,16,APOUSD,APOLLO ASSET MANAGEMENT INC,XH,Equity,Common Stock,False,exchCode 'XH' is not a US venue
03768E105,3,ID_CUSIP,03768E105,17,APOUSD,APOLLO ASSET MANAGEMENT INC,XF,Equity,Common Stock,False,exchCode 'XF' is not a US venue
03768E105,3,ID_CUSIP,03768E105,18,APOUSD,APOLLO ASSET MANAGEMENT INC,XE,Equity,Common Stock,False,exchCode 'XE' is not a US venue
03768E105,3,ID_CUSIP,03768E105,19,APOUSD,APOLLO ASSET MANAGEMENT INC,XJ,Equity,Common Stock,False,exchCode 'XJ' is not a US venue
03768E105,3,ID_CUSIP,03768E105,20,APOUSD,APOLLO ASSET MANAGEMENT INC,XL,Equity,Common Stock,False,exchCode 'XL' is not a US venue
03768E105,3,ID_CUSIP,03768E105,21,APOUSD,APOLLO ASSET MANAGEMENT INC,XG,Equity,Common Stock,False,exchCode 'XG' is not a US venue
03768E105,3,ID_CUSIP,03768E105,22,APOUSD,APOLLO ASSET MANAGEMENT INC,XO,Equity,Common Stock,False,exchCode 'XO' is not a US venue
03768E105,3,ID_CUSIP,03768E105,23,APOUSD,APOLLO ASSET MANAGEMENT INC,XA,Equity,Common Stock,False,exchCode 'XA' is not a US venue
03768E105,3,ID_CUSIP,03768E105,24,APOUSD,APOLLO ASSET MANAGEMENT INC,E1,Equity,Common Stock,False,exchCode 'E1' is not a US venue
03768E105,3,ID_CUSIP,03768E105,25,APOUSD,APOLLO ASSET MANAGEMENT INC,XW,Equity,Common Stock,False,exchCode 'XW' is not a US venue
03768E105,3,ID_CUSIP,03768E105,26,APOUSD,APOLLO ASSET MANAGEMENT INC,XU,Equity,Common Stock,False,exchCode 'XU' is not a US venue
03768E105,3,ID_CUSIP,03768E105,27,APOUSD,APOLLO ASSET MANAGEMENT INC,XV,Equity,Common Stock,False,exchCode 'XV' is not a US venue
03768E105,3,ID_CUSIP,03768E105,28,APOUSD,APOLLO ASSET MANAGEMENT INC,EU,Equity,Common Stock,False,exchCode 'EU' is not a US venue
03768E105,3,ID_CUSIP,03768E105,29,APOEUR,APOLLO ASSET MANAGEMENT INC,XX,Equity,Common Stock,False,exchCode 'XX' is not a US venue
03768E105,3,ID_CUSIP,03768E105,30,APOUSD,APOLLO ASSET MANAGEMENT INC,XX,Equity,Common Stock,False,exchCode 'XX' is not a US venue
03768E105,3,ID_CUSIP,03768E105,31,APOGBP,APOLLO ASSET MANAGEMENT INC,EO,Equity,Common Stock,False,exchCode 'EO' is not a US venue
03768E105,3,ID_CUSIP,03768E105,32,APOGBP,APOLLO ASSET MANAGEMENT INC,XH,Equity,Common Stock,False,exchCode 'XH' is not a US venue
03768E105,3,ID_CUSIP,03768E105,33,APOGBP,APOLLO ASSET MANAGEMENT INC,XF,Equity,Common Stock,False,exchCode 'XF' is not a US venue
03768E105,3,ID_CUSIP,03768E105,34,APOGBP,APOLLO ASSET MANAGEMENT INC,XE,Equity,Common Stock,False,exchCode 'XE' is not a US venue
03768E105,3,ID_CUSIP,03768E105,35,APOGBP,APOLLO ASSET MANAGEMENT INC,XJ,Equity,Common Stock,False,exchCode 'XJ' is not a US venue
03768E105,3,ID_CUSIP,03768E105,36,APOGBP,APOLLO ASSET MANAGEMENT INC,XL,Equity,Common Stock,False,exchCode 'XL' is not a US venue
03768E105,3,ID_CUSIP,03768E105,37,APOGBP,APOLLO ASSET MANAGEMENT INC,XG,Equity,Common Stock,False,exchCode 'XG' is not a US venue
03768E105,3,ID_CUSIP,03768E105,38,APOGBP,APOLLO ASSET MANAGEMENT INC,XO,Equity,Common Stock,False,exchCode 'XO' is not a US venue
03768E105,3,ID_CUSIP,03768E105,39,APOGBP,APOLLO ASSET MANAGEMENT INC,XA,Equity,Common Stock,False,exchCode 'XA' is not a US venue
03768E105,3,ID_CUSIP,03768E105,40,APOGBP,APOLLO ASSET MANAGEMENT INC,E1,Equity,Common Stock,False,exchCode 'E1' is not a US venue
03768E105,3,ID_CUSIP,03768E105,41,APOGBP,APOLLO ASSET MANAGEMENT INC,XW,Equity,Common Stock,False,exchCode 'XW' is not a US venue
03768E105,3,ID_CUSIP,03768E105,42,APOGBP,APOLLO ASSET MANAGEMENT INC,XU,Equity,Common Stock,False,exchCode 'XU' is not a US venue
03768E105,3,ID_CUSIP,03768E105,43,APOGBP,APOLLO ASSET MANAGEMENT INC,XV,Equity,Common Stock,False,exchCode 'XV' is not a US venue
03768E105,3,ID_CUSIP,03768E105,44,APOGBP,APOLLO ASSET MANAGEMENT INC,XQ,Equity,Common Stock,False,exchCode 'XQ' is not a US venue
03768E105,3,ID_CUSIP,03768E105,45,APOGBP,APOLLO ASSET MANAGEMENT INC,XX,Equity,Common Stock,False,exchCode 'XX' is not a US venue
03768E105,3,ID_CUSIP,03768E105,46,APOGBP,APOLLO ASSET MANAGEMENT INC,XZ,Equity,Common Stock,False,exchCode 'XZ' is not a US venue
03768E105,3,ID_CUSIP,03768E105,47,APOGBP,APOLLO ASSET MANAGEMENT INC,EU,Equity,Common Stock,False,exchCode 'EU' is not a US venue
03768E105,3,ID_CUSIP,03768E105,48,APON,APOLLO ASSET MANAGEMENT INC,PO,Equity,Common Stock,False,exchCode 'PO' is not a US venue
03768E105,3,ID_CUSIP,03768E105,49,APON,APOLLO ASSET MANAGEMENT INC,B3,Equity,Common Stock,False,exchCode 'B3' is not a US venue
03768E105,3,ID_CUSIP,03768E105,50,APON,APOLLO ASSET MANAGEMENT INC,L3,Equity,Common Stock,False,exchCode 'L3' is not a US venue
03768E105,3,ID_CUSIP,03768E105,51,APOUSD,APOLLO ASSET MANAGEMENT INC,EP,Equity,Common Stock,False,exchCode 'EP' is not a US venue
03768E105,3,ID_CUSIP,03768E105,52,APOGBP,APOLLO ASSET MANAGEMENT INC,X2,Equity,Common Stock,False,exchCode 'X2' is not a US venue
03768E105,3,ID_CUSIP,03768E105,53,APOEUR,APOLLO ASSET MANAGEMENT INC,X1,Equity,Common Stock,False,exchCode 'X1' is not a US venue
03768E105,3,ID_CUSIP,03768E105,54,APOUSD,APOLLO ASSET MANAGEMENT INC,X1,Equity,Common Stock,False,exchCode 'X1' is not a US venue
03768E105,3,ID_CUSIP,03768E105,55,APOGBP,APOLLO ASSET MANAGEMENT INC,X1,Equity,Common Stock,False,exchCode 'X1' is not a US venue
03768E105,3,ID_CUSIP,03768E105,56,APOEUR,APOLLO ASSET MANAGEMENT INC,EP,Equity,Common Stock,False,exchCode 'EP' is not a US venue
03768E105,3,ID_CUSIP,03768E105,57,APON,APOLLO ASSET MANAGEMENT INC,L1,Equity,Common Stock,False,exchCode 'L1' is not a US venue
03768E105,3,ID_CUSIP,03768E105,58,APOUSD,APOLLO ASSET MANAGEMENT INC,X9,Equity,Common Stock,False,exchCode 'X9' is not a US venue
03768E105,3,ID_CUSIP,03768E105,59,APOEUR,APOLLO ASSET MANAGEMENT INC,X9,Equity,Common Stock,False,exchCode 'X9' is not a US venue
03768E105,4,yahoo_search,US03768E1055,,,,,,,False,no result
03965L100,2,ID_ISIN,US03965L1008,,,,,,,False,No identifier found.
03965L100,3,ID_CUSIP,03965L100,1,ARNCCHF,ARCONIC INC,EO,Equity,Common Stock,False,exchCode 'EO' is not a US venue
03965L100,3,ID_CUSIP,03965L100,2,ARNCCHF,HOWMET AEROSPACE INC,XJ,Equity,Common Stock,False,exchCode 'XJ' is not a US venue
03965L100,3,ID_CUSIP,03965L100,3,ARNCCHF,HOWMET AEROSPACE INC,XS,Equity,Common Stock,False,exchCode 'XS' is not a US venue
03965L100,3,ID_CUSIP,03965L100,4,ARNCCHF,ARCONIC INC,E1,Equity,Common Stock,False,exchCode 'E1' is not a US venue
03965L100,3,ID_CUSIP,03965L100,5,ARNCUSD,ARCONIC INC,EO,Equity,Common Stock,False,exchCode 'EO' is not a US venue
03965L100,3,ID_CUSIP,03965L100,6,ARNCUSD,HOWMET AEROSPACE INC,XJ,Equity,Common Stock,False,exchCode 'XJ' is not a US venue
03965L100,3,ID_CUSIP,03965L100,7,ARNCUSD,HOWMET AEROSPACE INC,XS,Equity,Common Stock,False,exchCode 'XS' is not a US venue
03965L100,3,ID_CUSIP,03965L100,8,ARNCUSD,ARCONIC INC,E1,Equity,Common Stock,False,exchCode 'E1' is not a US venue
03965L100,3,ID_CUSIP,03965L100,9,ARNCEUR,ARCONIC INC,EO,Equity,Common Stock,False,exchCode 'EO' is not a US venue
03965L100,3,ID_CUSIP,03965L100,10,ARNCEUR,HOWMET AEROSPACE INC,XJ,Equity,Common Stock,False,exchCode 'XJ' is not a US venue
03965L100,3,ID_CUSIP,03965L100,11,ARNCEUR,HOWMET AEROSPACE INC,XS,Equity,Common Stock,False,exchCode 'XS' is not a US venue
03965L100,3,ID_CUSIP,03965L100,12,ARNCEUR,ARCONIC INC,E1,Equity,Common Stock,False,exchCode 'E1' is not a US venue
03965L100,3,ID_CUSIP,03965L100,13,ARNCCHF,ARCONIC INC,XX,Equity,Common Stock,False,exchCode 'XX' is not a US venue
03965L100,3,ID_CUSIP,03965L100,14,ARNCUSD,ARCONIC INC,XX,Equity,Common Stock,False,exchCode 'XX' is not a US venue
03965L100,3,ID_CUSIP,03965L100,15,ARNCEUR,ARCONIC INC,XX,Equity,Common Stock,False,exchCode 'XX' is not a US venue
03965L100,4,yahoo_search,US03965L1008,,,,,,,False,no result
040413106,2,ID_ISIN,US0404131064,,,,,,,False,No identifier found.
040413106,3,ID_CUSIP,040413106,1,ANETEUR,ARISTA NETWORKS INC,X1,Equity,Common Stock,False,exchCode 'X1' is not a US venue
040413106,3,ID_CUSIP,040413106,2,ANETUSD,ARISTA NETWORKS INC,X1,Equity,Common Stock,False,exchCode 'X1' is not a US venue
040413106,3,ID_CUSIP,040413106,3,ANETGBX,ARISTA NETWORKS INC,X1,Equity,Common Stock,False,exchCode 'X1' is not a US venue
040413106,4,yahoo_search,US0404131064,,,,,,,False,no result
04351P101,2,ID_ISIN,US04351P1012,,,,,,,False,No identifier found.
04351P101,3,ID_CUSIP,04351P101,,,,,,,False,No identifier found.
04351P101,4,yahoo_search,US04351P1012,,,,,,,False,no result
045327103,2,ID_ISIN,US0453271035,,,,,,,False,No identifier found.
045327103,3,ID_CUSIP,045327103,1,AZPNUSD,ASPEN TECHNOLOGY INC,X9,Equity,Common Stock,False,exchCode 'X9' is not a US venue
045327103,4,yahoo_search,US0453271035,,,,,,,False,no result
05338G106,2,ID_ISIN,US05338G1067,,,,,,,False,No identifier found.
05338G106,3,ID_CUSIP,05338G106,1,AVLRUSD,AVALARA INC,X9,Equity,Common Stock,False,exchCode 'X9' is not a US venue
05338G106,3,ID_CUSIP,05338G106,2,AVLREUR,AVALARA INC,X9,Equity,Common Stock,False,exchCode 'X9' is not a US venue
05338G106,4,yahoo_search,US05338G1067,,,,,,,False,no result
053484101,2,ID_ISIN,US0534841012,,,,,,,False,No identifier found.
053484101,3,ID_CUSIP,053484101,1,AVBC,AVALONBAY COMMUNITIES INC,AV,Equity,REIT,False,exchCode 'AV' is not a US venue
053484101,3,ID_CUSIP,053484101,2,AVB*,AVALONBAY COMMUNITIES INC,MM,Equity,REIT,False,exchCode 'MM' is not a US venue
053484101,3,ID_CUSIP,053484101,3,AVB*,AVALONBAY COMMUNITIES INC,MF,Equity,REIT,False,exchCode 'MF' is not a US venue
053484101,3,ID_CUSIP,053484101,4,AVB*,AVALONBAY COMMUNITIES INC,MU,Equity,REIT,False,exchCode 'MU' is not a US venue
053484101,4,yahoo_search,US0534841012,,,,,,,False,no result
05478C105,2,ID_ISIN,US05478C1053,,,,,,,False,No identifier found.
05478C105,3,ID_CUSIP,05478C105,1,AZEK,AZEK CO INC/THE,UC,Equity,Common Stock,False,exchCode 'UC' is not a US venue
05478C105,3,ID_CUSIP,05478C105,2,AZEK,AZEK CO INC/THE,UN,Equity,Common Stock,True,
05478C105,3,ID_CUSIP,05478C105,3,AZEK,AZEK CO INC/THE,UD,Equity,Common Stock,False,an earlier result was accepted
05478C105,3,ID_CUSIP,05478C105,4,AZEK,AZEK CO INC/THE,VK,Equity,Common Stock,False,an earlier result was accepted
05478C105,3,ID_CUSIP,05478C105,5,AZEKGBP,AZEK CO INC/THE,XS,Equity,Common Stock,False,an earlier result was accepted
05478C105,3,ID_CUSIP,05478C105,6,AZEKGBP,AZEK CO INC/THE,X2,Equity,Common Stock,False,an earlier result was accepted
05478C105,3,ID_CUSIP,05478C105,7,AZEKGBP,AZEK CO INC/THE,XF,Equity,Common Stock,False,an earlier result was accepted
05478C105,3,ID_CUSIP,05478C105,8,AZEKGBP,AZEK CO INC/THE,XO,Equity,Common Stock,False,an earlier result was accepted
05478C105,3,ID_CUSIP,05478C105,9,AZEKGBP,AZEK CO INC/THE,XA,Equity,Common Stock,False,an earlier result was accepted
05478C105,3,ID_CUSIP,05478C105,10,AZEKGBP,AZEK CO INC/THE,XU,Equity,Common Stock,False,an earlier result was accepted
05478C105,3,ID_CUSIP,05478C105,11,AZEKGBP,AZEK CO INC/THE,XV,Equity,Common Stock,False,an earlier result was accepted
05478C105,3,ID_CUSIP,05478C105,12,AZEKGBP,AZEK CO INC/THE,EU,Equity,Common Stock,False,an earlier result was accepted
05478C105,3,ID_CUSIP,05478C105,13,AZEKUSD,AZEK CO INC/THE,XA,Equity,Common Stock,False,an earlier result was accepted
05478C105,3,ID_CUSIP,05478C105,14,AZEKUSD,AZEK CO INC/THE,X9,Equity,Common Stock,False,an earlier result was accepted
05478C105,3,ID_CUSIP,05478C105,15,AZEKEUR,AZEK CO INC/THE,X9,Equity,Common Stock,False,an earlier result was accepted
05478C105,3,ID_CUSIP,05478C105,16,AZEK,AZEK CO INC/THE,SW,Equity,Common Stock,False,an earlier result was accepted
054937107,2,ID_ISIN,US0549371070,,,,,,,False,No identifier found.
054937107,3,ID_CUSIP,054937107,1,BBTUSD,BB&T CORP,X2,Equity,Common Stock,False,exchCode 'X2' is not a US venue
054937107,3,ID_CUSIP,054937107,2,BBTUSD,BB&T CORP,XB,Equity,Common Stock,False,exchCode 'XB' is not a US venue
054937107,3,ID_CUSIP,054937107,3,BBTUSD,TRUIST FINANCIAL CORP,XJ,Equity,Common Stock,False,exchCode 'XJ' is not a US venue
054937107,3,ID_CUSIP,054937107,4,BBTUSD,TRUIST FINANCIAL CORP,XS,Equity,Common Stock,False,exchCode 'XS' is not a US venue
054937107,3,ID_CUSIP,054937107,5,BBTUSD,BB&T CORP,E1,Equity,Common Stock,False,exchCode 'E1' is not a US venue
054937107,3,ID_CUSIP,054937107,6,BBTUSD,BB&T CORP,XQ,Equity,Common Stock,False,exchCode 'XQ' is not a US venue
054937107,3,ID_CUSIP,054937107,7,BBTUSD,BB&T CORP,XX,Equity,Common Stock,False,exchCode 'XX' is not a US venue
054937107,3,ID_CUSIP,054937107,8,BBTUSD,BB&T CORP,XZ,Equity,Common Stock,False,exchCode 'XZ' is not a US venue
054937107,3,ID_CUSIP,054937107,9,BBT1EUR,BB&T CORP,X2,Equity,Common Stock,False,exchCode 'X2' is not a US venue
054937107,3,ID_CUSIP,054937107,10,BBT1EUR,BB&T CORP,XB,Equity,Common Stock,False,exchCode 'XB' is not a US venue
054937107,3,ID_CUSIP,054937107,11,BBT1EUR,TRUIST FINANCIAL CORP,XJ,Equity,Common Stock,False,exchCode 'XJ' is not a US venue
054937107,3,ID_CUSIP,054937107,12,BBT1EUR,TRUIST FINANCIAL CORP,XS,Equity,Common Stock,False,exchCode 'XS' is not a US venue
054937107,3,ID_CUSIP,054937107,13,BBT1EUR,BB&T CORP,E1,Equity,Common Stock,False,exchCode 'E1' is not a US venue
054937107,3,ID_CUSIP,054937107,14,BBT1EUR,BB&T CORP,XQ,Equity,Common Stock,False,exchCode 'XQ' is not a US venue
054937107,3,ID_CUSIP,054937107,15,BBT1EUR,BB&T CORP,XX,Equity,Common Stock,False,exchCode 'XX' is not a US venue
054937107,3,ID_CUSIP,054937107,16,BBT1EUR,BB&T CORP,XZ,Equity,Common Stock,False,exchCode 'XZ' is not a US venue
054937107,3,ID_CUSIP,054937107,17,BBTGBX,TRUIST FINANCIAL CORP,XS,Equity,Common Stock,False,exchCode 'XS' is not a US venue
054937107,3,ID_CUSIP,054937107,18,BBTGBX,TRUIST FINANCIAL CORP,XJ,Equity,Common Stock,False,exchCode 'XJ' is not a US venue
054937107,3,ID_CUSIP,054937107,19,BBTGBX,BB&T CORP,E1,Equity,Common Stock,False,exchCode 'E1' is not a US venue
054937107,3,ID_CUSIP,054937107,20,BBTGBX,BB&T CORP,XQ,Equity,Common Stock,False,exchCode 'XQ' is not a US venue
054937107,3,ID_CUSIP,054937107,21,BBTGBX,BB&T CORP,XX,Equity,Common Stock,False,exchCode 'XX' is not a US venue
054937107,3,ID_CUSIP,054937107,22,BBTGBX,BB&T CORP,XZ,Equity,Common Stock,False,exchCode 'XZ' is not a US venue
054937107,4,yahoo_search,US0549371070,1,BBT,Beacon Financial Corporation,NYQ,,EQUITY,False,name check: BB != BEACON
084310101,2,ID_ISIN,US0843101017,,,,,,,False,No identifier found.
084310101,3,ID_CUSIP,084310101,1,BLIUSD,BERKELEY LIGHTS INC,X9,Equity,Common Stock,False,exchCode 'X9' is not a US venue
084310101,3,ID_CUSIP,084310101,2,BLIEUR,BERKELEY LIGHTS INC,X9,Equity,Common Stock,False,exchCode 'X9' is not a US venue
084310101,4,yahoo_search,US0843101017,,,,,,,False,no result
08579W103,2,ID_ISIN,US08579W1036,,,,,,,False,No identifier found.
08579W103,3,ID_CUSIP,08579W103,1,BERYEUR,BERRY GLOBAL GROUP INC,XS,Equity,Common Stock,False,exchCode 'XS' is not a US venue
08579W103,3,ID_CUSIP,08579W103,2,BERYUSD,BERRY GLOBAL GROUP INC,XB,Equity,Common Stock,False,exchCode 'XB' is not a US venue
08579W103,3,ID_CUSIP,08579W103,3,BERYUSD,BERRY GLOBAL GROUP INC,XS,Equity,Common Stock,False,exchCode 'XS' is not a US venue
08579W103,3,ID_CUSIP,08579W103,4,BERYGBX,BERRY GLOBAL GROUP INC,XB,Equity,Common Stock,False,exchCode 'XB' is not a US venue
08579W103,3,ID_CUSIP,08579W103,5,BERYGBX,BERRY GLOBAL GROUP INC,XS,Equity,Common Stock,False,exchCode 'XS' is not a US venue
08579W103,3,ID_CUSIP,08579W103,6,BERYUSD,BERRY GLOBAL GROUP INC,X9,Equity,Common Stock,False,exchCode 'X9' is not a US venue
08579W103,3,ID_CUSIP,08579W103,7,BERYEUR,BERRY GLOBAL GROUP INC,X9,Equity,Common Stock,False,exchCode 'X9' is not a US venue
08579W103,3,ID_CUSIP,08579W103,8,BERY*,BERRY GLOBAL GROUP INC,MM,Equity,Common Stock,False,exchCode 'MM' is not a US venue
08579W103,3,ID_CUSIP,08579W103,9,BERY*,BERRY GLOBAL GROUP INC,MF,Equity,Common Stock,False,exchCode 'MF' is not a US venue
08579W103,3,ID_CUSIP,08579W103,10,BERY*,BERRY GLOBAL GROUP INC,MU,Equity,Common Stock,False,exchCode 'MU' is not a US venue
08579W103,4,yahoo_search,US08579W1036,,,,,,,False,no result
08862E109,2,ID_ISIN,US08862E1091,,,,,,,False,No identifier found.
08862E109,3,ID_CUSIP,08862E109,1,BYNDEUR,BEYOND MEAT INC,X1,Equity,Common Stock,False,exchCode 'X1' is not a US venue
08862E109,3,ID_CUSIP,08862E109,2,BYNDUSD,BEYOND MEAT INC,X1,Equity,Common Stock,False,exchCode 'X1' is not a US venue
08862E109,3,ID_CUSIP,08862E109,3,BYNDGBP,BEYOND MEAT INC,X1,Equity,Common Stock,False,exchCode 'X1' is not a US venue
08862E109,3,ID_CUSIP,08862E109,4,BYNDCHF,BEYOND MEAT INC,X1,Equity,Common Stock,False,exchCode 'X1' is not a US venue
08862E109,3,ID_CUSIP,08862E109,5,BYNDHUF,BEYOND MEAT INC,X2,Equity,Common Stock,False,exchCode 'X2' is not a US venue
08862E109,3,ID_CUSIP,08862E109,6,BYNDHUF,BEYOND MEAT INC,X1,Equity,Common Stock,False,exchCode 'X1' is not a US venue
08862E109,4,yahoo_search,US08862E1091,1,1BYND.MI,"Beyond Meat, Inc.",MIL,,EQUITY,False,exchange 'MIL' is not a US venue
09215C105,2,ID_ISIN,US09215C1053,,,,,,,False,No identifier found.
09215C105,3,ID_CUSIP,09215C105,1,BKIEUR,BLACK KNIGHT INC,XB,Equity,Common Stock,False,exchCode 'XB' is not a US venue
09215C105,3,ID_CUSIP,09215C105,2,BKIEUR,BLACK KNIGHT INC,XS,Equity,Common Stock,False,exchCode 'XS' is not a US venue
09215C105,3,ID_CUSIP,09215C105,3,BKIUSD,BLACK KNIGHT INC,XB,Equity,Common Stock,False,exchCode 'XB' is not a US venue
09215C105,3,ID_CUSIP,09215C105,4,BKIUSD,BLACK KNIGHT INC,XS,Equity,Common Stock,False,exchCode 'XS' is not a US venue
09215C105,3,ID_CUSIP,09215C105,5,BKIUSD,BLACK KNIGHT INC,X9,Equity,Common Stock,False,exchCode 'X9' is not a US venue
09215C105,3,ID_CUSIP,09215C105,6,BKIEUR,BLACK KNIGHT INC,X9,Equity,Common Stock,False,exchCode 'X9' is not a US venue
09215C105,4,yahoo_search,US09215C1053,,,,,,,False,no result
09247X101,2,ID_ISIN,US09247X1019,,,,,,,False,No identifier found.
09247X101,3,ID_CUSIP,09247X101,1,BLKCHF,BLACKROCK INC,XS,Equity,Common Stock,False,exchCode 'XS' is not a US venue
09247X101,3,ID_CUSIP,09247X101,2,BLKEUR,BLACKROCK INC,XS,Equity,Common Stock,False,exchCode 'XS' is not a US venue
09247X101,3,ID_CUSIP,09247X101,3,BLKUSD,BLACKROCK INC,XB,Equity,Common Stock,False,exchCode 'XB' is not a US venue
09247X101,3,ID_CUSIP,09247X101,4,BLKUSD,BLACKROCK INC,XE,Equity,Common Stock,False,exchCode 'XE' is not a US venue
09247X101,3,ID_CUSIP,09247X101,5,BLKUSD,BLACKROCK INC,XL,Equity,Common Stock,False,exchCode 'XL' is not a US venue
09247X101,3,ID_CUSIP,09247X101,6,BLKUSD,BLACKROCK INC,XS,Equity,Common Stock,False,exchCode 'XS' is not a US venue
09247X101,3,ID_CUSIP,09247X101,7,BLKUSD,BLACKROCK INC,XA,Equity,Common Stock,False,exchCode 'XA' is not a US venue
09247X101,3,ID_CUSIP,09247X101,8,BLKUSD,BLACKROCK INC,XU,Equity,Common Stock,False,exchCode 'XU' is not a US venue
09247X101,3,ID_CUSIP,09247X101,9,BLKGBP,BLACKROCK INC,XB,Equity,Common Stock,False,exchCode 'XB' is not a US venue
09247X101,3,ID_CUSIP,09247X101,10,BLKGBP,BLACKROCK INC,XE,Equity,Common Stock,False,exchCode 'XE' is not a US venue
09247X101,3,ID_CUSIP,09247X101,11,BLKGBP,BLACKROCK INC,XS,Equity,Common Stock,False,exchCode 'XS' is not a US venue
09247X101,3,ID_CUSIP,09247X101,12,BLKGBP,BLACKROCK INC,XW,Equity,Common Stock,False,exchCode 'XW' is not a US venue
09247X101,3,ID_CUSIP,09247X101,13,4BLK,BLACKROCK INC,TE,Equity,Common Stock,False,exchCode 'TE' is not a US venue
09247X101,3,ID_CUSIP,09247X101,14,BLKCHF,BLACKROCK INC,EP,Equity,Common Stock,False,exchCode 'EP' is not a US venue
09247X101,3,ID_CUSIP,09247X101,15,BLQAD,BLACKROCK INC,QX,Equity,Common Stock,False,exchCode 'QX' is not a US venue
09247X101,4,yahoo_search,US09247X1019,,,,,,,False,no result
09609G100,2,ID_ISIN,US09609G1004,,,,,,,False,No identifier found.
09609G100,3,ID_CUSIP,09609G100,,,,,,,False,No identifier found.
09609G100,4,yahoo_search,US09609G1004,,,,,,,False,no result
112585104,2,ID_ISIN,US1125851048,,,,,,,False,No identifier found.
112585104,3,ID_CUSIP,112585104,,,,,,,False,No identifier found.
112585104,4,yahoo_search,US1125851048,,,,,,,False,no result
11282X103,2,ID_ISIN,US11282X1037,,,,,,,False,No identifier found.
11282X103,3,ID_CUSIP,11282X103,,,,,,,False,No identifier found.
11282X103,4,yahoo_search,US11282X1037,,,,,,,False,no result
11284V105,2,ID_ISIN,CA11284V1058,,,,,,,False,No identifier found.
11284V105,3,ID_CUSIP,11284V105,,,,,,,False,No identifier found.
11284V105,4,yahoo_search,CA11284V1058,1,BEPC.TO,Brookfield Renewable Corporation,TOR,,EQUITY,False,exchange 'TOR' is not a US venue
124857202,2,ID_ISIN,US1248572026,,,,,,,False,No identifier found.
124857202,3,ID_CUSIP,124857202,,,,,,,False,No identifier found.
124857202,4,yahoo_search,US1248572026,,,,,,,False,no result
12508E101,2,ID_ISIN,US12508E1010,,,,,,,False,No identifier found.
12508E101,3,ID_CUSIP,12508E101,1,CDK,CDK GLOBAL INC,UW,Equity,Common Stock,True,
12508E101,3,ID_CUSIP,12508E101,2,CDKEUR,CDK GLOBAL INC,XS,Equity,Common Stock,False,an earlier result was accepted
12508E101,3,ID_CUSIP,12508E101,3,CDKUSD,CDK GLOBAL INC,XS,Equity,Common Stock,False,an earlier result was accepted
12508E101,3,ID_CUSIP,12508E101,4,CDKGBX,CDK GLOBAL INC,XB,Equity,Common Stock,False,an earlier result was accepted
12508E101,3,ID_CUSIP,12508E101,5,CDKGBX,CDK GLOBAL INC,XS,Equity,Common Stock,False,an earlier result was accepted
12508E101,3,ID_CUSIP,12508E101,6,CDKUSD,CDK GLOBAL INC,X9,Equity,Common Stock,False,an earlier result was accepted
125581801,2,ID_ISIN,US1255818015,,,,,,,False,No identifier found.
125581801,3,ID_CUSIP,125581801,1,CITUSD,CIT GROUP INC,XB,Equity,Common Stock,False,exchCode 'XB' is not a US venue
125581801,3,ID_CUSIP,125581801,2,CITUSD,CIT GROUP INC,XS,Equity,Common Stock,False,exchCode 'XS' is not a US venue
125581801,3,ID_CUSIP,125581801,3,CIT1EUR,CIT GROUP INC,XB,Equity,Common Stock,False,exchCode 'XB' is not a US venue
125581801,3,ID_CUSIP,125581801,4,CIT1EUR,CIT GROUP INC,XS,Equity,Common Stock,False,exchCode 'XS' is not a US venue
125581801,3,ID_CUSIP,125581801,5,CITUSD,CIT GROUP INC,X9,Equity,Common Stock,False,exchCode 'X9' is not a US venue
125581801,4,yahoo_search,US1255818015,,,,,,,False,no result
138098108,2,ID_ISIN,US1380981084,,,,,,,False,No identifier found.
138098108,3,ID_CUSIP,138098108,1,CMD,CANTEL MEDICAL CORP,UN,Equity,Common Stock,True,
138098108,3,ID_CUSIP,138098108,2,CMDUSD,CANTEL MEDICAL CORP,XB,Equity,Common Stock,False,an earlier result was accepted
138098108,3,ID_CUSIP,138098108,3,CMDUSD,CANTEL MEDICAL CORP,XS,Equity,Common Stock,False,an earlier result was accepted
138098108,3,ID_CUSIP,138098108,4,CMD1EUR,CANTEL MEDICAL CORP,XS,Equity,Common Stock,False,an earlier result was accepted
138098108,3,ID_CUSIP,138098108,5,CMD1EUR,CANTEL MEDICAL CORP,XH,Equity,Common Stock,False,an earlier result was accepted
138098108,3,ID_CUSIP,138098108,6,CMD1EUR,CANTEL MEDICAL CORP,XF,Equity,Common Stock,False,an earlier result was accepted
138098108,3,ID_CUSIP,138098108,7,CMD1EUR,CANTEL MEDICAL CORP,XD,Equity,Common Stock,False,an earlier result was accepted
138098108,3,ID_CUSIP,138098108,8,CMD1EUR,CANTEL MEDICAL CORP,XE,Equity,Common Stock,False,an earlier result was accepted
138098108,3,ID_CUSIP,138098108,9,CMD1EUR,CANTEL MEDICAL CORP,XJ,Equity,Common Stock,False,an earlier result was accepted
138098108,3,ID_CUSIP,138098108,10,CMD1EUR,CANTEL MEDICAL CORP,XL,Equity,Common Stock,False,an earlier result was accepted
138098108,3,ID_CUSIP,138098108,11,CMD1EUR,CANTEL MEDICAL CORP,XG,Equity,Common Stock,False,an earlier result was accepted
138098108,3,ID_CUSIP,138098108,12,CMD1EUR,CANTEL MEDICAL CORP,XO,Equity,Common Stock,False,an earlier result was accepted
138098108,3,ID_CUSIP,138098108,13,CMD1EUR,CANTEL MEDICAL CORP,XN,Equity,Common Stock,False,an earlier result was accepted
138098108,3,ID_CUSIP,138098108,14,CMD1EUR,CANTEL MEDICAL CORP,XA,Equity,Common Stock,False,an earlier result was accepted
138098108,3,ID_CUSIP,138098108,15,CMD1EUR,CANTEL MEDICAL CORP,E1,Equity,Common Stock,False,an earlier result was accepted
138098108,3,ID_CUSIP,138098108,16,CMD1EUR,CANTEL MEDICAL CORP,XT,Equity,Common Stock,False,an earlier result was accepted
138098108,3,ID_CUSIP,138098108,17,CMD1EUR,CANTEL MEDICAL CORP,XW,Equity,Common Stock,False,an earlier result was accepted
138098108,3,ID_CUSIP,138098108,18,CMD1EUR,CANTEL MEDICAL CORP,XU,Equity,Common Stock,False,an earlier result was accepted
138098108,3,ID_CUSIP,138098108,19,CMD1EUR,CANTEL MEDICAL CORP,XV,Equity,Common Stock,False,an earlier result was accepted
138098108,3,ID_CUSIP,138098108,20,CMD1EUR,CANTEL MEDICAL CORP,XQ,Equity,Common Stock,False,an earlier result was accepted
138098108,3,ID_CUSIP,138098108,21,CMD1EUR,CANTEL MEDICAL CORP,XX,Equity,Common Stock,False,an earlier result was accepted
138098108,3,ID_CUSIP,138098108,22,CMD1EUR,CANTEL MEDICAL CORP,XZ,Equity,Common Stock,False,an earlier result was accepted
138098108,3,ID_CUSIP,138098108,23,CMD1EUR,CANTEL MEDICAL CORP,EU,Equity,Common Stock,False,an earlier result was accepted
138098108,3,ID_CUSIP,138098108,24,CMD1EUR,CANTEL MEDICAL CORP,XY,Equity,Common Stock,False,an earlier result was accepted
143658300,2,ID_ISIN,PA1436583006,,,,,,,False,No identifier found.
143658300,3,ID_CUSIP,143658300,1,CCL1USD,CARNIVAL CORP,X1,Equity,Common Stock,False,exchCode 'X1' is not a US venue
143658300,3,ID_CUSIP,143658300,2,CCL1GBX,CARNIVAL CORP,X1,Equity,Common Stock,False,exchCode 'X1' is not a US venue
143658300,4,yahoo_search,PA1436583006,1,CCL1N.MX,Carnival Corporation Ltd.,MEX,,EQUITY,False,exchange 'MEX' is not a US venue
148806102,2,ID_ISIN,US1488061029,,,,,,,False,No identifier found.
148806102,3,ID_CUSIP,148806102,1,CTLTEUR,CATALENT INC,XS,Equity,Common Stock,False,exchCode 'XS' is not a US venue
148806102,3,ID_CUSIP,148806102,2,CTLTUSD,CATALENT INC,XS,Equity,Common Stock,False,exchCode 'XS' is not a US venue
148806102,3,ID_CUSIP,148806102,3,CTLTUSD,CATALENT INC,X9,Equity,Common Stock,False,exchCode 'X9' is not a US venue
148806102,3,ID_CUSIP,148806102,4,CTLTEUR,CATALENT INC,X9,Equity,Common Stock,False,exchCode 'X9' is not a US venue
148806102,4,yahoo_search,US1488061029,,,,,,,False,no result
151020104,2,ID_ISIN,US1510201049,,,,,,,False,No identifier found.
151020104,3,ID_CUSIP,151020104,1,CELG,CELGENE CORP,UW,Equity,Common Stock,True,
151020104,3,ID_CUSIP,151020104,2,CELG,CELGENE CORP,SW,Equity,Common Stock,False,an earlier result was accepted
151020104,3,ID_CUSIP,151020104,3,CELG,CELGENE CORP,SE,Equity,Common Stock,False,an earlier result was accepted
151020104,3,ID_CUSIP,151020104,4,CELGCHF,CELGENE CORP,XS,Equity,Common Stock,False,an earlier result was accepted
151020104,3,ID_CUSIP,151020104,5,CELGUSD,CELGENE CORP,XS,Equity,Common Stock,False,an earlier result was accepted
151020104,3,ID_CUSIP,151020104,6,CELGEUR,CELGENE CORP,XS,Equity,Common Stock,False,an earlier result was accepted
151020104,3,ID_CUSIP,151020104,7,CELGGBP,CELGENE CORP,XB,Equity,Common Stock,False,an earlier result was accepted
151020104,3,ID_CUSIP,151020104,8,CELGGBP,CELGENE CORP,XS,Equity,Common Stock,False,an earlier result was accepted
151020104,3,ID_CUSIP,151020104,9,CELGRUB,CELGENE CORP,XB,Equity,Common Stock,False,an earlier result was accepted
151020104,3,ID_CUSIP,151020104,10,CELGRUB,CELGENE CORP,XS,Equity,Common Stock,False,an earlier result was accepted
156700106,2,ID_ISIN,US1567001060,,,,,,,False,No identifier found.
156700106,3,ID_CUSIP,156700106,1,CTLEUR,CENTURYLINK INC,X2,Equity,Common Stock,False,exchCode 'X2' is not a US venue
156700106,3,ID_CUSIP,156700106,2,CTLEUR,CENTURYLINK INC,XB,Equity,Common Stock,False,exchCode 'XB' is not a US venue
156700106,3,ID_CUSIP,156700106,3,CTLEUR,LUMEN TECHNOLOGIES INC,XJ,Equity,Common Stock,False,exchCode 'XJ' is not a US venue
156700106,3,ID_CUSIP,156700106,4,CTLEUR,LUMEN TECHNOLOGIES INC,XS,Equity,Common Stock,False,exchCode 'XS' is not a US venue
156700106,3,ID_CUSIP,156700106,5,CTLEUR,CENTURYLINK INC,E1,Equity,Common Stock,False,exchCode 'E1' is not a US venue
156700106,3,ID_CUSIP,156700106,6,CTLEUR,CENTURYLINK INC,XQ,Equity,Common Stock,False,exchCode 'XQ' is not a US venue
156700106,3,ID_CUSIP,156700106,7,CTLEUR,CENTURYLINK INC,XX,Equity,Common Stock,False,exchCode 'XX' is not a US venue
156700106,3,ID_CUSIP,156700106,8,CTLEUR,CENTURYLINK INC,XZ,Equity,Common Stock,False,exchCode 'XZ' is not a US venue
156700106,3,ID_CUSIP,156700106,9,CTLUSD,CENTURYLINK INC,X2,Equity,Common Stock,False,exchCode 'X2' is not a US venue
156700106,3,ID_CUSIP,156700106,10,CTLUSD,CENTURYLINK INC,XB,Equity,Common Stock,False,exchCode 'XB' is not a US venue
156700106,3,ID_CUSIP,156700106,11,CTLUSD,LUMEN TECHNOLOGIES INC,XJ,Equity,Common Stock,False,exchCode 'XJ' is not a US venue
156700106,3,ID_CUSIP,156700106,12,CTLUSD,LUMEN TECHNOLOGIES INC,XS,Equity,Common Stock,False,exchCode 'XS' is not a US venue
156700106,3,ID_CUSIP,156700106,13,CTLUSD,CENTURYLINK INC,E1,Equity,Common Stock,False,exchCode 'E1' is not a US venue
156700106,3,ID_CUSIP,156700106,14,CTLUSD,CENTURYLINK INC,XQ,Equity,Common Stock,False,exchCode 'XQ' is not a US venue
156700106,3,ID_CUSIP,156700106,15,CTLUSD,CENTURYLINK INC,XX,Equity,Common Stock,False,exchCode 'XX' is not a US venue
156700106,3,ID_CUSIP,156700106,16,CTLUSD,CENTURYLINK INC,XZ,Equity,Common Stock,False,exchCode 'XZ' is not a US venue
156700106,3,ID_CUSIP,156700106,17,CTLGBX,CENTURYLINK INC,X2,Equity,Common Stock,False,exchCode 'X2' is not a US venue
156700106,3,ID_CUSIP,156700106,18,CTLGBX,CENTURYLINK INC,XB,Equity,Common Stock,False,exchCode 'XB' is not a US venue
156700106,3,ID_CUSIP,156700106,19,CTLGBX,LUMEN TECHNOLOGIES INC,XJ,Equity,Common Stock,False,exchCode 'XJ' is not a US venue
156700106,3,ID_CUSIP,156700106,20,CTLGBX,LUMEN TECHNOLOGIES INC,XS,Equity,Common Stock,False,exchCode 'XS' is not a US venue
156700106,3,ID_CUSIP,156700106,21,CTLGBX,CENTURYLINK INC,E1,Equity,Common Stock,False,exchCode 'E1' is not a US venue
156700106,3,ID_CUSIP,156700106,22,CTLGBX,CENTURYLINK INC,XQ,Equity,Common Stock,False,exchCode 'XQ' is not a US venue
156700106,3,ID_CUSIP,156700106,23,CTLGBX,CENTURYLINK INC,XX,Equity,Common Stock,False,exchCode 'XX' is not a US venue
156700106,3,ID_CUSIP,156700106,24,CTLGBX,CENTURYLINK INC,XZ,Equity,Common Stock,False,exchCode 'XZ' is not a US venue
156700106,3,ID_CUSIP,156700106,25,CTLEUR,CENTURYLINK INC,X9,Equity,Common Stock,False,exchCode 'X9' is not a US venue
156700106,3,ID_CUSIP,156700106,26,CTLUSD,CENTURYLINK INC,X9,Equity,Common Stock,False,exchCode 'X9' is not a US venue
156700106,4,yahoo_search,US1567001060,,,,,,,False,no result
15677J108,2,ID_ISIN,US15677J1088,,,,,,,False,No identifier found.
15677J108,3,ID_CUSIP,15677J108,1,DAY,DAYFORCE INC,CN,Equity,Common Stock,False,exchCode 'CN' is not a US venue
15677J108,3,ID_CUSIP,15677J108,2,DAY,DAYFORCE INC,TR,Equity,Common Stock,False,exchCode 'TR' is not a US venue
15677J108,3,ID_CUSIP,15677J108,3,DAY,DAYFORCE INC,TX,Equity,Common Stock,False,exchCode 'TX' is not a US venue
15677J108,3,ID_CUSIP,15677J108,4,DAY,DAYFORCE INC,DT,Equity,Common Stock,False,exchCode 'DT' is not a US venue
15677J108,3,ID_CUSIP,15677J108,5,DAY,DAYFORCE INC,DG,Equity,Common Stock,False,exchCode 'DG' is not a US venue
15677J108,3,ID_CUSIP,15677J108,6,CQL,DAYFORCE INC,GR,Equity,Common Stock,False,exchCode 'GR' is not a US venue
15677J108,3,ID_CUSIP,15677J108,7,CQL,DAYFORCE INC,GF,Equity,Common Stock,False,exchCode 'GF' is not a US venue
15677J108,3,ID_CUSIP,15677J108,8,CQL,DAYFORCE INC,GD,Equity,Common Stock,False,exchCode 'GD' is not a US venue
15677J108,3,ID_CUSIP,15677J108,9,CQL,DAYFORCE INC,GS,Equity,Common Stock,False,exchCode 'GS' is not a US venue
15677J108,3,ID_CUSIP,15677J108,10,CQL,DAYFORCE INC,GM,Equity,Common Stock,False,exchCode 'GM' is not a US venue
15677J108,3,ID_CUSIP,15677J108,11,CDAYEUR,CERIDIAN HCM HOLDING INC,XS,Equity,Common Stock,False,exchCode 'XS' is not a US venue
15677J108,3,ID_CUSIP,15677J108,12,CDAYEUR,DAYFORCE INC,EU,Equity,Common Stock,False,exchCode 'EU' is not a US venue
15677J108,3,ID_CUSIP,15677J108,13,CDAYUSD,DAYFORCE INC,XH,Equity,Common Stock,False,exchCode 'XH' is not a US venue
15677J108,3,ID_CUSIP,15677J108,14,CDAYUSD,DAYFORCE INC,XG,Equity,Common Stock,False,exchCode 'XG' is not a US venue
15677J108,3,ID_CUSIP,15677J108,15,CDAYUSD,DAYFORCE INC,XA,Equity,Common Stock,False,exchCode 'XA' is not a US venue
15677J108,3,ID_CUSIP,15677J108,16,CDAYUSD,DAYFORCE INC,EU,Equity,Common Stock,False,exchCode 'EU' is not a US venue
15677J108,3,ID_CUSIP,15677J108,17,CQL,DAYFORCE INC,GZ,Equity,Common Stock,False,exchCode 'GZ' is not a US venue
15677J108,3,ID_CUSIP,15677J108,18,CDAYN,DAYFORCE INC,PO,Equity,Common Stock,False,exchCode 'PO' is not a US venue
15677J108,3,ID_CUSIP,15677J108,19,CDAYN,DAYFORCE INC,B3,Equity,Common Stock,False,exchCode 'B3' is not a US venue
15677J108,3,ID_CUSIP,15677J108,20,CDAYUSD,DAYFORCE INC,EZ,Equity,Common Stock,False,exchCode 'EZ' is not a US venue
15677J108,3,ID_CUSIP,15677J108,21,CDAYEUR,DAYFORCE INC,EP,Equity,Common Stock,False,exchCode 'EP' is not a US venue
15677J108,3,ID_CUSIP,15677J108,22,CDAYEUR,DAYFORCE INC,EZ,Equity,Common Stock,False,exchCode 'EZ' is not a US venue
15677J108,3,ID_CUSIP,15677J108,23,CDAYN,DAYFORCE INC,L1,Equity,Common Stock,False,exchCode 'L1' is not a US venue
15677J108,3,ID_CUSIP,15677J108,24,DAY*,DAYFORCE INC,MM,Equity,Common Stock,False,exchCode 'MM' is not a US venue
15677J108,3,ID_CUSIP,15677J108,25,DAY*,DAYFORCE INC,MF,Equity,Common Stock,False,exchCode 'MF' is not a US venue
15677J108,3,ID_CUSIP,15677J108,26,DAY*,DAYFORCE INC,MU,Equity,Common Stock,False,exchCode 'MU' is not a US venue
15677J108,3,ID_CUSIP,15677J108,27,CDAYEUR,CERIDIAN HCM HOLDING INC,X9,Equity,Common Stock,False,exchCode 'X9' is not a US venue
15677J108,3,ID_CUSIP,15677J108,28,CDAYCAD,CERIDIAN HCM HOLDING INC,XS,Equity,Common Stock,False,exchCode 'XS' is not a US venue
15677J108,3,ID_CUSIP,15677J108,29,CDAYCAD,DAYFORCE INC,EU,Equity,Common Stock,False,exchCode 'EU' is not a US venue
15677J108,3,ID_CUSIP,15677J108,30,CQL,DAYFORCE INC,LA,Equity,Common Stock,False,exchCode 'LA' is not a US venue
15677J108,3,ID_CUSIP,15677J108,31,DAY,DAYFORCE INC,SW,Equity,Common Stock,False,exchCode 'SW' is not a US venue
15677J108,3,ID_CUSIP,15677J108,32,DAY,DAYFORCE INC,BW,Equity,Common Stock,False,exchCode 'BW' is not a US venue
15677J108,3,ID_CUSIP,15677J108,33,DAY,DAYFORCE INC,OC,Equity,Common Stock,False,exchCode 'OC' is not a US venue
15677J108,4,yahoo_search,US15677J1088,,,,,,,False,no result
156782104,2,ID_ISIN,US1567821046,,,,,,,False,No identifier found.
156782104,3,ID_CUSIP,156782104,1,CERNCHF,CERNER CORP,XS,Equity,Common Stock,False,exchCode 'XS' is not a US venue
156782104,3,ID_CUSIP,156782104,2,CERNEUR,CERNER CORP,XS,Equity,Common Stock,False,exchCode 'XS' is not a US venue
156782104,3,ID_CUSIP,156782104,3,CERNUSD,CERNER CORP,XB,Equity,Common Stock,False,exchCode 'XB' is not a US venue
156782104,3,ID_CUSIP,156782104,4,CERNUSD,CERNER CORP,XS,Equity,Common Stock,False,exchCode 'XS' is not a US venue
156782104,3,ID_CUSIP,156782104,5,CERNGBP,CERNER CORP,XB,Equity,Common Stock,False,exchCode 'XB' is not a US venue
156782104,3,ID_CUSIP,156782104,6,CERNGBP,CERNER CORP,XS,Equity,Common Stock,False,exchCode 'XS' is not a US venue
156782104,3,ID_CUSIP,156782104,7,CERNEUR,CERNER CORP,X9,Equity,Common Stock,False,exchCode 'X9' is not a US venue
156782104,3,ID_CUSIP,156782104,8,CERNUSD,CERNER CORP,X9,Equity,Common Stock,False,exchCode 'X9' is not a US venue
156782104,4,yahoo_search,US1567821046,,,,,,,False,no result
15872M104,2,ID_ISIN,US15872M1045,,,,,,,False,No identifier found.
15872M104,3,ID_CUSIP,15872M104,1,APY1EUR,CHAMPIONX CORP,EU,Equity,Common Stock,False,exchCode 'EU' is not a US venue
15872M104,3,ID_CUSIP,15872M104,2,APY1USD,CHAMPIONX CORP,X9,Equity,Common Stock,False,exchCode 'X9' is not a US venue
15872M104,3,ID_CUSIP,15872M104,3,X9P,CHAMPIONX CORP,GZ,Equity,Common Stock,False,exchCode 'GZ' is not a US venue
15872M104,3,ID_CUSIP,15872M104,4,X9P,CHAMPIONX CORP,QT,Equity,Common Stock,False,exchCode 'QT' is not a US venue
15872M104,3,ID_CUSIP,15872M104,5,APY1EUR,CHAMPIONX CORP,X9,Equity,Common Stock,False,exchCode 'X9' is not a US venue
15872M104,3,ID_CUSIP,15872M104,6,1CHX,CHAMPIONX CORP,IM,Equity,Common Stock,False,exchCode 'IM' is not a US venue
15872M104,3,ID_CUSIP,15872M104,7,1CHX,CHAMPIONX CORP,IF,Equity,Common Stock,False,exchCode 'IF' is not a US venue
15872M104,3,ID_CUSIP,15872M104,8,CHX,CHAMPIONX CORP,SW,Equity,Common Stock,False,exchCode 'SW' is not a US venue
15872M104,4,yahoo_search,US15872M1045,,,,,,,False,no result
15912K100,2,ID_ISIN,US15912K1007,,,,,,,False,No identifier found.
15912K100,3,ID_CUSIP,15912K100,1,CHNGUSD,CHANGE HEALTHCARE INC,X9,Equity,Common Stock,False,exchCode 'X9' is not a US venue
15912K100,4,yahoo_search,US15912K1007,,,,,,,False,no result
15961R105,2,ID_ISIN,US15961R1059,,,,,,,False,No identifier found.
15961R105,3,ID_CUSIP,15961R105,,,,,,,False,No identifier found.
15961R105,4,yahoo_search,US15961R1059,1,CHPT,"ChargePoint Holdings, Inc.",NYQ,,EQUITY,True,
171798101,2,ID_ISIN,US1717981013,,,,,,,False,No identifier found.
171798101,3,ID_CUSIP,171798101,1,XECEUR,CIMAREX ENERGY CO,XS,Equity,Common Stock,False,exchCode 'XS' is not a US venue
171798101,3,ID_CUSIP,171798101,2,XECUSD,CIMAREX ENERGY CO,XB,Equity,Common Stock,False,exchCode 'XB' is not a US venue
171798101,3,ID_CUSIP,171798101,3,XECUSD,CIMAREX ENERGY CO,XS,Equity,Common Stock,False,exchCode 'XS' is not a US venue
171798101,4,yahoo_search,US1717981013,,,,,,,False,no result
177376100,2,ID_ISIN,US1773761002,,,,,,,False,No identifier found.
177376100,3,ID_CUSIP,177376100,1,CTXSEUR,CITRIX SYSTEMS INC,XS,Equity,Common Stock,False,exchCode 'XS' is not a US venue
177376100,3,ID_CUSIP,177376100,2,CTXS,CITRIX SYSTEMS INC,AV,Equity,Common Stock,False,exchCode 'AV' is not a US venue
177376100,3,ID_CUSIP,177376100,3,CTXSUSD,CITRIX SYSTEMS INC,XB,Equity,Common Stock,False,exchCode 'XB' is not a US venue
177376100,3,ID_CUSIP,177376100,4,CTXSUSD,CITRIX SYSTEMS INC,XS,Equity,Common Stock,False,exchCode 'XS' is not a US venue
177376100,3,ID_CUSIP,177376100,5,CTXS,CITRIX SYSTEMS INC,TE,Equity,Common Stock,False,exchCode 'TE' is not a US venue
177376100,3,ID_CUSIP,177376100,6,CTXSEUR,CITRIX SYSTEMS INC,X9,Equity,Common Stock,False,exchCode 'X9' is not a US venue
177376100,4,yahoo_search,US1773761002,,,,,,,False,no result
17888H103,2,ID_ISIN,US17888H1032,,,,,,,False,No identifier found.
17888H103,3,ID_CUSIP,17888H103,1,CIVI,CIVITAS RESOURCES INC,UP,Equity,Common Stock,True,
17888H103,3,ID_CUSIP,17888H103,2,CIVI,CIVITAS RESOURCES INC,UM,Equity,Common Stock,False,an earlier result was accepted
17888H103,3,ID_CUSIP,17888H103,3,CIVI,CIVITAS RESOURCES INC,VJ,Equity,Common Stock,False,an earlier result was accepted
17888H103,3,ID_CUSIP,17888H103,4,B2C,CIVITAS RESOURCES INC,QT,Equity,Common Stock,False,an earlier result was accepted
17888H103,3,ID_CUSIP,17888H103,5,BCEI1EUR,CIVITAS RESOURCES INC,EO,Equity,Common Stock,False,an earlier result was accepted
17888H103,3,ID_CUSIP,17888H103,6,BCEI1EUR,CIVITAS RESOURCES INC,EU,Equity,Common Stock,False,an earlier result was accepted
17888H103,3,ID_CUSIP,17888H103,7,B2C,CIVITAS RESOURCES INC,GR,Equity,Common Stock,False,an earlier result was accepted
17888H103,3,ID_CUSIP,17888H103,8,BCEI1USD,CIVITAS RESOURCES INC,EO,Equity,Common Stock,False,an earlier result was accepted
17888H103,3,ID_CUSIP,17888H103,9,BCEI1USD,CIVITAS RESOURCES INC,XE,Equity,Common Stock,False,an earlier result was accepted
17888H103,3,ID_CUSIP,17888H103,10,BCEI1USD,CIVITAS RESOURCES INC,XJ,Equity,Common Stock,False,an earlier result was accepted
17888H103,3,ID_CUSIP,17888H103,11,BCEI1USD,CIVITAS RESOURCES INC,XL,Equity,Common Stock,False,an earlier result was accepted
17888H103,3,ID_CUSIP,17888H103,12,BCEI1USD,CIVITAS RESOURCES INC,XO,Equity,Common Stock,False,an earlier result was accepted
17888H103,3,ID_CUSIP,17888H103,13,BCEI1GBP,CIVITAS RESOURCES INC,EO,Equity,Common Stock,False,an earlier result was accepted
17888H103,3,ID_CUSIP,17888H103,14,BCEI1GBP,CIVITAS RESOURCES INC,XQ,Equity,Common Stock,False,an earlier result was accepted
17888H103,3,ID_CUSIP,17888H103,15,BCEI1GBP,CIVITAS RESOURCES INC,EU,Equity,Common Stock,False,an earlier result was accepted
17888H103,3,ID_CUSIP,17888H103,16,B2C,CIVITAS RESOURCES INC,SW,Equity,Common Stock,False,an earlier result was accepted
17888H103,3,ID_CUSIP,17888H103,17,B2C,CIVITAS RESOURCES INC,BW,Equity,Common Stock,False,an earlier result was accepted
17888H103,3,ID_CUSIP,17888H103,18,BCEI1USD,CIVITAS RESOURCES INC,X9,Equity,Common Stock,False,an earlier result was accepted
17888H103,3,ID_CUSIP,17888H103,19,B2C,CIVITAS RESOURCES INC,GZ,Equity,Common Stock,False,an earlier result was accepted
17888H103,3,ID_CUSIP,17888H103,20,B2C,CIVITAS RESOURCES INC,LA,Equity,Common Stock,False,an earlier result was accepted
17888H103,3,ID_CUSIP,17888H103,21,BCEI1EUR,CIVITAS RESOURCES INC,X9,Equity,Common Stock,False,an earlier result was accepted
185123106,2,ID_ISIN,US1851231068,,,,,,,False,No identifier found.
185123106,3,ID_CUSIP,185123106,1,CWAN,CLEARWATER ANALYTICS HDS-A,VT,Equity,Common Stock,False,exchCode 'VT' is not a US venue
185123106,4,yahoo_search,US1851231068,,,,,,,False,no result
192479103,2,ID_ISIN,US1924791031,,,,,,,False,No identifier found.
192479103,3,ID_CUSIP,192479103,1,COHREUR,COHERENT INC,XS,Equity,Common Stock,False,exchCode 'XS' is not a US venue
192479103,3,ID_CUSIP,192479103,2,COHRUSD,COHERENT INC,XB,Equity,Common Stock,False,exchCode 'XB' is not a US venue
192479103,3,ID_CUSIP,192479103,3,COHRUSD,COHERENT INC,XS,Equity,Common Stock,False,exchCode 'XS' is not a US venue
192479103,3,ID_CUSIP,192479103,4,COHRGBP,COHERENT INC,XB,Equity,Common Stock,False,exchCode 'XB' is not a US venue
192479103,3,ID_CUSIP,192479103,5,COHRGBP,COHERENT INC,XS,Equity,Common Stock,False,exchCode 'XS' is not a US venue
192479103,3,ID_CUSIP,192479103,6,COHRUSD,COHERENT INC,X9,Equity,Common Stock,False,exchCode 'X9' is not a US venue
192479103,4,yahoo_search,US1924791031,,,,,,,False,no result
19626G108,2,ID_ISIN,US19626G1085,,,,,,,False,No identifier found.
19626G108,3,ID_CUSIP,19626G108,,,,,,,False,No identifier found.
19626G108,4,yahoo_search,US19626G1085,,,,,,,False,no result
20605P101,2,ID_ISIN,US20605P1012,,,,,,,False,No identifier found.
20605P101,3,ID_CUSIP,20605P101,1,CXOEUR,CONCHO RESOURCES INC,XS,Equity,Common Stock,False,exchCode 'XS' is not a US venue
20605P101,3,ID_CUSIP,20605P101,2,CXOUSD,CONCHO RESOURCES INC,XB,Equity,Common Stock,False,exchCode 'XB' is not a US venue
20605P101,3,ID_CUSIP,20605P101,3,CXOUSD,CONCHO RESOURCES INC,XS,Equity,Common Stock,False,exchCode 'XS' is not a US venue
20605P101,3,ID_CUSIP,20605P101,4,CXOUSD,CONCHO RESOURCES INC,X9,Equity,Common Stock,False,exchCode 'X9' is not a US venue
20605P101,4,yahoo_search,US20605P1012,,,,,,,False,no result
20717M103,2,ID_ISIN,US20717M1036,,,,,,,False,No identifier found.
20717M103,3,ID_CUSIP,20717M103,1,8QR,CONFLUENT INC-CLASS A,GR,Equity,Common Stock,False,exchCode 'GR' is not a US venue
20717M103,3,ID_CUSIP,20717M103,2,8QR,CONFLUENT INC-CLASS A,GF,Equity,Common Stock,False,exchCode 'GF' is not a US venue
20717M103,3,ID_CUSIP,20717M103,3,8QR,CONFLUENT INC-CLASS A,GH,Equity,Common Stock,False,exchCode 'GH' is not a US venue
20717M103,3,ID_CUSIP,20717M103,4,8QR,CONFLUENT INC-CLASS A,GZ,Equity,Common Stock,False,exchCode 'GZ' is not a US venue
20717M103,3,ID_CUSIP,20717M103,5,CFLTEUR,CONFLUENT INC-CLASS A,XW,Equity,Common Stock,False,exchCode 'XW' is not a US venue
20717M103,3,ID_CUSIP,20717M103,6,CFLTEUR,CONFLUENT INC-CLASS A,EU,Equity,Common Stock,False,exchCode 'EU' is not a US venue
20717M103,3,ID_CUSIP,20717M103,7,CFLTUSD,CONFLUENT INC-CLASS A,X2,Equity,Common Stock,False,exchCode 'X2' is not a US venue
20717M103,3,ID_CUSIP,20717M103,8,CFLTGBP,CONFLUENT INC-CLASS A,XW,Equity,Common Stock,False,exchCode 'XW' is not a US venue
20717M103,3,ID_CUSIP,20717M103,9,CFLTGBP,CONFLUENT INC-CLASS A,EU,Equity,Common Stock,False,exchCode 'EU' is not a US venue
20717M103,3,ID_CUSIP,20717M103,10,8QR,CONFLUENT INC-CLASS A,QT,Equity,Common Stock,False,exchCode 'QT' is not a US venue
20717M103,3,ID_CUSIP,20717M103,11,CFLT*,CONFLUENT INC-CLASS A,MM,Equity,Common Stock,False,exchCode 'MM' is not a US venue
20717M103,3,ID_CUSIP,20717M103,12,CFLT*,CONFLUENT INC-CLASS A,MF,Equity,Common Stock,False,exchCode 'MF' is not a US venue
20717M103,3,ID_CUSIP,20717M103,13,CFLT*,CONFLUENT INC-CLASS A,MU,Equity,Common Stock,False,exchCode 'MU' is not a US venue
20717M103,3,ID_CUSIP,20717M103,14,8QR,CONFLUENT INC-CLASS A,LA,Equity,Common Stock,False,exchCode 'LA' is not a US venue
20717M103,3,ID_CUSIP,20717M103,15,CFLTEUR,CONFLUENT INC-CLASS A,X9,Equity,Common Stock,False,exchCode 'X9' is not a US venue
20717M103,3,ID_CUSIP,20717M103,16,8QRD,CONFLUENT INC-CLASS A,L1,Equity,Common Stock,False,exchCode 'L1' is not a US venue
20717M103,3,ID_CUSIP,20717M103,17,8QRD,CONFLUENT INC-CLASS A,L3,Equity,Common Stock,False,exchCode 'L3' is not a US venue
20717M103,3,ID_CUSIP,20717M103,18,8QRD,CONFLUENT INC-CLASS A,B3,Equity,Common Stock,False,exchCode 'B3' is not a US venue
20717M103,3,ID_CUSIP,20717M103,19,8QRD,CONFLUENT INC-CLASS A,PO,Equity,Common Stock,False,exchCode 'PO' is not a US venue
20717M103,3,ID_CUSIP,20717M103,20,1CFLT,CONFLUENT INC-CLASS A,IM,Equity,Common Stock,False,exchCode 'IM' is not a US venue
20717M103,3,ID_CUSIP,20717M103,21,1CFLT,CONFLUENT INC-CLASS A,IF,Equity,Common Stock,False,exchCode 'IF' is not a US venue
20717M103,3,ID_CUSIP,20717M103,22,CFLT,CONFLUENT INC-CLASS A,SW,Equity,Common Stock,False,exchCode 'SW' is not a US venue
20717M103,3,ID_CUSIP,20717M103,23,CFLT,CONFLUENT INC-CLASS A,BW,Equity,Common Stock,False,exchCode 'BW' is not a US venue
20717M103,4,yahoo_search,US20717M1036,,,,,,,False,no result
212015101,2,ID_ISIN,US2120151012,,,,,,,False,No identifier found.
212015101,3,ID_CUSIP,212015101,1,CLRUSD,CONTINENTAL RESOURCES INC/OK,X2,Equity,Common Stock,False,exchCode 'X2' is not a US venue
212015101,3,ID_CUSIP,212015101,2,CLRUSD,CONTINENTAL RESOURCES INC/OK,XB,Equity,Common Stock,False,exchCode 'XB' is not a US venue
212015101,3,ID_CUSIP,212015101,3,CLRUSD,CONTINENTAL RESOURCES INC/OK,XS,Equity,Common Stock,False,exchCode 'XS' is not a US venue
212015101,3,ID_CUSIP,212015101,4,CLR1EUR,CONTINENTAL RESOURCES INC/OK,XB,Equity,Common Stock,False,exchCode 'XB' is not a US venue
212015101,3,ID_CUSIP,212015101,5,CLR1EUR,CONTINENTAL RESOURCES INC/OK,XS,Equity,Common Stock,False,exchCode 'XS' is not a US venue
212015101,3,ID_CUSIP,212015101,6,CLRUSD,CONTINENTAL RESOURCES INC/OK,X9,Equity,Common Stock,False,exchCode 'X9' is not a US venue
212015101,3,ID_CUSIP,212015101,7,CLR1EUR,CONTINENTAL RESOURCES INC/OK,X9,Equity,Common Stock,False,exchCode 'X9' is not a US venue
212015101,4,yahoo_search,US2120151012,,,,,,,False,no result
216648402,2,ID_ISIN,US2166484020,,,,,,,False,No identifier found.
216648402,3,ID_CUSIP,216648402,,,,,,,False,No identifier found.
216648402,4,yahoo_search,US2166484020,1,COO.MX,"The Cooper Companies, Inc.",MEX,,EQUITY,False,exchange 'MEX' is not a US venue
21870Q105,2,ID_ISIN,US21870Q1058,,,,,,,False,No identifier found.
21870Q105,3,ID_CUSIP,21870Q105,1,COR1EUR,CORESITE REALTY CORP,XS,Equity,REIT,False,exchCode 'XS' is not a US venue
21870Q105,3,ID_CUSIP,21870Q105,2,COR1USD,CORESITE REALTY CORP,XB,Equity,REIT,False,exchCode 'XB' is not a US venue
21870Q105,3,ID_CUSIP,21870Q105,3,COR1USD,CORESITE REALTY CORP,XS,Equity,REIT,False,exchCode 'XS' is not a US venue
21870Q105,3,ID_CUSIP,21870Q105,4,COR11GBX,CORESITE REALTY CORP,B1,Equity,REIT,False,exchCode 'B1' is not a US venue
21870Q105,3,ID_CUSIP,21870Q105,5,COR1USD,CORESITE REALTY CORP,X9,Equity,REIT,False,exchCode 'X9' is not a US venue
21870Q105,4,yahoo_search,US21870Q1058,,,,,,,False,no result
21871D103,2,ID_ISIN,US21871D1037,,,,,,,False,No identifier found.
21871D103,3,ID_CUSIP,21871D103,1,CLGX,CORELOGIC INC,UN,Equity,Common Stock,True,
21871D103,3,ID_CUSIP,21871D103,2,CLGXUSD,CORELOGIC INC,XB,Equity,Common Stock,False,an earlier result was accepted
21871D103,3,ID_CUSIP,21871D103,3,CLGXUSD,CORELOGIC INC,XS,Equity,Common Stock,False,an earlier result was accepted
22266L106,2,ID_ISIN,US22266L1061,,,,,,,False,No identifier found.
22266L106,3,ID_CUSIP,22266L106,1,COUPEUR,COUPA SOFTWARE INC,XS,Equity,Common Stock,False,exchCode 'XS' is not a US venue
22266L106,3,ID_CUSIP,22266L106,2,COUPUSD,COUPA SOFTWARE INC,XB,Equity,Common Stock,False,exchCode 'XB' is not a US venue
22266L106,3,ID_CUSIP,22266L106,3,COUPUSD,COUPA SOFTWARE INC,XS,Equity,Common Stock,False,exchCode 'XS' is not a US venue
22266L106,3,ID_CUSIP,22266L106,4,COUPGBX,COUPA SOFTWARE INC,XB,Equity,Common Stock,False,exchCode 'XB' is not a US venue
22266L106,3,ID_CUSIP,22266L106,5,COUPGBX,COUPA SOFTWARE INC,XS,Equity,Common Stock,False,exchCode 'XS' is not a US venue
22266L106,3,ID_CUSIP,22266L106,6,COUPUSD,COUPA SOFTWARE INC,X9,Equity,Common Stock,False,exchCode 'X9' is not a US venue
22266L106,3,ID_CUSIP,22266L106,7,COUPEUR,COUPA SOFTWARE INC,X9,Equity,Common Stock,False,exchCode 'X9' is not a US venue
22266L106,4,yahoo_search,US22266L1061,,,,,,,False,no result
225447101,2,ID_ISIN,US2254471012,,,,,,,False,No identifier found.
225447101,3,ID_CUSIP,225447101,,,,,,,False,No identifier found.
225447101,4,yahoo_search,US2254471012,,,,,,,False,no result
23821D100,2,ID_ISIN,US23821D1000,,,,,,,False,No identifier found.
23821D100,3,ID_CUSIP,23821D100,,,,,,,False,No identifier found.
23821D100,4,yahoo_search,US23821D1000,,,,,,,False,no result
25401T108,2,ID_ISIN,US25401T1088,,,,,,,False,No identifier found.
25401T108,3,ID_CUSIP,25401T108,,,,,,,False,No identifier found.
25401T108,4,yahoo_search,US25401T1088,,,,,,,False,no result
25401T603,2,ID_ISIN,US25401T6038,,,,,,,False,No identifier found.
25401T603,3,ID_CUSIP,25401T603,1,6CL,DIGITALBRIDGE GROUP INC,GR,Equity,Common Stock,False,exchCode 'GR' is not a US venue
25401T603,3,ID_CUSIP,25401T603,2,6CL,DIGITALBRIDGE GROUP INC,GS,Equity,Common Stock,False,exchCode 'GS' is not a US venue
25401T603,3,ID_CUSIP,25401T603,3,0YY7,DIGITALBRIDGE GROUP INC,LN,Equity,Common Stock,False,exchCode 'LN' is not a US venue
25401T603,3,ID_CUSIP,25401T603,4,DBRGEUR,DIGITALBRIDGE GROUP INC,ER,Equity,Common Stock,False,exchCode 'ER' is not a US venue
25401T603,3,ID_CUSIP,25401T603,5,DBRGGBP,DIGITALBRIDGE GROUP INC,ER,Equity,Common Stock,False,exchCode 'ER' is not a US venue
25401T603,3,ID_CUSIP,25401T603,6,DBRG,DIGITALBRIDGE GROUP INC,ER,Equity,Common Stock,False,exchCode 'ER' is not a US venue
25401T603,3,ID_CUSIP,25401T603,7,DBRGL,DIGITALBRIDGE GROUP INC,ER,Equity,Common Stock,False,exchCode 'ER' is not a US venue
25401T603,4,yahoo_search,US25401T6038,1,DBRG,"DigitalBridge Group, Inc.",NYQ,,EQUITY,True,
254709108,2,ID_ISIN,US2547091080,,,,,,,False,No identifier found.
254709108,3,ID_CUSIP,254709108,1,DFSEUR,DISCOVER FINANCIAL SERVICES,XS,Equity,Common Stock,False,exchCode 'XS' is not a US venue
254709108,3,ID_CUSIP,254709108,2,DFSUSD,DISCOVER FINANCIAL SERVICES,XB,Equity,Common Stock,False,exchCode 'XB' is not a US venue
254709108,3,ID_CUSIP,254709108,3,DFSUSD,DISCOVER FINANCIAL SERVICES,XS,Equity,Common Stock,False,exchCode 'XS' is not a US venue
254709108,3,ID_CUSIP,254709108,4,DFS*,DISCOVER FINANCIAL SERVICES,MF,Equity,Common Stock,False,exchCode 'MF' is not a US venue
254709108,3,ID_CUSIP,254709108,5,DFS*,DISCOVER FINANCIAL SERVICES,MU,Equity,Common Stock,False,exchCode 'MU' is not a US venue
254709108,3,ID_CUSIP,254709108,6,DFS1GBX,DISCOVER FINANCIAL SERVICES,XS,Equity,Common Stock,False,exchCode 'XS' is not a US venue
254709108,3,ID_CUSIP,254709108,7,DC7,DISCOVER FINANCIAL SERVICES,TE,Equity,Common Stock,False,exchCode 'TE' is not a US venue
254709108,3,ID_CUSIP,254709108,8,DFSUSD,DISCOVER FINANCIAL SERVICES,X9,Equity,Common Stock,False,exchCode 'X9' is not a US venue
254709108,3,ID_CUSIP,254709108,9,DFSEUR,DISCOVER FINANCIAL SERVICES,X9,Equity,Common Stock,False,exchCode 'X9' is not a US venue
254709108,3,ID_CUSIP,254709108,10,DFS,DISCOVER FINANCIAL SERVICES,AV,Equity,Common Stock,False,exchCode 'AV' is not a US venue
254709108,4,yahoo_search,US2547091080,,,,,,,False,no result
25470F104,2,ID_ISIN,US25470F1049,,,,,,,False,No identifier found.
25470F104,3,ID_CUSIP,25470F104,1,DISCAUSD,DISCOVERY INC - A,X9,Equity,Common Stock,False,exchCode 'X9' is not a US venue
25470F104,3,ID_CUSIP,25470F104,2,DISCAEUR,DISCOVERY INC - A,X9,Equity,Common Stock,False,exchCode 'X9' is not a US venue
25470F104,4,yahoo_search,US25470F1049,,,,,,,False,no result
25470F302,2,ID_ISIN,US25470F3029,,,,,,,False,No identifier found.
25470F302,3,ID_CUSIP,25470F302,1,DISCKUSD,DISCOVERY INC-C,X9,Equity,Common Stock,False,exchCode 'X9' is not a US venue
25470F302,3,ID_CUSIP,25470F302,2,DISCKEUR,DISCOVERY INC-C,X9,Equity,Common Stock,False,exchCode 'X9' is not a US venue
25470F302,4,yahoo_search,US25470F3029,,,,,,,False,no result
25470M109,2,ID_ISIN,US25470M1099,,,,,,,False,No identifier found.
25470M109,3,ID_CUSIP,25470M109,1,DISH,DISH NETWORK CORP-A,AV,Equity,Common Stock,False,exchCode 'AV' is not a US venue
25470M109,3,ID_CUSIP,25470M109,2,DISHEUR,DISH NETWORK CORP-A,XB,Equity,Common Stock,False,exchCode 'XB' is not a US venue
25470M109,3,ID_CUSIP,25470M109,3,DISHEUR,DISH NETWORK CORP-A,XS,Equity,Common Stock,False,exchCode 'XS' is not a US venue
25470M109,3,ID_CUSIP,25470M109,4,DISHUSD,DISH NETWORK CORP-A,XB,Equity,Common Stock,False,exchCode 'XB' is not a US venue
25470M109,3,ID_CUSIP,25470M109,5,DISHUSD,DISH NETWORK CORP-A,XS,Equity,Common Stock,False,exchCode 'XS' is not a US venue
25470M109,3,ID_CUSIP,25470M109,6,DISHUSD,DISH NETWORK CORP-A,X9,Equity,Common Stock,False,exchCode 'X9' is not a US venue
25470M109,3,ID_CUSIP,25470M109,7,DISHEUR,DISH NETWORK CORP-A,X9,Equity,Common Stock,False,exchCode 'X9' is not a US venue
25470M109,4,yahoo_search,US25470M1099,,,,,,,False,no result
26142R104,2,ID_ISIN,US26142R1041,,,,,,,False,No identifier found.
26142R104,3,ID_CUSIP,26142R104,1,DKNG1USD,DRAFTKINGS HOLDINGS INC,X9,Equity,Common Stock,False,exchCode 'X9' is not a US venue
26142R104,3,ID_CUSIP,26142R104,2,DKNG1EUR,DRAFTKINGS HOLDINGS INC,X9,Equity,Common Stock,False,exchCode 'X9' is not a US venue
26142R104,4,yahoo_search,US26142R1041,1,DKNG,DraftKings Inc.,NMS,,EQUITY,True,
264120106,2,ID_ISIN,US2641201064,,,,,,,False,No identifier found.
264120106,3,ID_CUSIP,264120106,,,,,,,False,No identifier found.
264120106,4,yahoo_search,US2641201064,,,,,,,False,no result
264411505,2,ID_ISIN,US2644115055,,,,,,,False,No identifier found.
264411505,3,ID_CUSIP,264411505,1,DREUSD,DUKE REALTY CORP,X9,Equity,REIT,False,exchCode 'X9' is not a US venue
264411505,3,ID_CUSIP,264411505,2,DREEUR,DUKE REALTY CORP,X9,Equity,REIT,False,exchCode 'X9' is not a US venue
264411505,4,yahoo_search,US2644115055,,,,,,,False,no result
26484T106,2,ID_ISIN,US26484T1060,,,,,,,False,No identifier found.
26484T106,3,ID_CUSIP,26484T106,1,DNB,DUN & BRADSTREET HOLDINGS IN,UA,Equity,Common Stock,True,
26484T106,3,ID_CUSIP,26484T106,2,DNB,DUN & BRADSTREET HOLDINGS IN,VP,Equity,Common Stock,False,an earlier result was accepted
26484T106,3,ID_CUSIP,26484T106,3,DNB21GBP,DUN & BRADSTREET HOLDINGS IN,X2,Equity,Common Stock,False,an earlier result was accepted
26484T106,3,ID_CUSIP,26484T106,4,DNB21GBP,DUN & BRADSTREET HOLDINGS IN,XF,Equity,Common Stock,False,an earlier result was accepted
26484T106,3,ID_CUSIP,26484T106,5,DNB21GBP,DUN & BRADSTREET HOLDINGS IN,XO,Equity,Common Stock,False,an earlier result was accepted
26484T106,3,ID_CUSIP,26484T106,6,DNB21GBP,DUN & BRADSTREET HOLDINGS IN,XT,Equity,Common Stock,False,an earlier result was accepted
26484T106,3,ID_CUSIP,26484T106,7,9DU,DUN & BRADSTREET HOLDINGS IN,GF,Equity,Common Stock,False,an earlier result was accepted
26484T106,3,ID_CUSIP,26484T106,8,9DU,DUN & BRADSTREET HOLDINGS IN,GM,Equity,Common Stock,False,an earlier result was accepted
26484T106,3,ID_CUSIP,26484T106,9,9DU,DUN & BRADSTREET HOLDINGS IN,LA,Equity,Common Stock,False,an earlier result was accepted
26484T106,3,ID_CUSIP,26484T106,10,9DU,DUN & BRADSTREET HOLDINGS IN,QT,Equity,Common Stock,False,an earlier result was accepted
265504100,2,ID_ISIN,US2655041000,,,,,,,False,No identifier found.
265504100,3,ID_CUSIP,265504100,1,DNKN,DUNKIN' BRANDS GROUP INC,UW,Equity,Common Stock,True,
265504100,3,ID_CUSIP,265504100,2,DNKNEUR,DUNKIN' BRANDS GROUP INC,XS,Equity,Common Stock,False,an earlier result was accepted
265504100,3,ID_CUSIP,265504100,3,DNKNUSD,DUNKIN' BRANDS GROUP INC,XB,Equity,Common Stock,False,an earlier result was accepted
265504100,3,ID_CUSIP,265504100,4,DNKNUSD,DUNKIN' BRANDS GROUP INC,XS,Equity,Common Stock,False,an earlier result was accepted
265504100,3,ID_CUSIP,265504100,5,DNKNGBP,DUNKIN' BRANDS GROUP INC,XB,Equity,Common Stock,False,an earlier result was accepted
265504100,3,ID_CUSIP,265504100,6,DNKNGBP,DUNKIN' BRANDS GROUP INC,XS,Equity,Common Stock,False,an earlier result was accepted
265504100,3,ID_CUSIP,265504100,7,DNKNUSD,DUNKIN' BRANDS GROUP INC,XY,Equity,Common Stock,False,an earlier result was accepted
26614N102,2,ID_ISIN,US26614N1028,,,,,,,False,No identifier found.
26614N102,3,ID_CUSIP,26614N102,1,DWDPEUR,DUPONT DE NEMOURS INC,EO,Equity,Common Stock,False,exchCode 'EO' is not a US venue
26614N102,3,ID_CUSIP,26614N102,2,DWDPEUR,DUPONT DE NEMOURS INC,XE,Equity,Common Stock,False,exchCode 'XE' is not a US venue
26614N102,3,ID_CUSIP,26614N102,3,DWDPEUR,DUPONT DE NEMOURS INC,XJ,Equity,Common Stock,False,exchCode 'XJ' is not a US venue
26614N102,3,ID_CUSIP,26614N102,4,DWDPEUR,DUPONT DE NEMOURS INC,E1,Equity,Common Stock,False,exchCode 'E1' is not a US venue
26614N102,3,ID_CUSIP,26614N102,5,DWDPEUR,DUPONT DE NEMOURS INC,XX,Equity,Common Stock,False,exchCode 'XX' is not a US venue
26614N102,3,ID_CUSIP,26614N102,6,DWDPGBP,DUPONT DE NEMOURS INC,X2,Equity,Common Stock,False,exchCode 'X2' is not a US venue
26614N102,3,ID_CUSIP,26614N102,7,DWDPGBP,DUPONT DE NEMOURS INC,XE,Equity,Common Stock,False,exchCode 'XE' is not a US venue
26614N102,3,ID_CUSIP,26614N102,8,DWDPGBP,DUPONT DE NEMOURS INC,XJ,Equity,Common Stock,False,exchCode 'XJ' is not a US venue
26614N102,3,ID_CUSIP,26614N102,9,DWDPGBP,DUPONT DE NEMOURS INC,E1,Equity,Common Stock,False,exchCode 'E1' is not a US venue
26614N102,3,ID_CUSIP,26614N102,10,DWDPGBP,DUPONT DE NEMOURS INC,XQ,Equity,Common Stock,False,exchCode 'XQ' is not a US venue
26614N102,3,ID_CUSIP,26614N102,11,DWDPGBP,DUPONT DE NEMOURS INC,XX,Equity,Common Stock,False,exchCode 'XX' is not a US venue
26614N102,3,ID_CUSIP,26614N102,12,DWDPGBP,DUPONT DE NEMOURS INC,XZ,Equity,Common Stock,False,exchCode 'XZ' is not a US venue
26614N102,3,ID_CUSIP,26614N102,13,DWDPGBP,DUPONT DE NEMOURS INC,X2,Equity,Common Stock,False,exchCode 'X2' is not a US venue
26614N102,3,ID_CUSIP,26614N102,14,DWDPEUR,DUPONT DE NEMOURS INC,X1,Equity,Common Stock,False,exchCode 'X1' is not a US venue
26614N102,3,ID_CUSIP,26614N102,15,DWDPGBP,DUPONT DE NEMOURS INC,X1,Equity,Common Stock,False,exchCode 'X1' is not a US venue
26614N102,3,ID_CUSIP,26614N102,16,DDUSD,DUPONT DE NEMOURS INC,XS,Equity,Common Stock,False,exchCode 'XS' is not a US venue
26614N102,3,ID_CUSIP,26614N102,17,DDUSD,DUPONT DE NEMOURS INC,X2,Equity,Common Stock,False,exchCode 'X2' is not a US venue
26614N102,3,ID_CUSIP,26614N102,18,DDUSD,DUPONT DE NEMOURS INC,XE,Equity,Common Stock,False,exchCode 'XE' is not a US venue
26614N102,3,ID_CUSIP,26614N102,19,DDUSD,DUPONT DE NEMOURS INC,XJ,Equity,Common Stock,False,exchCode 'XJ' is not a US venue
26614N102,3,ID_CUSIP,26614N102,20,DDUSD,DUPONT DE NEMOURS INC,E1,Equity,Common Stock,False,exchCode 'E1' is not a US venue
26614N102,3,ID_CUSIP,26614N102,21,DDUSD,DUPONT DE NEMOURS INC,XQ,Equity,Common Stock,False,exchCode 'XQ' is not a US venue
26614N102,3,ID_CUSIP,26614N102,22,DDUSD,DUPONT DE NEMOURS INC,XX,Equity,Common Stock,False,exchCode 'XX' is not a US venue
26614N102,3,ID_CUSIP,26614N102,23,DDUSD,DUPONT DE NEMOURS INC,XZ,Equity,Common Stock,False,exchCode 'XZ' is not a US venue
26614N102,3,ID_CUSIP,26614N102,24,DDUSD,DUPONT DE NEMOURS INC,X1,Equity,Common Stock,False,exchCode 'X1' is not a US venue
26614N102,3,ID_CUSIP,26614N102,25,DWDPGUSD,DUPONT DE NEMOURS INC,X9,Equity,Common Stock,False,exchCode 'X9' is not a US venue
26614N102,3,ID_CUSIP,26614N102,26,DWDPEUR,DUPONT DE NEMOURS INC,X9,Equity,Common Stock,False,exchCode 'X9' is not a US venue
26614N102,3,ID_CUSIP,26614N102,27,DWDPRUB,DUPONT DE NEMOURS INC,X2,Equity,Common Stock,False,exchCode 'X2' is not a US venue
26614N102,3,ID_CUSIP,26614N102,28,DWDPRUB,DUPONT DE NEMOURS INC,XE,Equity,Common Stock,False,exchCode 'XE' is not a US venue
26614N102,3,ID_CUSIP,26614N102,29,DWDPRUB,DUPONT DE NEMOURS INC,E1,Equity,Common Stock,False,exchCode 'E1' is not a US venue
26614N102,3,ID_CUSIP,26614N102,30,DWDPRUB,DUPONT DE NEMOURS INC,XQ,Equity,Common Stock,False,exchCode 'XQ' is not a US venue
26614N102,3,ID_CUSIP,26614N102,31,DWDPRUB,DUPONT DE NEMOURS INC,XX,Equity,Common Stock,False,exchCode 'XX' is not a US venue
26614N102,3,ID_CUSIP,26614N102,32,DWDPRUB,DUPONT DE NEMOURS INC,XZ,Equity,Common Stock,False,exchCode 'XZ' is not a US venue
26614N102,3,ID_CUSIP,26614N102,33,DWDPRUB,DUPONT DE NEMOURS INC,X1,Equity,Common Stock,False,exchCode 'X1' is not a US venue
26614N102,4,yahoo_search,US26614N1028,1,1DD.MI,"DuPont de Nemours, Inc.",MIL,,EQUITY,False,exchange 'MIL' is not a US venue
269246401,2,ID_ISIN,US2692464017,,,,,,,False,No identifier found.
269246401,3,ID_CUSIP,269246401,1,ETRA,E*TRADE FINANCIAL CORP,GF,Equity,Common Stock,False,exchCode 'GF' is not a US venue
269246401,3,ID_CUSIP,269246401,2,ETRA,E*TRADE FINANCIAL CORP,GS,Equity,Common Stock,False,exchCode 'GS' is not a US venue
269246401,3,ID_CUSIP,269246401,3,ETFCEUR,E*TRADE FINANCIAL CORP,XB,Equity,Common Stock,False,exchCode 'XB' is not a US venue
269246401,3,ID_CUSIP,269246401,4,ETFCEUR,E*TRADE FINANCIAL CORP,XS,Equity,Common Stock,False,exchCode 'XS' is not a US venue
269246401,3,ID_CUSIP,269246401,5,ETFCUSD,E*TRADE FINANCIAL CORP,XB,Equity,Common Stock,False,exchCode 'XB' is not a US venue
269246401,3,ID_CUSIP,269246401,6,ETFCUSD,E*TRADE FINANCIAL CORP,XS,Equity,Common Stock,False,exchCode 'XS' is not a US venue
269246401,4,yahoo_search,US2692464017,,,,,,,False,no result
285512109,2,ID_ISIN,US2855121099,,,,,,,False,No identifier found.
285512109,3,ID_CUSIP,285512109,1,EA*,ELECTRONIC ARTS INC,MM,Equity,Common Stock,False,exchCode 'MM' is not a US venue
285512109,3,ID_CUSIP,285512109,2,EA*,ELECTRONIC ARTS INC,MF,Equity,Common Stock,False,exchCode 'MF' is not a US venue
285512109,3,ID_CUSIP,285512109,3,EA*,ELECTRONIC ARTS INC,MU,Equity,Common Stock,False,exchCode 'MU' is not a US venue
285512109,3,ID_CUSIP,285512109,4,4EA,ELECTRONIC ARTS INC,TE,Equity,Common Stock,False,exchCode 'TE' is not a US venue
285512109,3,ID_CUSIP,285512109,5,ERTSEUR,ELECTRONIC ARTS INC,X1,Equity,Common Stock,False,exchCode 'X1' is not a US venue
285512109,4,yahoo_search,US2855121099,,,,,,,False,no result
29109X106,2,ID_ISIN,US29109X1063,,,,,,,False,No identifier found.
29109X106,3,ID_CUSIP,29109X106,1,AZPN1USD,ASPEN TECHNOLOGY INC,EU,Equity,Common Stock,False,exchCode 'EU' is not a US venue
29109X106,3,ID_CUSIP,29109X106,2,AZPN1USD,ASPEN TECHNOLOGY INC,X9,Equity,Common Stock,False,exchCode 'X9' is not a US venue
29109X106,3,ID_CUSIP,29109X106,3,AZPN1EUR,ASPEN TECHNOLOGY INC,X9,Equity,Common Stock,False,exchCode 'X9' is not a US venue
29109X106,4,yahoo_search,US29109X1063,,,,,,,False,no result
29404K106,2,ID_ISIN,US29404K1060,,,,,,,False,No identifier found.
29404K106,3,ID_CUSIP,29404K106,1,ENVUSD,ENVESTNET INC,XB,Equity,Common Stock,False,exchCode 'XB' is not a US venue
29404K106,3,ID_CUSIP,29404K106,2,ENVUSD,ENVESTNET INC,XS,Equity,Common Stock,False,exchCode 'XS' is not a US venue
29404K106,3,ID_CUSIP,29404K106,3,ENVEUR,ENVESTNET INC,XB,Equity,Common Stock,False,exchCode 'XB' is not a US venue
29404K106,3,ID_CUSIP,29404K106,4,ENVEUR,ENVESTNET INC,XS,Equity,Common Stock,False,exchCode 'XS' is not a US venue
29404K106,3,ID_CUSIP,29404K106,5,ENVUSD,ENVESTNET INC,X9,Equity,Common Stock,False,exchCode 'X9' is not a US venue
29404K106,3,ID_CUSIP,29404K106,6,ENVEUR,ENVESTNET INC,X9,Equity,Common Stock,False,exchCode 'X9' is not a US venue
29404K106,4,yahoo_search,US29404K1060,,,,,,,False,no result
29415B103,2,ID_ISIN,US29415B1035,,,,,,,False,No identifier found.
29415B103,3,ID_CUSIP,29415B103,1,EVAUSD,ENVIVA INC,XH,Equity,Common Stock,False,exchCode 'XH' is not a US venue
29415B103,3,ID_CUSIP,29415B103,2,EVAUSD,ENVIVA INC,XF,Equity,Common Stock,False,exchCode 'XF' is not a US venue
29415B103,3,ID_CUSIP,29415B103,3,EVAUSD,ENVIVA INC,XE,Equity,Common Stock,False,exchCode 'XE' is not a US venue
29415B103,3,ID_CUSIP,29415B103,4,EVAUSD,ENVIVA INC,XL,Equity,Common Stock,False,exchCode 'XL' is not a US venue
29415B103,3,ID_CUSIP,29415B103,5,EVAUSD,ENVIVA INC,XG,Equity,Common Stock,False,exchCode 'XG' is not a US venue
29415B103,3,ID_CUSIP,29415B103,6,EVAUSD,ENVIVA INC,XO,Equity,Common Stock,False,exchCode 'XO' is not a US venue
29415B103,3,ID_CUSIP,29415B103,7,EVAUSD,ENVIVA INC,XA,Equity,Common Stock,False,exchCode 'XA' is not a US venue
29415B103,3,ID_CUSIP,29415B103,8,EVAUSD,ENVIVA INC,XW,Equity,Common Stock,False,exchCode 'XW' is not a US venue
29415B103,3,ID_CUSIP,29415B103,9,EVAUSD,ENVIVA INC,XU,Equity,Common Stock,False,exchCode 'XU' is not a US venue
29415B103,3,ID_CUSIP,29415B103,10,EVAUSD,ENVIVA INC,XV,Equity,Common Stock,False,exchCode 'XV' is not a US venue
29415B103,3,ID_CUSIP,29415B103,11,EVAUSD,ENVIVA INC,EU,Equity,Common Stock,False,exchCode 'EU' is not a US venue
29415B103,3,ID_CUSIP,29415B103,12,EVA1EUR,ENVIVA INC,EP,Equity,Common Stock,False,exchCode 'EP' is not a US venue
29415B103,3,ID_CUSIP,29415B103,13,EVA1EUR,ENVIVA INC,EZ,Equity,Common Stock,False,exchCode 'EZ' is not a US venue
29415B103,3,ID_CUSIP,29415B103,14,EVA1EUR,ENVIVA INC,XH,Equity,Common Stock,False,exchCode 'XH' is not a US venue
29415B103,3,ID_CUSIP,29415B103,15,EVA1EUR,ENVIVA INC,XF,Equity,Common Stock,False,exchCode 'XF' is not a US venue
29415B103,3,ID_CUSIP,29415B103,16,EVA1EUR,ENVIVA INC,XE,Equity,Common Stock,False,exchCode 'XE' is not a US venue
29415B103,3,ID_CUSIP,29415B103,17,EVA1EUR,ENVIVA INC,XL,Equity,Common Stock,False,exchCode 'XL' is not a US venue
29415B103,3,ID_CUSIP,29415B103,18,EVA1EUR,ENVIVA INC,XG,Equity,Common Stock,False,exchCode 'XG' is not a US venue
29415B103,3,ID_CUSIP,29415B103,19,EVA1EUR,ENVIVA INC,XO,Equity,Common Stock,False,exchCode 'XO' is not a US venue
29415B103,3,ID_CUSIP,29415B103,20,EVA1EUR,ENVIVA INC,XA,Equity,Common Stock,False,exchCode 'XA' is not a US venue
29415B103,3,ID_CUSIP,29415B103,21,EVA1EUR,ENVIVA INC,XW,Equity,Common Stock,False,exchCode 'XW' is not a US venue
29415B103,3,ID_CUSIP,29415B103,22,EVA1EUR,ENVIVA INC,XU,Equity,Common Stock,False,exchCode 'XU' is not a US venue
29415B103,3,ID_CUSIP,29415B103,23,EVA1EUR,ENVIVA INC,XV,Equity,Common Stock,False,exchCode 'XV' is not a US venue
29415B103,3,ID_CUSIP,29415B103,24,EVA1EUR,ENVIVA INC,EU,Equity,Common Stock,False,exchCode 'EU' is not a US venue
29415B103,3,ID_CUSIP,29415B103,25,EVAUSD,ENVIVA INC,X1,Equity,Common Stock,False,exchCode 'X1' is not a US venue
29415B103,3,ID_CUSIP,29415B103,26,EVA1EUR,ENVIVA INC,X1,Equity,Common Stock,False,exchCode 'X1' is not a US venue
29415B103,3,ID_CUSIP,29415B103,27,EVAUSD,ENVIVA INC,EP,Equity,Common Stock,False,exchCode 'EP' is not a US venue
29415B103,3,ID_CUSIP,29415B103,28,EVAUSD,ENVIVA INC,EZ,Equity,Common Stock,False,exchCode 'EZ' is not a US venue
29415B103,4,yahoo_search,US29415B1035,,,,,,,False,no result
294600101,2,ID_ISIN,US2946001011,,,,,,,False,No identifier found.
294600101,3,ID_CUSIP,294600101,1,ETRNUSD,EQUITRANS MIDSTREAM CORP,X9,Equity,Common Stock,False,exchCode 'X9' is not a US venue
294600101,3,ID_CUSIP,294600101,2,ETRNEUR,EQUITRANS MIDSTREAM CORP,X9,Equity,Common Stock,False,exchCode 'X9' is not a US venue
294600101,4,yahoo_search,US2946001011,,,,,,,False,no result
29664W105,2,ID_ISIN,US29664W1053,,,,,,,False,No identifier found.
29664W105,3,ID_CUSIP,29664W105,,,,,,,False,No identifier found.
29664W105,4,yahoo_search,US29664W1053,,,,,,,False,no result
29978A104,2,ID_ISIN,US29978A1043,,,,,,,False,No identifier found.
29978A104,3,ID_CUSIP,29978A104,1,EVBGEUR,EVERBRIDGE INC,XS,Equity,Common Stock,False,exchCode 'XS' is not a US venue
29978A104,3,ID_CUSIP,29978A104,2,EVBGGBP,EVERBRIDGE INC,XB,Equity,Common Stock,False,exchCode 'XB' is not a US venue
29978A104,3,ID_CUSIP,29978A104,3,EVBGGBP,EVERBRIDGE INC,XS,Equity,Common Stock,False,exchCode 'XS' is not a US venue
29978A104,3,ID_CUSIP,29978A104,4,EVBGUSD,EVERBRIDGE INC,XB,Equity,Common Stock,False,exchCode 'XB' is not a US venue
29978A104,3,ID_CUSIP,29978A104,5,EVBGUSD,EVERBRIDGE INC,XS,Equity,Common Stock,False,exchCode 'XS' is not a US venue
29978A104,3,ID_CUSIP,29978A104,6,EVBGUSD,EVERBRIDGE INC,X9,Equity,Common Stock,False,exchCode 'X9' is not a US venue
29978A104,3,ID_CUSIP,29978A104,7,EVBGEUR,EVERBRIDGE INC,X9,Equity,Common Stock,False,exchCode 'X9' is not a US venue
29978A104,4,yahoo_search,US29978A1043,,,,,,,False,no result
30063P105,2,ID_ISIN,US30063P1057,,,,,,,False,No identifier found.
30063P105,3,ID_CUSIP,30063P105,1,EXK,EXACT SCIENCES CORP,GR,Equity,Common Stock,False,exchCode 'GR' is not a US venue
30063P105,3,ID_CUSIP,30063P105,2,EXK,EXACT SCIENCES CORP,GF,Equity,Common Stock,False,exchCode 'GF' is not a US venue
30063P105,3,ID_CUSIP,30063P105,3,EXK,EXACT SCIENCES CORP,GD,Equity,Common Stock,False,exchCode 'GD' is not a US venue
30063P105,3,ID_CUSIP,30063P105,4,EXK,EXACT SCIENCES CORP,GI,Equity,Common Stock,False,exchCode 'GI' is not a US venue
30063P105,3,ID_CUSIP,30063P105,5,EXK,EXACT SCIENCES CORP,GH,Equity,Common Stock,False,exchCode 'GH' is not a US venue
30063P105,3,ID_CUSIP,30063P105,6,EXASEUR,EXACT SCIENCES CORP,XS,Equity,Common Stock,False,exchCode 'XS' is not a US venue
30063P105,3,ID_CUSIP,30063P105,7,EXASEUR,EXACT SCIENCES CORP,XT,Equity,Common Stock,False,exchCode 'XT' is not a US venue
30063P105,3,ID_CUSIP,30063P105,8,EXASEUR,EXACT SCIENCES CORP,EU,Equity,Common Stock,False,exchCode 'EU' is not a US venue
30063P105,3,ID_CUSIP,30063P105,9,EXK,EXACT SCIENCES CORP,QT,Equity,Common Stock,False,exchCode 'QT' is not a US venue
30063P105,3,ID_CUSIP,30063P105,10,EXASUSD,EXACT SCIENCES CORP,XB,Equity,Common Stock,False,exchCode 'XB' is not a US venue
30063P105,3,ID_CUSIP,30063P105,11,EXASUSD,EXACT SCIENCES CORP,XS,Equity,Common Stock,False,exchCode 'XS' is not a US venue
30063P105,3,ID_CUSIP,30063P105,12,EXASUSD,EXACT SCIENCES CORP,XQ,Equity,Common Stock,False,exchCode 'XQ' is not a US venue
30063P105,3,ID_CUSIP,30063P105,13,EXASUSD,EXACT SCIENCES CORP,EU,Equity,Common Stock,False,exchCode 'EU' is not a US venue
30063P105,3,ID_CUSIP,30063P105,14,EXASGBP,EXACT SCIENCES CORP,X2,Equity,Common Stock,False,exchCode 'X2' is not a US venue
30063P105,3,ID_CUSIP,30063P105,15,EXASGBP,EXACT SCIENCES CORP,XB,Equity,Common Stock,False,exchCode 'XB' is not a US venue
30063P105,3,ID_CUSIP,30063P105,16,EXASGBP,EXACT SCIENCES CORP,XS,Equity,Common Stock,False,exchCode 'XS' is not a US venue
30063P105,3,ID_CUSIP,30063P105,17,EXASGBP,EXACT SCIENCES CORP,EU,Equity,Common Stock,False,exchCode 'EU' is not a US venue
30063P105,3,ID_CUSIP,30063P105,18,EXASN,EXACT SCIENCES CORP,L3,Equity,Common Stock,False,exchCode 'L3' is not a US venue
30063P105,3,ID_CUSIP,30063P105,19,EXASN,EXACT SCIENCES CORP,B3,Equity,Common Stock,False,exchCode 'B3' is not a US venue
30063P105,3,ID_CUSIP,30063P105,20,EXK,EXACT SCIENCES CORP,GZ,Equity,Common Stock,False,exchCode 'GZ' is not a US venue
30063P105,3,ID_CUSIP,30063P105,21,EXASEUR,EXACT SCIENCES CORP,EP,Equity,Common Stock,False,exchCode 'EP' is not a US venue
30063P105,3,ID_CUSIP,30063P105,22,EXASEUR,EXACT SCIENCES CORP,EZ,Equity,Common Stock,False,exchCode 'EZ' is not a US venue
30063P105,3,ID_CUSIP,30063P105,23,EXASUSD,EXACT SCIENCES CORP,EZ,Equity,Common Stock,False,exchCode 'EZ' is not a US venue
30063P105,3,ID_CUSIP,30063P105,24,EXAS*,EXACT SCIENCES CORP,MM,Equity,Common Stock,False,exchCode 'MM' is not a US venue
30063P105,3,ID_CUSIP,30063P105,25,EXK,EXACT SCIENCES CORP,LA,Equity,Common Stock,False,exchCode 'LA' is not a US venue
30063P105,3,ID_CUSIP,30063P105,26,EXASEUR,EXACT SCIENCES CORP,X9,Equity,Common Stock,False,exchCode 'X9' is not a US venue
30063P105,3,ID_CUSIP,30063P105,27,1EXAS,EXACT SCIENCES CORP,IM,Equity,Common Stock,False,exchCode 'IM' is not a US venue
30063P105,3,ID_CUSIP,30063P105,28,1EXAS,EXACT SCIENCES CORP,IF,Equity,Common Stock,False,exchCode 'IF' is not a US venue
30063P105,4,yahoo_search,US30063P1057,,,,,,,False,no result
30231G102,2,ID_ISIN,US30231G1022,,,,,,,False,No identifier found.
30231G102,3,ID_CUSIP,30231G102,1,EXMOC,EXXON MOBIL CORP,CP,Equity,Common Stock,False,exchCode 'CP' is not a US venue
30231G102,3,ID_CUSIP,30231G102,2,EXMOC,EXXON MOBIL CORP,RC,Equity,Common Stock,False,exchCode 'RC' is not a US venue
30231G102,3,ID_CUSIP,30231G102,3,XOMCHF,EXXON MOBIL CORP,X1,Equity,Common Stock,False,exchCode 'X1' is not a US venue
30231G102,3,ID_CUSIP,30231G102,4,XOM_KZ,EXXON MOBIL CORP,KZ,Equity,Common Stock,False,exchCode 'KZ' is not a US venue
30231G102,3,ID_CUSIP,30231G102,5,XOM,EXXON MOBIL CORP,UZ,Equity,Common Stock,False,exchCode 'UZ' is not a US venue
30231G102,3,ID_CUSIP,30231G102,6,XOM,EXXON MOBIL CORP,OU,Equity,Common Stock,False,exchCode 'OU' is not a US venue
30231G102,3,ID_CUSIP,30231G102,7,XOM,EXXON MOBIL CORP,QU,Equity,Common Stock,False,exchCode 'QU' is not a US venue
30231G102,3,ID_CUSIP,30231G102,8,1XOMM,EXXON MOBIL CORP,PO,Equity,Common Stock,False,exchCode 'PO' is not a US venue
30231G102,3,ID_CUSIP,30231G102,9,1XOMM,EXXON MOBIL CORP,L1,Equity,Common Stock,False,exchCode 'L1' is not a US venue
30231G102,3,ID_CUSIP,30231G102,10,1XOMM,EXXON MOBIL CORP,L3,Equity,Common Stock,False,exchCode 'L3' is not a US venue
30231G102,3,ID_CUSIP,30231G102,11,1XOMM,EXXON MOBIL CORP,B3,Equity,Common Stock,False,exchCode 'B3' is not a US venue
30231G102,4,yahoo_search,US30231G1022,1,XOM,ExxonMobil Holdings Corporation,NYQ,,EQUITY,False,name check: EXXON != EXXONMOBIL
302445101,2,ID_ISIN,US3024451011,,,,,,,False,No identifier found.
302445101,3,ID_CUSIP,302445101,1,FLIR,FLIR SYSTEMS INC,UW,Equity,Common Stock,True,
302445101,3,ID_CUSIP,302445101,2,FLIREUR,FLIR SYSTEMS INC,XS,Equity,Common Stock,False,an earlier result was accepted
302445101,3,ID_CUSIP,302445101,3,FLIRUSD,FLIR SYSTEMS INC,XB,Equity,Common Stock,False,an earlier result was accepted
302445101,3,ID_CUSIP,302445101,4,FLIRUSD,FLIR SYSTEMS INC,XS,Equity,Common Stock,False,an earlier result was accepted
302445101,3,ID_CUSIP,302445101,5,FLIRGBP,FLIR SYSTEMS INC,XB,Equity,Common Stock,False,an earlier result was accepted
302445101,3,ID_CUSIP,302445101,6,FLIRGBP,FLIR SYSTEMS INC,XS,Equity,Common Stock,False,an earlier result was accepted
313747206,2,ID_ISIN,US3137472060,,,,,,,False,No identifier found.
313747206,3,ID_CUSIP,313747206,,,,,,,False,No identifier found.
313747206,4,yahoo_search,US3137472060,,,,,,,False,no result
31816Q101,2,ID_ISIN,US31816Q1013,,,,,,,False,No identifier found.
31816Q101,3,ID_CUSIP,31816Q101,1,FEYECHF,MANDIANT INC,XS,Equity,Common Stock,False,exchCode 'XS' is not a US venue
31816Q101,3,ID_CUSIP,31816Q101,2,FEYEEUR,MANDIANT INC,XS,Equity,Common Stock,False,exchCode 'XS' is not a US venue
31816Q101,3,ID_CUSIP,31816Q101,3,FEYEUSD,FIREEYE INC,XB,Equity,Common Stock,False,exchCode 'XB' is not a US venue
31816Q101,3,ID_CUSIP,31816Q101,4,FEYEUSD,MANDIANT INC,XS,Equity,Common Stock,False,exchCode 'XS' is not a US venue
31816Q101,3,ID_CUSIP,31816Q101,5,FEYEGBP,FIREEYE INC,XB,Equity,Common Stock,False,exchCode 'XB' is not a US venue
31816Q101,3,ID_CUSIP,31816Q101,6,FEYEGBP,MANDIANT INC,XS,Equity,Common Stock,False,exchCode 'XS' is not a US venue
31816Q101,3,ID_CUSIP,31816Q101,7,FEYEJPY,FIREEYE INC,XB,Equity,Common Stock,False,exchCode 'XB' is not a US venue
31816Q101,3,ID_CUSIP,31816Q101,8,FEYEJPY,MANDIANT INC,XS,Equity,Common Stock,False,exchCode 'XS' is not a US venue
31816Q101,3,ID_CUSIP,31816Q101,9,FEYEUSD,FIREEYE INC,X9,Equity,Common Stock,False,exchCode 'X9' is not a US venue
31816Q101,3,ID_CUSIP,31816Q101,10,FEYEEUR,FIREEYE INC,X9,Equity,Common Stock,False,exchCode 'X9' is not a US venue
31816Q101,4,yahoo_search,US31816Q1013,,,,,,,False,no result
339041105,2,ID_ISIN,US3390411052,,,,,,,False,No identifier found.
339041105,3,ID_CUSIP,339041105,1,FLT1EUR,FLEETCOR TECHNOLOGIES INC,EO,Equity,Common Stock,False,exchCode 'EO' is not a US venue
339041105,3,ID_CUSIP,339041105,2,FLT1EUR,CORPAY INC,XJ,Equity,Common Stock,False,exchCode 'XJ' is not a US venue
339041105,3,ID_CUSIP,339041105,3,FLT1EUR,FLEETCOR TECHNOLOGIES INC,XS,Equity,Common Stock,False,exchCode 'XS' is not a US venue
339041105,3,ID_CUSIP,339041105,4,FLT1EUR,FLEETCOR TECHNOLOGIES INC,E1,Equity,Common Stock,False,exchCode 'E1' is not a US venue
339041105,3,ID_CUSIP,339041105,5,FLT1EUR,FLEETCOR TECHNOLOGIES INC,XX,Equity,Common Stock,False,exchCode 'XX' is not a US venue
339041105,3,ID_CUSIP,339041105,6,FLT1USD,FLEETCOR TECHNOLOGIES INC,X2,Equity,Common Stock,False,exchCode 'X2' is not a US venue
339041105,3,ID_CUSIP,339041105,7,FLT1USD,FLEETCOR TECHNOLOGIES INC,XB,Equity,Common Stock,False,exchCode 'XB' is not a US venue
339041105,3,ID_CUSIP,339041105,8,FLT1USD,CORPAY INC,XJ,Equity,Common Stock,False,exchCode 'XJ' is not a US venue
339041105,3,ID_CUSIP,339041105,9,FLT1USD,FLEETCOR TECHNOLOGIES INC,XS,Equity,Common Stock,False,exchCode 'XS' is not a US venue
339041105,3,ID_CUSIP,339041105,10,FLT1USD,FLEETCOR TECHNOLOGIES INC,E1,Equity,Common Stock,False,exchCode 'E1' is not a US venue
339041105,3,ID_CUSIP,339041105,11,FLT1USD,FLEETCOR TECHNOLOGIES INC,XQ,Equity,Common Stock,False,exchCode 'XQ' is not a US venue
339041105,3,ID_CUSIP,339041105,12,FLT1USD,FLEETCOR TECHNOLOGIES INC,XX,Equity,Common Stock,False,exchCode 'XX' is not a US venue
339041105,3,ID_CUSIP,339041105,13,FLT1USD,FLEETCOR TECHNOLOGIES INC,XZ,Equity,Common Stock,False,exchCode 'XZ' is not a US venue
339041105,3,ID_CUSIP,339041105,14,FLT1GBP,FLEETCOR TECHNOLOGIES INC,X2,Equity,Common Stock,False,exchCode 'X2' is not a US venue
339041105,3,ID_CUSIP,339041105,15,FLT1GBP,FLEETCOR TECHNOLOGIES INC,XB,Equity,Common Stock,False,exchCode 'XB' is not a US venue
339041105,3,ID_CUSIP,339041105,16,FLT1GBP,CORPAY INC,XJ,Equity,Common Stock,False,exchCode 'XJ' is not a US venue
339041105,3,ID_CUSIP,339041105,17,FLT1GBP,FLEETCOR TECHNOLOGIES INC,XS,Equity,Common Stock,False,exchCode 'XS' is not a US venue
339041105,3,ID_CUSIP,339041105,18,FLT1GBP,FLEETCOR TECHNOLOGIES INC,E1,Equity,Common Stock,False,exchCode 'E1' is not a US venue
339041105,3,ID_CUSIP,339041105,19,FLT1GBP,FLEETCOR TECHNOLOGIES INC,XQ,Equity,Common Stock,False,exchCode 'XQ' is not a US venue
339041105,3,ID_CUSIP,339041105,20,FLT1GBP,FLEETCOR TECHNOLOGIES INC,XX,Equity,Common Stock,False,exchCode 'XX' is not a US venue
339041105,3,ID_CUSIP,339041105,21,FLT1GBP,FLEETCOR TECHNOLOGIES INC,XZ,Equity,Common Stock,False,exchCode 'XZ' is not a US venue
339041105,3,ID_CUSIP,339041105,22,FLT1EUR,FLEETCOR TECHNOLOGIES INC,X1,Equity,Common Stock,False,exchCode 'X1' is not a US venue
339041105,3,ID_CUSIP,339041105,23,FLT1USD,FLEETCOR TECHNOLOGIES INC,X1,Equity,Common Stock,False,exchCode 'X1' is not a US venue
339041105,3,ID_CUSIP,339041105,24,FLT1GBP,FLEETCOR TECHNOLOGIES INC,X1,Equity,Common Stock,False,exchCode 'X1' is not a US venue
339041105,3,ID_CUSIP,339041105,25,FLT1USD,FLEETCOR TECHNOLOGIES INC,X9,Equity,Common Stock,False,exchCode 'X9' is not a US venue
339041105,3,ID_CUSIP,339041105,26,FLT1CHF,FLEETCOR TECHNOLOGIES INC,EO,Equity,Common Stock,False,exchCode 'EO' is not a US venue
339041105,3,ID_CUSIP,339041105,27,FLT1CHF,FLEETCOR TECHNOLOGIES INC,X2,Equity,Common Stock,False,exchCode 'X2' is not a US venue
339041105,3,ID_CUSIP,339041105,28,FLT1CHF,CORPAY INC,XJ,Equity,Common Stock,False,exchCode 'XJ' is not a US venue
339041105,3,ID_CUSIP,339041105,29,FLT1CHF,FLEETCOR TECHNOLOGIES INC,E1,Equity,Common Stock,False,exchCode 'E1' is not a US venue
339041105,3,ID_CUSIP,339041105,30,FLT1CHF,FLEETCOR TECHNOLOGIES INC,XY,Equity,Common Stock,False,exchCode 'XY' is not a US venue
339041105,3,ID_CUSIP,339041105,31,FLT1CHF,FLEETCOR TECHNOLOGIES INC,XQ,Equity,Common Stock,False,exchCode 'XQ' is not a US venue
339041105,3,ID_CUSIP,339041105,32,FLT1CHF,FLEETCOR TECHNOLOGIES INC,XX,Equity,Common Stock,False,exchCode 'XX' is not a US venue
339041105,3,ID_CUSIP,339041105,33,FLT1CHF,FLEETCOR TECHNOLOGIES INC,XZ,Equity,Common Stock,False,exchCode 'XZ' is not a US venue
339041105,3,ID_CUSIP,339041105,34,FLT1CHF,FLEETCOR TECHNOLOGIES INC,X1,Equity,Common Stock,False,exchCode 'X1' is not a US venue
339041105,4,yahoo_search,US3390411052,,,,,,,False,no result
369604103,2,ID_ISIN,US3696041033,,,,,,,False,No identifier found.
369604103,3,ID_CUSIP,369604103,,,,,,,False,No identifier found.
369604103,4,yahoo_search,US3696041033,1,GE,GE Aerospace,NYQ,,EQUITY,False,name check: GENERAL != GE
371559105,2,ID_ISIN,US3715591059,,,,,,,False,No identifier found.
371559105,3,ID_CUSIP,371559105,1,GWRUSD,GENESEE & WYOMING INC-CL A,XB,Equity,Common Stock,False,exchCode 'XB' is not a US venue
371559105,3,ID_CUSIP,371559105,2,GWRUSD,GENESEE & WYOMING INC-CL A,XS,Equity,Common Stock,False,exchCode 'XS' is not a US venue
371559105,3,ID_CUSIP,371559105,3,GWR2EUR,GENESEE & WYOMING INC-CL A,XB,Equity,Common Stock,False,exchCode 'XB' is not a US venue
371559105,3,ID_CUSIP,371559105,4,GWR2EUR,GENESEE & WYOMING INC-CL A,XS,Equity,Common Stock,False,exchCode 'XS' is not a US venue
371559105,4,yahoo_search,US3715591059,,,,,,,False,no result
37611X100,2,ID_ISIN,US37611X1000,,,,,,,False,No identifier found.
37611X100,3,ID_CUSIP,37611X100,,,,,,,False,No identifier found.
37611X100,4,yahoo_search,US37611X1000,1,DNA.MX,"Ginkgo Bioworks Holdings, Inc.",MEX,,EQUITY,False,exchange 'MEX' is not a US venue
37890U108,2,ID_ISIN,US37890U1088,,,,,,,False,No identifier found.
37890U108,3,ID_CUSIP,37890U108,1,GBTUSD,GLOBAL BLOOD THERAPEUTICS IN,XB,Equity,Common Stock,False,exchCode 'XB' is not a US venue
37890U108,3,ID_CUSIP,37890U108,2,GBTUSD,GLOBAL BLOOD THERAPEUTICS IN,XS,Equity,Common Stock,False,exchCode 'XS' is not a US venue
37890U108,3,ID_CUSIP,37890U108,3,GBTEUR,GLOBAL BLOOD THERAPEUTICS IN,XB,Equity,Common Stock,False,exchCode 'XB' is not a US venue
37890U108,3,ID_CUSIP,37890U108,4,GBTEUR,GLOBAL BLOOD THERAPEUTICS IN,XS,Equity,Common Stock,False,exchCode 'XS' is not a US venue
37890U108,3,ID_CUSIP,37890U108,5,GBTUSD,GLOBAL BLOOD THERAPEUTICS IN,X9,Equity,Common Stock,False,exchCode 'X9' is not a US venue
37890U108,4,yahoo_search,US37890U1088,,,,,,,False,no result
38046W105,2,ID_ISIN,US38046W1053,,,,,,,False,No identifier found.
38046W105,3,ID_CUSIP,38046W105,,,,,,,False,No identifier found.
38046W105,4,yahoo_search,US38046W1053,,,,,,,False,no result
38259P508,2,ID_ISIN,US38259P5089,,,,,,,False,No identifier found.
38259P508,3,ID_CUSIP,38259P508,,,,,,,False,No identifier found.
38259P508,4,yahoo_search,US38259P5089,,,,,,,False,no result
38388F108,2,ID_ISIN,US38388F1084,,,,,,,False,No identifier found.
38388F108,3,ID_CUSIP,38388F108,1,GRA1EUR,WR GRACE & CO,XS,Equity,Common Stock,False,exchCode 'XS' is not a US venue
38388F108,3,ID_CUSIP,38388F108,2,GRA1USD,WR GRACE & CO,XB,Equity,Common Stock,False,exchCode 'XB' is not a US venue
38388F108,3,ID_CUSIP,38388F108,3,GRA1USD,WR GRACE & CO,XS,Equity,Common Stock,False,exchCode 'XS' is not a US venue
38388F108,4,yahoo_search,US38388F1084,,,,,,,False,no result
400110102,2,ID_ISIN,US4001101025,,,,,,,False,No identifier found.
400110102,3,ID_CUSIP,400110102,,,,,,,False,No identifier found.
400110102,4,yahoo_search,US4001101025,,,,,,,False,no result
40414L109,2,ID_ISIN,US40414L1098,,,,,,,False,No identifier found.
40414L109,3,ID_CUSIP,40414L109,,,,,,,False,No identifier found.
40414L109,4,yahoo_search,US40414L1098,,,,,,,False,no result
410345102,2,ID_ISIN,US4103451021,,,,,,,False,No identifier found.
410345102,3,ID_CUSIP,410345102,1,HN9,HANESBRANDS INC,GF,Equity,Common Stock,False,exchCode 'GF' is not a US venue
410345102,3,ID_CUSIP,410345102,2,HN9,HANESBRANDS INC,GD,Equity,Common Stock,False,exchCode 'GD' is not a US venue
410345102,3,ID_CUSIP,410345102,3,HN9,HANESBRANDS INC,GY,Equity,Common Stock,False,exchCode 'GY' is not a US venue
410345102,3,ID_CUSIP,410345102,4,HN9,HANESBRANDS INC,QT,Equity,Common Stock,False,exchCode 'QT' is not a US venue
410345102,3,ID_CUSIP,410345102,5,HBIEUR,HANESBRANDS INC,XJ,Equity,Common Stock,False,exchCode 'XJ' is not a US venue
410345102,3,ID_CUSIP,410345102,6,HBIEUR,HANESBRANDS INC,XO,Equity,Common Stock,False,exchCode 'XO' is not a US venue
410345102,3,ID_CUSIP,410345102,7,HBIEUR,HANESBRANDS INC,XS,Equity,Common Stock,False,exchCode 'XS' is not a US venue
410345102,3,ID_CUSIP,410345102,8,HBIEUR,HANESBRANDS INC,XX,Equity,Common Stock,False,exchCode 'XX' is not a US venue
410345102,3,ID_CUSIP,410345102,9,HBIUSD,HANESBRANDS INC,XB,Equity,Common Stock,False,exchCode 'XB' is not a US venue
410345102,3,ID_CUSIP,410345102,10,HBIUSD,HANESBRANDS INC,XO,Equity,Common Stock,False,exchCode 'XO' is not a US venue
410345102,3,ID_CUSIP,410345102,11,HBIUSD,HANESBRANDS INC,XS,Equity,Common Stock,False,exchCode 'XS' is not a US venue
410345102,3,ID_CUSIP,410345102,12,HBIUSD,HANESBRANDS INC,EU,Equity,Common Stock,False,exchCode 'EU' is not a US venue
410345102,3,ID_CUSIP,410345102,13,0J2XL,HANESBRANDS INC,PO,Equity,Common Stock,False,exchCode 'PO' is not a US venue
410345102,3,ID_CUSIP,410345102,14,0J2XL,HANESBRANDS INC,L3,Equity,Common Stock,False,exchCode 'L3' is not a US venue
410345102,3,ID_CUSIP,410345102,15,0J2XL,HANESBRANDS INC,B3,Equity,Common Stock,False,exchCode 'B3' is not a US venue
410345102,3,ID_CUSIP,410345102,16,HN9,HANESBRANDS INC,SW,Equity,Common Stock,False,exchCode 'SW' is not a US venue
410345102,3,ID_CUSIP,410345102,17,HBIUSD,HANESBRANDS INC,EZ,Equity,Common Stock,False,exchCode 'EZ' is not a US venue
410345102,3,ID_CUSIP,410345102,18,0J2XL,HANESBRANDS INC,L1,Equity,Common Stock,False,exchCode 'L1' is not a US venue
410345102,3,ID_CUSIP,410345102,19,HBIEUR,HANESBRANDS INC,X9,Equity,Common Stock,False,exchCode 'X9' is not a US venue
410345102,4,yahoo_search,US4103451021,,,,,,,False,no result
418100103,2,ID_ISIN,US4181001037,,,,,,,False,No identifier found.
418100103,3,ID_CUSIP,418100103,1,HCP2EUR,HASHICORP INC-CL A,X9,Equity,Common Stock,False,exchCode 'X9' is not a US venue
418100103,4,yahoo_search,US4181001037,,,,,,,False,no result
42809H107,2,ID_ISIN,US42809H1077,,,,,,,False,No identifier found.
42809H107,3,ID_CUSIP,42809H107,1,HES,HESS CORP,UA,Equity,Common Stock,True,
42809H107,3,ID_CUSIP,42809H107,2,AHC,HESS CORP,GS,Equity,Common Stock,False,an earlier result was accepted
42809H107,3,ID_CUSIP,42809H107,3,HESEUR,HESS CORP,XS,Equity,Common Stock,False,an earlier result was accepted
42809H107,3,ID_CUSIP,42809H107,4,HESUSD,HESS CORP,XB,Equity,Common Stock,False,an earlier result was accepted
42809H107,3,ID_CUSIP,42809H107,5,HESUSD,HESS CORP,XO,Equity,Common Stock,False,an earlier result was accepted
42809H107,3,ID_CUSIP,42809H107,6,HESUSD,HESS CORP,XS,Equity,Common Stock,False,an earlier result was accepted
42809H107,3,ID_CUSIP,42809H107,7,HESUSD,HESS CORP,EU,Equity,Common Stock,False,an earlier result was accepted
42809H107,3,ID_CUSIP,42809H107,8,HESGBP,HESS CORP,XB,Equity,Common Stock,False,an earlier result was accepted
42809H107,3,ID_CUSIP,42809H107,9,HESGBP,HESS CORP,XS,Equity,Common Stock,False,an earlier result was accepted
42809H107,3,ID_CUSIP,42809H107,10,0J50L,HESS CORP,PO,Equity,Common Stock,False,an earlier result was accepted
42809H107,3,ID_CUSIP,42809H107,11,0J50L,HESS CORP,L3,Equity,Common Stock,False,an earlier result was accepted
42809H107,3,ID_CUSIP,42809H107,12,AHC,HESS CORP,SW,Equity,Common Stock,False,an earlier result was accepted
42809H107,3,ID_CUSIP,42809H107,13,AHC,HESS CORP,TE,Equity,Common Stock,False,an earlier result was accepted
42809H107,3,ID_CUSIP,42809H107,14,HESUSD,HESS CORP,EP,Equity,Common Stock,False,an earlier result was accepted
42809H107,3,ID_CUSIP,42809H107,15,HES*,HESS CORP,MM,Equity,Common Stock,False,an earlier result was accepted
42809H107,3,ID_CUSIP,42809H107,16,HES*,HESS CORP,MU,Equity,Common Stock,False,an earlier result was accepted
42809H107,3,ID_CUSIP,42809H107,17,1HES,HESS CORP,IM,Equity,Common Stock,False,an earlier result was accepted
42809H107,3,ID_CUSIP,42809H107,18,1HES,HESS CORP,IF,Equity,Common Stock,False,an earlier result was accepted
431475102,2,ID_ISIN,US4314751029,,,,,,,False,No identifier found.
431475102,3,ID_CUSIP,431475102,1,HRC,HILL-ROM HOLDINGS INC,UN,Equity,Common Stock,True,
431475102,3,ID_CUSIP,431475102,2,HRC1EUR,HILL-ROM HOLDINGS INC,XB,Equity,Common Stock,False,an earlier result was accepted
431475102,3,ID_CUSIP,431475102,3,HRC1EUR,HILL-ROM HOLDINGS INC,XS,Equity,Common Stock,False,an earlier result was accepted
431475102,3,ID_CUSIP,431475102,4,HRC1USD,HILL-ROM HOLDINGS INC,XS,Equity,Common Stock,False,an earlier result was accepted
431475102,3,ID_CUSIP,431475102,5,HRC1EUR,HILL-ROM HOLDINGS INC,XY,Equity,Common Stock,False,an earlier result was accepted
431475102,3,ID_CUSIP,431475102,6,HRC1USD,HILL-ROM HOLDINGS INC,XY,Equity,Common Stock,False,an earlier result was accepted
431475102,3,ID_CUSIP,431475102,7,HRC1USD,HILL-ROM HOLDINGS INC,X9,Equity,Common Stock,False,an earlier result was accepted
431475102,3,ID_CUSIP,431475102,8,HRC1EUR,HILL-ROM HOLDINGS INC,X9,Equity,Common Stock,False,an earlier result was accepted
436106108,2,ID_ISIN,US4361061082,,,,,,,False,No identifier found.
436106108,3,ID_CUSIP,436106108,1,HFCUSD,HOLLYFRONTIER CORP,XB,Equity,Common Stock,False,exchCode 'XB' is not a US venue
436106108,3,ID_CUSIP,436106108,2,HFCUSD,HOLLYFRONTIER CORP,XS,Equity,Common Stock,False,exchCode 'XS' is not a US venue
436106108,3,ID_CUSIP,436106108,3,HFCGBP,HOLLYFRONTIER CORP,XB,Equity,Common Stock,False,exchCode 'XB' is not a US venue
436106108,3,ID_CUSIP,436106108,4,HFCGBP,HOLLYFRONTIER CORP,XS,Equity,Common Stock,False,exchCode 'XS' is not a US venue
436106108,3,ID_CUSIP,436106108,5,HFCEUR,HOLLYFRONTIER CORP,XB,Equity,Common Stock,False,exchCode 'XB' is not a US venue
436106108,3,ID_CUSIP,436106108,6,HFCEUR,HOLLYFRONTIER CORP,XS,Equity,Common Stock,False,exchCode 'XS' is not a US venue
436106108,3,ID_CUSIP,436106108,7,HFCUSD,HOLLYFRONTIER CORP,X9,Equity,Common Stock,False,exchCode 'X9' is not a US venue
436106108,3,ID_CUSIP,436106108,8,HFCEUR,HOLLYFRONTIER CORP,X9,Equity,Common Stock,False,exchCode 'X9' is not a US venue
436106108,4,yahoo_search,US4361061082,,,,,,,False,no result
436440101,2,ID_ISIN,US4364401012,,,,,,,False,No identifier found.
436440101,3,ID_CUSIP,436440101,1,HO1,HOLOGIC INC,GR,Equity,Common Stock,False,exchCode 'GR' is not a US venue
436440101,3,ID_CUSIP,436440101,2,HO1,HOLOGIC INC,GF,Equity,Common Stock,False,exchCode 'GF' is not a US venue
436440101,3,ID_CUSIP,436440101,3,HO1,HOLOGIC INC,GD,Equity,Common Stock,False,exchCode 'GD' is not a US venue
436440101,3,ID_CUSIP,436440101,4,HO1,HOLOGIC INC,GS,Equity,Common Stock,False,exchCode 'GS' is not a US venue
436440101,3,ID_CUSIP,436440101,5,HO1,HOLOGIC INC,GM,Equity,Common Stock,False,exchCode 'GM' is not a US venue
436440101,3,ID_CUSIP,436440101,6,HO1,HOLOGIC INC,GI,Equity,Common Stock,False,exchCode 'GI' is not a US venue
436440101,3,ID_CUSIP,436440101,7,HO1,HOLOGIC INC,GZ,Equity,Common Stock,False,exchCode 'GZ' is not a US venue
436440101,3,ID_CUSIP,436440101,8,HOLX,HOLOGIC INC,AV,Equity,Common Stock,False,exchCode 'AV' is not a US venue
436440101,3,ID_CUSIP,436440101,9,HOLXEUR,HOLOGIC INC,X2,Equity,Common Stock,False,exchCode 'X2' is not a US venue
436440101,3,ID_CUSIP,436440101,10,HOLXEUR,HOLOGIC INC,XB,Equity,Common Stock,False,exchCode 'XB' is not a US venue
436440101,3,ID_CUSIP,436440101,11,HOLXEUR,HOLOGIC INC,XS,Equity,Common Stock,False,exchCode 'XS' is not a US venue
436440101,3,ID_CUSIP,436440101,12,HOLXEUR,HOLOGIC INC,EU,Equity,Common Stock,False,exchCode 'EU' is not a US venue
436440101,3,ID_CUSIP,436440101,13,HOLXUSD,HOLOGIC INC,XB,Equity,Common Stock,False,exchCode 'XB' is not a US venue
436440101,3,ID_CUSIP,436440101,14,HOLXUSD,HOLOGIC INC,XG,Equity,Common Stock,False,exchCode 'XG' is not a US venue
436440101,3,ID_CUSIP,436440101,15,HOLXUSD,HOLOGIC INC,XS,Equity,Common Stock,False,exchCode 'XS' is not a US venue
436440101,3,ID_CUSIP,436440101,16,HOLXUSD,HOLOGIC INC,XV,Equity,Common Stock,False,exchCode 'XV' is not a US venue
436440101,3,ID_CUSIP,436440101,17,HOLXUSD,HOLOGIC INC,EU,Equity,Common Stock,False,exchCode 'EU' is not a US venue
436440101,3,ID_CUSIP,436440101,18,HOLXGBP,HOLOGIC INC,XB,Equity,Common Stock,False,exchCode 'XB' is not a US venue
436440101,3,ID_CUSIP,436440101,19,HOLXGBP,HOLOGIC INC,XS,Equity,Common Stock,False,exchCode 'XS' is not a US venue
436440101,3,ID_CUSIP,436440101,20,HOLXGBP,HOLOGIC INC,EU,Equity,Common Stock,False,exchCode 'EU' is not a US venue
436440101,3,ID_CUSIP,436440101,21,0J5Q,HOLOGIC INC,LN,Equity,Common Stock,False,exchCode 'LN' is not a US venue
436440101,3,ID_CUSIP,436440101,22,0J5QL,HOLOGIC INC,PO,Equity,Common Stock,False,exchCode 'PO' is not a US venue
436440101,3,ID_CUSIP,436440101,23,0J5QL,HOLOGIC INC,L3,Equity,Common Stock,False,exchCode 'L3' is not a US venue
436440101,3,ID_CUSIP,436440101,24,0J5QL,HOLOGIC INC,B3,Equity,Common Stock,False,exchCode 'B3' is not a US venue
436440101,3,ID_CUSIP,436440101,25,HOLX,HOLOGIC INC,TE,Equity,Common Stock,False,exchCode 'TE' is not a US venue
436440101,3,ID_CUSIP,436440101,26,HO1,HOLOGIC INC,SW,Equity,Common Stock,False,exchCode 'SW' is not a US venue
436440101,3,ID_CUSIP,436440101,27,HO1,HOLOGIC INC,BW,Equity,Common Stock,False,exchCode 'BW' is not a US venue
436440101,3,ID_CUSIP,436440101,28,HOLX*,HOLOGIC INC,MM,Equity,Common Stock,False,exchCode 'MM' is not a US venue
436440101,3,ID_CUSIP,436440101,29,HOLX*,HOLOGIC INC,MF,Equity,Common Stock,False,exchCode 'MF' is not a US venue
436440101,3,ID_CUSIP,436440101,30,HOLX*,HOLOGIC INC,MU,Equity,Common Stock,False,exchCode 'MU' is not a US venue
436440101,3,ID_CUSIP,436440101,31,HOLXEUR,HOLOGIC INC,EP,Equity,Common Stock,False,exchCode 'EP' is not a US venue
436440101,3,ID_CUSIP,436440101,32,HOLXEUR,HOLOGIC INC,EZ,Equity,Common Stock,False,exchCode 'EZ' is not a US venue
436440101,3,ID_CUSIP,436440101,33,HOLXUSD,HOLOGIC INC,EP,Equity,Common Stock,False,exchCode 'EP' is not a US venue
436440101,3,ID_CUSIP,436440101,34,HOLXUSD,HOLOGIC INC,EZ,Equity,Common Stock,False,exchCode 'EZ' is not a US venue
436440101,3,ID_CUSIP,436440101,35,0J5QL,HOLOGIC INC,L1,Equity,Common Stock,False,exchCode 'L1' is not a US venue
436440101,3,ID_CUSIP,436440101,36,HOLXUSD,HOLOGIC INC,X9,Equity,Common Stock,False,exchCode 'X9' is not a US venue
436440101,3,ID_CUSIP,436440101,37,HOLXEUR,HOLOGIC INC,X9,Equity,Common Stock,False,exchCode 'X9' is not a US venue
436440101,3,ID_CUSIP,436440101,38,HO1,HOLOGIC INC,LA,Equity,Common Stock,False,exchCode 'LA' is not a US venue
436440101,3,ID_CUSIP,436440101,39,HO1,HOLOGIC INC,LU,Equity,Common Stock,False,exchCode 'LU' is not a US venue
436440101,3,ID_CUSIP,436440101,40,1HOLX,HOLOGIC INC,IF,Equity,Common Stock,False,exchCode 'IF' is not a US venue
436440101,4,yahoo_search,US4364401012,,,,,,,False,no result
438516106,2,ID_ISIN,US4385161066,,,,,,,False,No identifier found.
438516106,3,ID_CUSIP,438516106,1,HONGBP,HONEYWELL INTERNATIONAL INC,X1,Equity,Common Stock,False,exchCode 'X1' is not a US venue
438516106,3,ID_CUSIP,438516106,2,HONEUR,HONEYWELL INTERNATIONAL INC,X1,Equity,Common Stock,False,exchCode 'X1' is not a US venue
438516106,3,ID_CUSIP,438516106,3,HONGBX,HONEYWELL INTERNATIONAL INC,X1,Equity,Common Stock,False,exchCode 'X1' is not a US venue
438516106,3,ID_CUSIP,438516106,4,HONRUB,HONEYWELL INTERNATIONAL INC,X1,Equity,Common Stock,False,exchCode 'X1' is not a US venue
438516106,4,yahoo_search,US4385161066,1,HON,Honeywell International Inc.,NMS,,EQUITY,True,
44267D107,2,ID_ISIN,US44267D1072,,,,,,,False,No identifier found.
44267D107,3,ID_CUSIP,44267D107,1,HHC*,HOWARD HUGHES CORP/THE,MM,Equity,Common Stock,False,exchCode 'MM' is not a US venue
44267D107,3,ID_CUSIP,44267D107,2,HHC*,HOWARD HUGHES CORP/THE,MU,Equity,Common Stock,False,exchCode 'MU' is not a US venue
44267D107,3,ID_CUSIP,44267D107,3,HHC1USD,HOWARD HUGHES CORP/THE,X9,Equity,Common Stock,False,exchCode 'X9' is not a US venue
44267D107,3,ID_CUSIP,44267D107,4,HHC1EUR,HOWARD HUGHES CORP/THE,X9,Equity,Common Stock,False,exchCode 'X9' is not a US venue
44267D107,4,yahoo_search,US44267D1072,,,,,,,False,no result
44891N109,2,ID_ISIN,US44891N1090,,,,,,,False,No identifier found.
44891N109,3,ID_CUSIP,44891N109,,,,,,,False,No identifier found.
44891N109,4,yahoo_search,US44891N1090,,,,,,,False,no result
44919P508,2,ID_ISIN,US44919P5089,,,,,,,False,No identifier found.
44919P508,3,ID_CUSIP,44919P508,1,IACIEUR,IAC/INTERACTIVECORP,XS,Equity,Common Stock,False,exchCode 'XS' is not a US venue
44919P508,3,ID_CUSIP,44919P508,2,IACIUSD,IAC/INTERACTIVECORP,XB,Equity,Common Stock,False,exchCode 'XB' is not a US venue
44919P508,3,ID_CUSIP,44919P508,3,IACIUSD,IAC/INTERACTIVECORP,XS,Equity,Common Stock,False,exchCode 'XS' is not a US venue
44919P508,4,yahoo_search,US44919P5089,,,,,,,False,no result
449253103,2,ID_ISIN,US4492531037,,,,,,,False,No identifier found.
449253103,3,ID_CUSIP,449253103,1,IAA-WUSD,IAA INC,X9,Equity,Common Stock,False,exchCode 'X9' is not a US venue
449253103,4,yahoo_search,US4492531037,,,,,,,False,no result
452907108,2,ID_ISIN,US4529071080,,,,,,,False,No identifier found.
452907108,3,ID_CUSIP,452907108,1,IMMU,IMMUNOMEDICS INC,UQ,Equity,Common Stock,True,
45674M101,2,ID_ISIN,US45674M1018,,,,,,,False,No identifier found.
45674M101,3,ID_CUSIP,45674M101,1,INFA1EUR,INFORMATICA INC - CLASS A,XZ,Equity,Common Stock,False,exchCode 'XZ' is not a US venue
45674M101,3,ID_CUSIP,45674M101,2,96Z,INFORMATICA INC - CLASS A,GS,Equity,Common Stock,False,exchCode 'GS' is not a US venue
45674M101,3,ID_CUSIP,45674M101,3,96Z,INFORMATICA INC - CLASS A,LA,Equity,Common Stock,False,exchCode 'LA' is not a US venue
45674M101,3,ID_CUSIP,45674M101,4,96Z,INFORMATICA INC - CLASS A,LU,Equity,Common Stock,False,exchCode 'LU' is not a US venue
45674M101,3,ID_CUSIP,45674M101,5,96Z,INFORMATICA INC - CLASS A,QT,Equity,Common Stock,False,exchCode 'QT' is not a US venue
45674M101,3,ID_CUSIP,45674M101,6,INFA1GBP,INFORMATICA INC - CLASS A,E1,Equity,Common Stock,False,exchCode 'E1' is not a US venue
45674M101,3,ID_CUSIP,45674M101,7,INFA1GBP,INFORMATICA INC - CLASS A,X1,Equity,Common Stock,False,exchCode 'X1' is not a US venue
45674M101,3,ID_CUSIP,45674M101,8,INFA1GBP,INFORMATICA INC - CLASS A,EU,Equity,Common Stock,False,exchCode 'EU' is not a US venue
45674M101,4,yahoo_search,US45674M1018,,,,,,,False,no result
45772F107,2,ID_ISIN,US45772F1075,,,,,,,False,No identifier found.
45772F107,3,ID_CUSIP,45772F107,1,IPHI,INPHI CORP,UW,Equity,Common Stock,True,
45772F107,3,ID_CUSIP,45772F107,2,IPHIEUR,INPHI CORP,XS,Equity,Common Stock,False,an earlier result was accepted
45772F107,3,ID_CUSIP,45772F107,3,IPHIUSD,INPHI CORP,XB,Equity,Common Stock,False,an earlier result was accepted
45772F107,3,ID_CUSIP,45772F107,4,IPHIUSD,INPHI CORP,XS,Equity,Common Stock,False,an earlier result was accepted
460690100,2,ID_ISIN,US4606901001,,,,,,,False,No identifier found.
460690100,3,ID_CUSIP,460690100,1,IPG,INTERPUBLIC GROUP OF COS INC,GR,Equity,Common Stock,False,exchCode 'GR' is not a US venue
460690100,3,ID_CUSIP,460690100,2,IPG,INTERPUBLIC GROUP OF COS INC,GF,Equity,Common Stock,False,exchCode 'GF' is not a US venue
460690100,3,ID_CUSIP,460690100,3,IPGEUR,INTERPUBLIC GROUP OF COS INC,XH,Equity,Common Stock,False,exchCode 'XH' is not a US venue
460690100,3,ID_CUSIP,460690100,4,IPGEUR,INTERPUBLIC GROUP OF COS INC,XG,Equity,Common Stock,False,exchCode 'XG' is not a US venue
460690100,3,ID_CUSIP,460690100,5,IPGEUR,INTERPUBLIC GROUP OF COS INC,XS,Equity,Common Stock,False,exchCode 'XS' is not a US venue
460690100,3,ID_CUSIP,460690100,6,IPGEUR,INTERPUBLIC GROUP OF COS INC,E1,Equity,Common Stock,False,exchCode 'E1' is not a US venue
460690100,3,ID_CUSIP,460690100,7,IPG,INTERPUBLIC GROUP OF COS INC,GZ,Equity,Common Stock,False,exchCode 'GZ' is not a US venue
460690100,3,ID_CUSIP,460690100,8,IPG1USD,INTERPUBLIC GROUP OF COS INC,XB,Equity,Common Stock,False,exchCode 'XB' is not a US venue
460690100,3,ID_CUSIP,460690100,9,IPG1USD,INTERPUBLIC GROUP OF COS INC,XS,Equity,Common Stock,False,exchCode 'XS' is not a US venue
460690100,3,ID_CUSIP,460690100,10,IPG1USD,INTERPUBLIC GROUP OF COS INC,EU,Equity,Common Stock,False,exchCode 'EU' is not a US venue
460690100,3,ID_CUSIP,460690100,11,0JCKL,INTERPUBLIC GROUP OF COS INC,L3,Equity,Common Stock,False,exchCode 'L3' is not a US venue
460690100,3,ID_CUSIP,460690100,12,0JCKL,INTERPUBLIC GROUP OF COS INC,B3,Equity,Common Stock,False,exchCode 'B3' is not a US venue
460690100,3,ID_CUSIP,460690100,13,IPG,INTERPUBLIC GROUP OF COS INC,SW,Equity,Common Stock,False,exchCode 'SW' is not a US venue
460690100,3,ID_CUSIP,460690100,14,IPGEUR,INTERPUBLIC GROUP OF COS INC,EZ,Equity,Common Stock,False,exchCode 'EZ' is not a US venue
460690100,3,ID_CUSIP,460690100,15,IPG1USD,INTERPUBLIC GROUP OF COS INC,X2,Equity,Common Stock,False,exchCode 'X2' is not a US venue
460690100,3,ID_CUSIP,460690100,16,0JCKL,INTERPUBLIC GROUP OF COS INC,L1,Equity,Common Stock,False,exchCode 'L1' is not a US venue
460690100,3,ID_CUSIP,460690100,17,IPG,INTERPUBLIC GROUP OF COS INC,LA,Equity,Common Stock,False,exchCode 'LA' is not a US venue
460690100,3,ID_CUSIP,460690100,18,IPG,INTERPUBLIC GROUP OF COS INC,LU,Equity,Common Stock,False,exchCode 'LU' is not a US venue
460690100,3,ID_CUSIP,460690100,19,1IPG,INTERPUBLIC GROUP OF COS INC,IF,Equity,Common Stock,False,exchCode 'IF' is not a US venue
460690100,3,ID_CUSIP,460690100,20,IPGUSD,INTERPUBLIC GROUP OF COS INC,SW,Equity,Common Stock,False,exchCode 'SW' is not a US venue
460690100,4,yahoo_search,US4606901001,,,,,,,False,no result
46116X101,2,ID_ISIN,US46116X1019,,,,,,,False,No identifier found.
46116X101,3,ID_CUSIP,46116X101,1,ITCIEUR,INTRA-CELLULAR THERAPIES INC,XS,Equity,Common Stock,False,exchCode 'XS' is not a US venue
46116X101,3,ID_CUSIP,46116X101,2,ITCIUSD,INTRA-CELLULAR THERAPIES INC,XB,Equity,Common Stock,False,exchCode 'XB' is not a US venue
46116X101,3,ID_CUSIP,46116X101,3,ITCIUSD,INTRA-CELLULAR THERAPIES INC,XS,Equity,Common Stock,False,exchCode 'XS' is not a US venue
46116X101,3,ID_CUSIP,46116X101,4,ITCIUSD,INTRA-CELLULAR THERAPIES INC,X9,Equity,Common Stock,False,exchCode 'X9' is not a US venue
46116X101,3,ID_CUSIP,46116X101,5,ITCIEUR,INTRA-CELLULAR THERAPIES INC,X9,Equity,Common Stock,False,exchCode 'X9' is not a US venue
46116X101,3,ID_CUSIP,46116X101,6,1ITCI,INTRA-CELLULAR THERAPIES INC,IM,Equity,Common Stock,False,exchCode 'IM' is not a US venue
46116X101,3,ID_CUSIP,46116X101,7,1ITCI,INTRA-CELLULAR THERAPIES INC,IF,Equity,Common Stock,False,exchCode 'IF' is not a US venue
46116X101,4,yahoo_search,US46116X1019,,,,,,,False,no result
469814107,2,ID_ISIN,US4698141078,,,,,,,False,No identifier found.
469814107,3,ID_CUSIP,469814107,1,JECUSD,JACOBS ENGINEERING GROUP INC,X9,Equity,Common Stock,False,exchCode 'X9' is not a US venue
469814107,3,ID_CUSIP,469814107,2,JECEUR,JACOBS ENGINEERING GROUP INC,X9,Equity,Common Stock,False,exchCode 'X9' is not a US venue
469814107,4,yahoo_search,US4698141078,1,J,Jacobs Solutions Inc.,NYQ,,EQUITY,True,
47074L105,2,ID_ISIN,US47074L1052,,,,,,,False,No identifier found.
47074L105,3,ID_CUSIP,47074L105,1,JAMF,JAMF HOLDING CORP,UC,Equity,Common Stock,False,exchCode 'UC' is not a US venue
47074L105,3,ID_CUSIP,47074L105,2,JAMFGBP,JAMF HOLDING CORP,X2,Equity,Common Stock,False,exchCode 'X2' is not a US venue
47074L105,3,ID_CUSIP,47074L105,3,JAMFGBP,JAMF HOLDING CORP,XE,Equity,Common Stock,False,exchCode 'XE' is not a US venue
47074L105,3,ID_CUSIP,47074L105,4,JAMFGBP,JAMF HOLDING CORP,XG,Equity,Common Stock,False,exchCode 'XG' is not a US venue
47074L105,3,ID_CUSIP,47074L105,5,JAMFGBP,JAMF HOLDING CORP,E1,Equity,Common Stock,False,exchCode 'E1' is not a US venue
47074L105,3,ID_CUSIP,47074L105,6,JAMFGBP,JAMF HOLDING CORP,XW,Equity,Common Stock,False,exchCode 'XW' is not a US venue
47074L105,3,ID_CUSIP,47074L105,7,JAMFGBP,JAMF HOLDING CORP,EU,Equity,Common Stock,False,exchCode 'EU' is not a US venue
47074L105,3,ID_CUSIP,47074L105,8,JAMFUSD,JAMF HOLDING CORP,EU,Equity,Common Stock,False,exchCode 'EU' is not a US venue
47074L105,3,ID_CUSIP,47074L105,9,JAMFEUR,JAMF HOLDING CORP,EU,Equity,Common Stock,False,exchCode 'EU' is not a US venue
47074L105,3,ID_CUSIP,47074L105,10,JA4,JAMF HOLDING CORP,GR,Equity,Common Stock,False,exchCode 'GR' is not a US venue
47074L105,3,ID_CUSIP,47074L105,11,JA4,JAMF HOLDING CORP,GD,Equity,Common Stock,False,exchCode 'GD' is not a US venue
47074L105,3,ID_CUSIP,47074L105,12,JA4,JAMF HOLDING CORP,GZ,Equity,Common Stock,False,exchCode 'GZ' is not a US venue
47074L105,3,ID_CUSIP,47074L105,13,JA4,JAMF HOLDING CORP,LA,Equity,Common Stock,False,exchCode 'LA' is not a US venue
47074L105,3,ID_CUSIP,47074L105,14,JA4,JAMF HOLDING CORP,LU,Equity,Common Stock,False,exchCode 'LU' is not a US venue
47074L105,4,yahoo_search,US47074L1052,,,,,,,False,no result
48203R104,2,ID_ISIN,US48203R1041,,,,,,,False,No identifier found.
48203R104,3,ID_CUSIP,48203R104,1,JNP,JUNIPER NETWORKS INC,GF,Equity,Common Stock,False,exchCode 'GF' is not a US venue
48203R104,3,ID_CUSIP,48203R104,2,JNP,JUNIPER NETWORKS INC,GD,Equity,Common Stock,False,exchCode 'GD' is not a US venue
48203R104,3,ID_CUSIP,48203R104,3,JNP,JUNIPER NETWORKS INC,GS,Equity,Common Stock,False,exchCode 'GS' is not a US venue
48203R104,3,ID_CUSIP,48203R104,4,4JNPR,JUNIPER NETWORKS INC,TE,Equity,Common Stock,False,exchCode 'TE' is not a US venue
48203R104,3,ID_CUSIP,48203R104,5,JNPREUR,JUNIPER NETWORKS INC,E1,Equity,Common Stock,False,exchCode 'E1' is not a US venue
48203R104,3,ID_CUSIP,48203R104,6,JNPD,JUNIPER NETWORKS INC,L3,Equity,Common Stock,False,exchCode 'L3' is not a US venue
48203R104,3,ID_CUSIP,48203R104,7,JNPD,JUNIPER NETWORKS INC,PO,Equity,Common Stock,False,exchCode 'PO' is not a US venue
48203R104,3,ID_CUSIP,48203R104,8,JNP,JUNIPER NETWORKS INC,GZ,Equity,Common Stock,False,exchCode 'GZ' is not a US venue
48203R104,3,ID_CUSIP,48203R104,9,JNPREUR,JUNIPER NETWORKS INC,XX,Equity,Common Stock,False,exchCode 'XX' is not a US venue
48203R104,3,ID_CUSIP,48203R104,10,JNPRUSD,JUNIPER NETWORKS INC,XB,Equity,Common Stock,False,exchCode 'XB' is not a US venue
48203R104,3,ID_CUSIP,48203R104,11,JNPRUSD,JUNIPER NETWORKS INC,XS,Equity,Common Stock,False,exchCode 'XS' is not a US venue
48203R104,3,ID_CUSIP,48203R104,12,JNPRUSD,JUNIPER NETWORKS INC,EU,Equity,Common Stock,False,exchCode 'EU' is not a US venue
48203R104,3,ID_CUSIP,48203R104,13,0JPHL,JUNIPER NETWORKS INC,PO,Equity,Common Stock,False,exchCode 'PO' is not a US venue
48203R104,3,ID_CUSIP,48203R104,14,0JPHL,JUNIPER NETWORKS INC,B3,Equity,Common Stock,False,exchCode 'B3' is not a US venue
48203R104,3,ID_CUSIP,48203R104,15,JNPREUR,JUNIPER NETWORKS INC,EP,Equity,Common Stock,False,exchCode 'EP' is not a US venue
48203R104,3,ID_CUSIP,48203R104,16,JNPREUR,JUNIPER NETWORKS INC,EZ,Equity,Common Stock,False,exchCode 'EZ' is not a US venue
48203R104,3,ID_CUSIP,48203R104,17,JNPRUSD,JUNIPER NETWORKS INC,EP,Equity,Common Stock,False,exchCode 'EP' is not a US venue
48203R104,3,ID_CUSIP,48203R104,18,JNPD,JUNIPER NETWORKS INC,L1,Equity,Common Stock,False,exchCode 'L1' is not a US venue
48203R104,3,ID_CUSIP,48203R104,19,JNPRUSD,JUNIPER NETWORKS INC,X9,Equity,Common Stock,False,exchCode 'X9' is not a US venue
48203R104,3,ID_CUSIP,48203R104,20,JNPREUR,JUNIPER NETWORKS INC,X9,Equity,Common Stock,False,exchCode 'X9' is not a US venue
48203R104,3,ID_CUSIP,48203R104,21,JNP,JUNIPER NETWORKS INC,LA,Equity,Common Stock,False,exchCode 'LA' is not a US venue
48203R104,3,ID_CUSIP,48203R104,22,JNPR*,JUNIPER NETWORKS INC,MM,Equity,Common Stock,False,exchCode 'MM' is not a US venue
48203R104,4,yahoo_search,US48203R1041,,,,,,,False,no result
485170302,2,ID_ISIN,US4851703029,,,,,,,False,No identifier found.
485170302,3,ID_CUSIP,485170302,1,KSUEUR,KANSAS CITY SOUTHERN,XB,Equity,Common Stock,False,exchCode 'XB' is not a US venue
485170302,3,ID_CUSIP,485170302,2,KSUEUR,KANSAS CITY SOUTHERN,XS,Equity,Common Stock,False,exchCode 'XS' is not a US venue
485170302,3,ID_CUSIP,485170302,3,KSUUSD,KANSAS CITY SOUTHERN,XB,Equity,Common Stock,False,exchCode 'XB' is not a US venue
485170302,3,ID_CUSIP,485170302,4,KSUUSD,KANSAS CITY SOUTHERN,XS,Equity,Common Stock,False,exchCode 'XS' is not a US venue
485170302,3,ID_CUSIP,485170302,5,KSUGBX,KANSAS CITY SOUTHERN,XB,Equity,Common Stock,False,exchCode 'XB' is not a US venue
485170302,3,ID_CUSIP,485170302,6,KSUGBX,KANSAS CITY SOUTHERN,XS,Equity,Common Stock,False,exchCode 'XS' is not a US venue
485170302,3,ID_CUSIP,485170302,7,KSUUSD,KANSAS CITY SOUTHERN,X9,Equity,Common Stock,False,exchCode 'X9' is not a US venue
485170302,3,ID_CUSIP,485170302,8,KSUEUR,KANSAS CITY SOUTHERN,X9,Equity,Common Stock,False,exchCode 'X9' is not a US venue
485170302,4,yahoo_search,US4851703029,,,,,,,False,no result
48576A100,2,ID_ISIN,US48576A1007,,,,,,,False,No identifier found.
48576A100,3,ID_CUSIP,48576A100,,,,,,,False,No identifier found.
48576A100,4,yahoo_search,US48576A1007,,,,,,,False,no result
487836108,2,ID_ISIN,US4878361082,,,,,,,False,No identifier found.
487836108,3,ID_CUSIP,487836108,1,KEL,KELLANOVA,GR,Equity,Common Stock,False,exchCode 'GR' is not a US venue
487836108,3,ID_CUSIP,487836108,2,KEL,KELLANOVA,GF,Equity,Common Stock,False,exchCode 'GF' is not a US venue
487836108,3,ID_CUSIP,487836108,3,KEL,KELLANOVA,GY,Equity,Common Stock,False,exchCode 'GY' is not a US venue
487836108,3,ID_CUSIP,487836108,4,KEL,KELLANOVA,GS,Equity,Common Stock,False,exchCode 'GS' is not a US venue
487836108,3,ID_CUSIP,487836108,5,KEL,KELLANOVA,GH,Equity,Common Stock,False,exchCode 'GH' is not a US venue
487836108,3,ID_CUSIP,487836108,6,KEL,KELLANOVA,QT,Equity,Common Stock,False,exchCode 'QT' is not a US venue
487836108,3,ID_CUSIP,487836108,7,K1CHF,KELLANOVA,XS,Equity,Common Stock,False,exchCode 'XS' is not a US venue
487836108,3,ID_CUSIP,487836108,8,K1EUR,KELLANOVA,XS,Equity,Common Stock,False,exchCode 'XS' is not a US venue
487836108,3,ID_CUSIP,487836108,9,K1EUR,KELLANOVA,EU,Equity,Common Stock,False,exchCode 'EU' is not a US venue
487836108,3,ID_CUSIP,487836108,10,KEL,KELLANOVA,GZ,Equity,Common Stock,False,exchCode 'GZ' is not a US venue
487836108,3,ID_CUSIP,487836108,11,K1USD,KELLANOVA,XB,Equity,Common Stock,False,exchCode 'XB' is not a US venue
487836108,3,ID_CUSIP,487836108,12,K1USD,KELLANOVA,XS,Equity,Common Stock,False,exchCode 'XS' is not a US venue
487836108,3,ID_CUSIP,487836108,13,K1USD,KELLANOVA,EU,Equity,Common Stock,False,exchCode 'EU' is not a US venue
487836108,3,ID_CUSIP,487836108,14,K1GBP,KELLANOVA,XB,Equity,Common Stock,False,exchCode 'XB' is not a US venue
487836108,3,ID_CUSIP,487836108,15,K1GBP,KELLANOVA,XS,Equity,Common Stock,False,exchCode 'XS' is not a US venue
487836108,3,ID_CUSIP,487836108,16,K1GBP,KELLANOVA,XZ,Equity,Common Stock,False,exchCode 'XZ' is not a US venue
487836108,3,ID_CUSIP,487836108,17,0R1RL,KELLANOVA,PO,Equity,Common Stock,False,exchCode 'PO' is not a US venue
487836108,3,ID_CUSIP,487836108,18,0R1RL,KELLANOVA,L3,Equity,Common Stock,False,exchCode 'L3' is not a US venue
487836108,3,ID_CUSIP,487836108,19,0R1RL,KELLANOVA,B3,Equity,Common Stock,False,exchCode 'B3' is not a US venue
487836108,3,ID_CUSIP,487836108,20,KELL,KELLANOVA,AV,Equity,Common Stock,False,exchCode 'AV' is not a US venue
487836108,3,ID_CUSIP,487836108,21,K*,KELLANOVA,MF,Equity,Common Stock,False,exchCode 'MF' is not a US venue
487836108,3,ID_CUSIP,487836108,22,K*,KELLANOVA,MU,Equity,Common Stock,False,exchCode 'MU' is not a US venue
487836108,3,ID_CUSIP,487836108,23,4K,KELLANOVA,TE,Equity,Common Stock,False,exchCode 'TE' is not a US venue
487836108,3,ID_CUSIP,487836108,24,K1EUR,KELLANOVA,EZ,Equity,Common Stock,False,exchCode 'EZ' is not a US venue
487836108,3,ID_CUSIP,487836108,25,K1USD,KELLANOVA,EP,Equity,Common Stock,False,exchCode 'EP' is not a US venue
487836108,3,ID_CUSIP,487836108,26,K1CHF,KELLANOVA,EP,Equity,Common Stock,False,exchCode 'EP' is not a US venue
487836108,3,ID_CUSIP,487836108,27,K1CHF,KELLANOVA,EZ,Equity,Common Stock,False,exchCode 'EZ' is not a US venue
487836108,3,ID_CUSIP,487836108,28,0R1RL,KELLANOVA,L1,Equity,Common Stock,False,exchCode 'L1' is not a US venue
487836108,3,ID_CUSIP,487836108,29,KELLN,KELLANOVA,L1,Equity,Common Stock,False,exchCode 'L1' is not a US venue
487836108,3,ID_CUSIP,487836108,30,1K,KELLANOVA,IF,Equity,Common Stock,False,exchCode 'IF' is not a US venue
487836108,3,ID_CUSIP,487836108,31,KELD,KELLANOVA,L3,Equity,Common Stock,False,exchCode 'L3' is not a US venue
487836108,3,ID_CUSIP,487836108,32,KUSD,KELLANOVA,SW,Equity,Common Stock,False,exchCode 'SW' is not a US venue
487836108,4,yahoo_search,US4878361082,,,,,,,False,no result
487836116,2,ID_ISIN,US4878361165,,,,,,,False,No identifier found.
487836116,3,ID_CUSIP,487836116,,,,,,,False,No identifier found.
487836116,4,yahoo_search,US4878361165,,,,,,,False,no result
501797104,2,ID_ISIN,US5017971046,,,,,,,False,No identifier found.
501797104,3,ID_CUSIP,501797104,1,LBEUR,L BRANDS INC,EO,Equity,Common Stock,False,exchCode 'EO' is not a US venue
501797104,3,ID_CUSIP,501797104,2,LBEUR,BATH & BODY WORKS INC,XJ,Equity,Common Stock,False,exchCode 'XJ' is not a US venue
501797104,3,ID_CUSIP,501797104,3,LBEUR,BATH & BODY WORKS INC,XS,Equity,Common Stock,False,exchCode 'XS' is not a US venue
501797104,3,ID_CUSIP,501797104,4,LBEUR,L BRANDS INC,E1,Equity,Common Stock,False,exchCode 'E1' is not a US venue
501797104,3,ID_CUSIP,501797104,5,LBEUR,L BRANDS INC,XX,Equity,Common Stock,False,exchCode 'XX' is not a US venue
501797104,3,ID_CUSIP,501797104,6,LBUSD,L BRANDS INC,X2,Equity,Common Stock,False,exchCode 'X2' is not a US venue
501797104,3,ID_CUSIP,501797104,7,LBUSD,L BRANDS INC,XB,Equity,Common Stock,False,exchCode 'XB' is not a US venue
501797104,3,ID_CUSIP,501797104,8,LBUSD,BATH & BODY WORKS INC,XJ,Equity,Common Stock,False,exchCode 'XJ' is not a US venue
501797104,3,ID_CUSIP,501797104,9,LBUSD,BATH & BODY WORKS INC,XS,Equity,Common Stock,False,exchCode 'XS' is not a US venue
501797104,3,ID_CUSIP,501797104,10,LBUSD,L BRANDS INC,E1,Equity,Common Stock,False,exchCode 'E1' is not a US venue
501797104,3,ID_CUSIP,501797104,11,LBUSD,L BRANDS INC,XQ,Equity,Common Stock,False,exchCode 'XQ' is not a US venue
501797104,3,ID_CUSIP,501797104,12,LBUSD,L BRANDS INC,XX,Equity,Common Stock,False,exchCode 'XX' is not a US venue
501797104,3,ID_CUSIP,501797104,13,LBUSD,L BRANDS INC,XZ,Equity,Common Stock,False,exchCode 'XZ' is not a US venue
501797104,3,ID_CUSIP,501797104,14,LBGBP,L BRANDS INC,X2,Equity,Common Stock,False,exchCode 'X2' is not a US venue
501797104,3,ID_CUSIP,501797104,15,LBGBP,L BRANDS INC,XB,Equity,Common Stock,False,exchCode 'XB' is not a US venue
501797104,3,ID_CUSIP,501797104,16,LBGBP,BATH & BODY WORKS INC,XJ,Equity,Common Stock,False,exchCode 'XJ' is not a US venue
501797104,3,ID_CUSIP,501797104,17,LBGBP,BATH & BODY WORKS INC,XS,Equity,Common Stock,False,exchCode 'XS' is not a US venue
501797104,3,ID_CUSIP,501797104,18,LBGBP,L BRANDS INC,E1,Equity,Common Stock,False,exchCode 'E1' is not a US venue
501797104,3,ID_CUSIP,501797104,19,LBGBP,L BRANDS INC,XQ,Equity,Common Stock,False,exchCode 'XQ' is not a US venue
501797104,3,ID_CUSIP,501797104,20,LBGBP,L BRANDS INC,XX,Equity,Common Stock,False,exchCode 'XX' is not a US venue
501797104,3,ID_CUSIP,501797104,21,LBGBP,L BRANDS INC,XZ,Equity,Common Stock,False,exchCode 'XZ' is not a US venue
501797104,3,ID_CUSIP,501797104,22,LBUSD,L BRANDS INC,X9,Equity,Common Stock,False,exchCode 'X9' is not a US venue
501797104,3,ID_CUSIP,501797104,23,LBEUR,L BRANDS INC,X9,Equity,Common Stock,False,exchCode 'X9' is not a US venue
501797104,4,yahoo_search,US5017971046,1,LB,LandBridge Company LLC,NYQ,,EQUITY,False,name check: L != LANDBRIDGE
50540R409,2,ID_ISIN,US50540R4092,,,,,,,False,No identifier found.
50540R409,3,ID_CUSIP,50540R409,,,,,,,False,No identifier found.
50540R409,4,yahoo_search,US50540R4092,,,,,,,False,no result
512807108,2,ID_ISIN,US5128071082,,,,,,,False,No identifier found.
512807108,3,ID_CUSIP,512807108,1,LRCXEUR,LAM RESEARCH CORP,X1,Equity,Common Stock,False,exchCode 'X1' is not a US venue
512807108,3,ID_CUSIP,512807108,2,LRCXUSD,LAM RESEARCH CORP,X1,Equity,Common Stock,False,exchCode 'X1' is not a US venue
512807108,3,ID_CUSIP,512807108,3,LRCXGBP,LAM RESEARCH CORP,X1,Equity,Common Stock,False,exchCode 'X1' is not a US venue
512807108,4,yahoo_search,US5128071082,1,LRCX.MX,Lam Research Corporation,MEX,,EQUITY,False,exchange 'MEX' is not a US venue
524660107,2,ID_ISIN,US5246601075,,,,,,,False,No identifier found.
524660107,3,ID_CUSIP,524660107,1,LEG1*,LEGGETT & PLATT INC,MM,Equity,Common Stock,False,exchCode 'MM' is not a US venue
524660107,3,ID_CUSIP,524660107,2,LEG1*,LEGGETT & PLATT INC,MF,Equity,Common Stock,False,exchCode 'MF' is not a US venue
524660107,4,yahoo_search,US5246601075,,,,,,,False,no result
527064109,2,ID_ISIN,US5270641096,,,,,,,False,No identifier found.
527064109,3,ID_CUSIP,527064109,,,,,,,False,No identifier found.
527064109,4,yahoo_search,US5270641096,1,LESL,"Leslie's, Inc.",NMS,,EQUITY,True,
530307107,2,ID_ISIN,US5303071071,,,,,,,False,No identifier found.
530307107,3,ID_CUSIP,530307107,,,,,,,False,No identifier found.
530307107,4,yahoo_search,US5303071071,,,,,,,False,no result
530307305,2,ID_ISIN,US5303073051,,,,,,,False,No identifier found.
530307305,3,ID_CUSIP,530307305,1,8L8C,LIBERTY BROADBAND-C,GR,Equity,Common Stock,False,exchCode 'GR' is not a US venue
530307305,3,ID_CUSIP,530307305,2,LBRDKN,LIBERTY BROADBAND-C,B3,Equity,Common Stock,False,exchCode 'B3' is not a US venue
530307305,3,ID_CUSIP,530307305,3,8L8C,LIBERTY BROADBAND-C,LA,Equity,Common Stock,False,exchCode 'LA' is not a US venue
530307305,3,ID_CUSIP,530307305,4,8L8C,LIBERTY BROADBAND-C,LU,Equity,Common Stock,False,exchCode 'LU' is not a US venue
530307305,4,yahoo_search,US5303073051,,,,,,,False,no result
531229409,2,ID_ISIN,US5312294094,,,,,,,False,No identifier found.
531229409,3,ID_CUSIP,531229409,1,LM03,LIBERTY MEDIA COR-SIRIUSXM A,GR,Equity,Tracking Stk,False,exchCode 'GR' is not a US venue
531229409,3,ID_CUSIP,531229409,2,LSXMAUSD,LIBERTY MEDIA COR-SIRIUSXM A,X9,Equity,Tracking Stk,False,exchCode 'X9' is not a US venue
531229409,3,ID_CUSIP,531229409,3,LM03,LIBERTY MEDIA COR-SIRIUSXM A,LA,Equity,Tracking Stk,False,exchCode 'LA' is not a US venue
531229409,3,ID_CUSIP,531229409,4,LM03,LIBERTY MEDIA COR-SIRIUSXM A,LU,Equity,Tracking Stk,False,exchCode 'LU' is not a US venue
531229409,4,yahoo_search,US5312294094,,,,,,,False,no result
531229607,2,ID_ISIN,US5312296073,,,,,,,False,No identifier found.
531229607,3,ID_CUSIP,531229607,1,LSXMKUSD,LIBERTY MEDIA COR-SIRIUSXM C,XB,Equity,Tracking Stk,False,exchCode 'XB' is not a US venue
531229607,3,ID_CUSIP,531229607,2,LSXMKUSD,LIBERTY MEDIA COR-SIRIUSXM C,XS,Equity,Tracking Stk,False,exchCode 'XS' is not a US venue
531229607,3,ID_CUSIP,531229607,3,LSXMKEUR,LIBERTY MEDIA COR-SIRIUSXM C,XB,Equity,Tracking Stk,False,exchCode 'XB' is not a US venue
531229607,3,ID_CUSIP,531229607,4,LSXMKEUR,LIBERTY MEDIA COR-SIRIUSXM C,XS,Equity,Tracking Stk,False,exchCode 'XS' is not a US venue
531229607,3,ID_CUSIP,531229607,5,LSXMKUSD,LIBERTY MEDIA COR-SIRIUSXM C,X9,Equity,Tracking Stk,False,exchCode 'X9' is not a US venue
531229607,4,yahoo_search,US5312296073,,,,,,,False,no result
531229854,2,ID_ISIN,US5312298541,,,,,,,False,No identifier found.
531229854,3,ID_CUSIP,531229854,1,FWONKUSD,LIBERTY MEDIA CORP-LIBERTY-C,X9,Equity,Tracking Stk,False,exchCode 'X9' is not a US venue
531229854,4,yahoo_search,US5312298541,1,FWONK,Formula One Group,NMS,,EQUITY,False,name check: LIBERTY != FORMULA
531229870,2,ID_ISIN,US5312298707,,,,,,,False,No identifier found.
531229870,3,ID_CUSIP,531229870,1,LM05,LIBERTY MEDIA CORP-LIBERTY-A,GR,Equity,Tracking Stk,False,exchCode 'GR' is not a US venue
531229870,3,ID_CUSIP,531229870,2,FWONAUSD,LIBERTY MEDIA CORP-LIBERTY-A,X9,Equity,Tracking Stk,False,exchCode 'X9' is not a US venue
531229870,4,yahoo_search,US5312298707,1,FWONA,Formula One Group,NMS,,EQUITY,False,name check: LIBERTY != FORMULA
539183103,2,ID_ISIN,US5391831030,,,,,,,False,No identifier found.
539183103,3,ID_CUSIP,539183103,1,LVGO,LIVONGO HEALTH INC,UW,Equity,Common Stock,True,
539183103,3,ID_CUSIP,539183103,2,LVGO*,LIVONGO HEALTH INC,MM,Equity,Common Stock,False,an earlier result was accepted
539183103,3,ID_CUSIP,539183103,3,LVGO*,LIVONGO HEALTH INC,MF,Equity,Common Stock,False,an earlier result was accepted
54142L109,2,ID_ISIN,US54142L1098,,,,,,,False,No identifier found.
54142L109,3,ID_CUSIP,54142L109,1,LOGMEUR,LOGMEIN INC,XS,Equity,Common Stock,False,exchCode 'XS' is not a US venue
54142L109,3,ID_CUSIP,54142L109,2,LOGMGBP,LOGMEIN INC,XB,Equity,Common Stock,False,exchCode 'XB' is not a US venue
54142L109,3,ID_CUSIP,54142L109,3,LOGMGBP,LOGMEIN INC,XS,Equity,Common Stock,False,exchCode 'XS' is not a US venue
54142L109,3,ID_CUSIP,54142L109,4,LOGMUSD,LOGMEIN INC,XB,Equity,Common Stock,False,exchCode 'XB' is not a US venue
54142L109,3,ID_CUSIP,54142L109,5,LOGMUSD,LOGMEIN INC,XS,Equity,Common Stock,False,exchCode 'XS' is not a US venue
54142L109,4,yahoo_search,US54142L1098,,,,,,,False,no result
549498103,2,ID_ISIN,US5494981039,,,,,,,False,No identifier found.
549498103,3,ID_CUSIP,549498103,1,CCIVGBP,LUCID GROUP INC,XS,Equity,Common Stock,False,exchCode 'XS' is not a US venue
549498103,3,ID_CUSIP,549498103,2,CCIVGBP,LUCID GROUP INC,X2,Equity,Common Stock,False,exchCode 'X2' is not a US venue
549498103,3,ID_CUSIP,549498103,3,CCIVGBP,LUCID GROUP INC,XE,Equity,Common Stock,False,exchCode 'XE' is not a US venue
549498103,3,ID_CUSIP,549498103,4,CCIVGBP,LUCID GROUP INC,XJ,Equity,Common Stock,False,exchCode 'XJ' is not a US venue
549498103,3,ID_CUSIP,549498103,5,CCIVGBP,LUCID GROUP INC,E1,Equity,Common Stock,False,exchCode 'E1' is not a US venue
549498103,3,ID_CUSIP,549498103,6,CCIVGBP,LUCID GROUP INC,XQ,Equity,Common Stock,False,exchCode 'XQ' is not a US venue
549498103,3,ID_CUSIP,549498103,7,CCIVGBP,LUCID GROUP INC,XX,Equity,Common Stock,False,exchCode 'XX' is not a US venue
549498103,3,ID_CUSIP,549498103,8,CCIVGBP,LUCID GROUP INC,XZ,Equity,Common Stock,False,exchCode 'XZ' is not a US venue
549498103,3,ID_CUSIP,549498103,9,CCIVGBP,LUCID GROUP INC,X1,Equity,Common Stock,False,exchCode 'X1' is not a US venue
549498103,3,ID_CUSIP,549498103,10,CCIVUSD,LUCID GROUP INC,XS,Equity,Common Stock,False,exchCode 'XS' is not a US venue
549498103,3,ID_CUSIP,549498103,11,CCIVUSD,LUCID GROUP INC,X2,Equity,Common Stock,False,exchCode 'X2' is not a US venue
549498103,3,ID_CUSIP,549498103,12,CCIVUSD,LUCID GROUP INC,XE,Equity,Common Stock,False,exchCode 'XE' is not a US venue
549498103,3,ID_CUSIP,549498103,13,CCIVUSD,LUCID GROUP INC,XJ,Equity,Common Stock,False,exchCode 'XJ' is not a US venue
549498103,3,ID_CUSIP,549498103,14,CCIVUSD,LUCID GROUP INC,E1,Equity,Common Stock,False,exchCode 'E1' is not a US venue
549498103,3,ID_CUSIP,549498103,15,CCIVUSD,LUCID GROUP INC,XQ,Equity,Common Stock,False,exchCode 'XQ' is not a US venue
549498103,3,ID_CUSIP,549498103,16,CCIVUSD,LUCID GROUP INC,XX,Equity,Common Stock,False,exchCode 'XX' is not a US venue
549498103,3,ID_CUSIP,549498103,17,CCIVUSD,LUCID GROUP INC,XZ,Equity,Common Stock,False,exchCode 'XZ' is not a US venue
549498103,3,ID_CUSIP,549498103,18,CCIVUSD,LUCID GROUP INC,X1,Equity,Common Stock,False,exchCode 'X1' is not a US venue
549498103,3,ID_CUSIP,549498103,19,CCIVEUR,LUCID GROUP INC,XS,Equity,Common Stock,False,exchCode 'XS' is not a US venue
549498103,3,ID_CUSIP,549498103,20,CCIVEUR,LUCID GROUP INC,X2,Equity,Common Stock,False,exchCode 'X2' is not a US venue
549498103,3,ID_CUSIP,549498103,21,CCIVEUR,LUCID GROUP INC,XE,Equity,Common Stock,False,exchCode 'XE' is not a US venue
549498103,3,ID_CUSIP,549498103,22,CCIVEUR,LUCID GROUP INC,XJ,Equity,Common Stock,False,exchCode 'XJ' is not a US venue
549498103,3,ID_CUSIP,549498103,23,CCIVEUR,LUCID GROUP INC,E1,Equity,Common Stock,False,exchCode 'E1' is not a US venue
549498103,3,ID_CUSIP,549498103,24,CCIVEUR,LUCID GROUP INC,XQ,Equity,Common Stock,False,exchCode 'XQ' is not a US venue
549498103,3,ID_CUSIP,549498103,25,CCIVEUR,LUCID GROUP INC,XX,Equity,Common Stock,False,exchCode 'XX' is not a US venue
549498103,3,ID_CUSIP,549498103,26,CCIVEUR,LUCID GROUP INC,XZ,Equity,Common Stock,False,exchCode 'XZ' is not a US venue
549498103,3,ID_CUSIP,549498103,27,CCIVEUR,LUCID GROUP INC,X1,Equity,Common Stock,False,exchCode 'X1' is not a US venue
549498103,3,ID_CUSIP,549498103,28,CCIVUSD,LUCID GROUP INC,X9,Equity,Common Stock,False,exchCode 'X9' is not a US venue
549498103,4,yahoo_search,US5494981039,1,LCID,"Lucid Group, Inc.",NMS,,EQUITY,True,
562662106,2,ID_ISIN,US5626621065,,,,,,,False,No identifier found.
562662106,3,ID_CUSIP,562662106,,,,,,,False,No identifier found.
562662106,4,yahoo_search,US5626621065,,,,,,,False,no result
565849106,2,ID_ISIN,US5658491064,,,,,,,False,No identifier found.
565849106,3,ID_CUSIP,565849106,1,MRO*,MARATHON OIL CORP,MM,Equity,Common Stock,False,exchCode 'MM' is not a US venue
565849106,3,ID_CUSIP,565849106,2,MRO*,MARATHON OIL CORP,MF,Equity,Common Stock,False,exchCode 'MF' is not a US venue
565849106,3,ID_CUSIP,565849106,3,MRO1USD,MARATHON OIL CORP,XS,Equity,Common Stock,False,exchCode 'XS' is not a US venue
565849106,3,ID_CUSIP,565849106,4,MRO11EUR,MARATHON OIL CORP,XB,Equity,Common Stock,False,exchCode 'XB' is not a US venue
565849106,3,ID_CUSIP,565849106,5,MRO11EUR,MARATHON OIL CORP,XS,Equity,Common Stock,False,exchCode 'XS' is not a US venue
565849106,3,ID_CUSIP,565849106,6,MRO1GBP,MARATHON OIL CORP,XB,Equity,Common Stock,False,exchCode 'XB' is not a US venue
565849106,3,ID_CUSIP,565849106,7,MRO1GBP,MARATHON OIL CORP,XS,Equity,Common Stock,False,exchCode 'XS' is not a US venue
565849106,3,ID_CUSIP,565849106,8,MRO11EUR,MARATHON OIL CORP,X9,Equity,Common Stock,False,exchCode 'X9' is not a US venue
565849106,3,ID_CUSIP,565849106,9,MRO1USD,MARATHON OIL CORP,X9,Equity,Common Stock,False,exchCode 'X9' is not a US venue
565849106,4,yahoo_search,US5658491064,,,,,,,False,no result
574795100,2,ID_ISIN,US5747951003,,,,,,,False,No identifier found.
574795100,3,ID_CUSIP,574795100,1,MASI*,MASIMO CORP,MM,Equity,Common Stock,False,exchCode 'MM' is not a US venue
574795100,3,ID_CUSIP,574795100,2,MASI*,MASIMO CORP,MF,Equity,Common Stock,False,exchCode 'MF' is not a US venue
574795100,3,ID_CUSIP,574795100,3,MASI*,MASIMO CORP,MU,Equity,Common Stock,False,exchCode 'MU' is not a US venue
574795100,4,yahoo_search,US5747951003,,,,,,,False,no result
57665R106,2,ID_ISIN,US57665R1068,,,,,,,False,No identifier found.
57665R106,3,ID_CUSIP,57665R106,1,MTCHEUR,MATCH GROUP INC,XS,Equity,Common Stock,False,exchCode 'XS' is not a US venue
57665R106,3,ID_CUSIP,57665R106,2,MTCH1USD,MATCH GROUP INC,XB,Equity,Common Stock,False,exchCode 'XB' is not a US venue
57665R106,3,ID_CUSIP,57665R106,3,MTCH1USD,MATCH GROUP INC,XS,Equity,Common Stock,False,exchCode 'XS' is not a US venue
57665R106,3,ID_CUSIP,57665R106,4,MTCHGBP,MATCH GROUP INC,XB,Equity,Common Stock,False,exchCode 'XB' is not a US venue
57665R106,3,ID_CUSIP,57665R106,5,MTCHGBP,MATCH GROUP INC,XS,Equity,Common Stock,False,exchCode 'XS' is not a US venue
57665R106,4,yahoo_search,US57665R1068,1,MTCH,"Match Group, Inc.",NMS,,EQUITY,True,
57772K101,2,ID_ISIN,US57772K1016,,,,,,,False,No identifier found.
57772K101,3,ID_CUSIP,57772K101,1,MXIM,MAXIM INTEGRATED PRODUCTS,UW,Equity,Common Stock,True,
57772K101,3,ID_CUSIP,57772K101,2,MXIMUSD,MAXIM INTEGRATED PRODUCTS,XB,Equity,Common Stock,False,an earlier result was accepted
57772K101,3,ID_CUSIP,57772K101,3,MXIMUSD,MAXIM INTEGRATED PRODUCTS,XS,Equity,Common Stock,False,an earlier result was accepted
57772K101,3,ID_CUSIP,57772K101,4,MXIMGBP,MAXIM INTEGRATED PRODUCTS,XB,Equity,Common Stock,False,an earlier result was accepted
57772K101,3,ID_CUSIP,57772K101,5,MXIMGBP,MAXIM INTEGRATED PRODUCTS,XS,Equity,Common Stock,False,an earlier result was accepted
57772K101,3,ID_CUSIP,57772K101,6,MXIMEUR,MAXIM INTEGRATED PRODUCTS,XB,Equity,Common Stock,False,an earlier result was accepted
57772K101,3,ID_CUSIP,57772K101,7,MXIMEUR,MAXIM INTEGRATED PRODUCTS,XS,Equity,Common Stock,False,an earlier result was accepted
579063108,2,ID_ISIN,US5790631080,,,,,,,False,No identifier found.
579063108,3,ID_CUSIP,579063108,1,MCFEUSD,MCAFEE CORP - CLASS A,X9,Equity,Common Stock,False,exchCode 'X9' is not a US venue
579063108,4,yahoo_search,US5790631080,,,,,,,False,no result
584021109,2,ID_ISIN,US5840211099,,,,,,,False,No identifier found.
584021109,3,ID_CUSIP,584021109,1,MDLA,MEDALLIA INC,UN,Equity,Common Stock,True,
58471A105,2,ID_ISIN,US58471A1051,,,,,,,False,No identifier found.
58471A105,3,ID_CUSIP,58471A105,1,MDSOEUR,MEDIDATA SOLUTIONS INC,XS,Equity,Common Stock,False,exchCode 'XS' is not a US venue
58471A105,3,ID_CUSIP,58471A105,2,MDSOUSD,MEDIDATA SOLUTIONS INC,XB,Equity,Common Stock,False,exchCode 'XB' is not a US venue
58471A105,3,ID_CUSIP,58471A105,3,MDSOUSD,MEDIDATA SOLUTIONS INC,XS,Equity,Common Stock,False,exchCode 'XS' is not a US venue
58471A105,3,ID_CUSIP,58471A105,4,MDSOUSD,MEDIDATA SOLUTIONS INC,X2,Equity,Common Stock,False,exchCode 'X2' is not a US venue
58471A105,4,yahoo_search,US58471A1051,,,,,,,False,no result
60468T105,2,ID_ISIN,US60468T1051,,,,,,,False,No identifier found.
60468T105,3,ID_CUSIP,60468T105,1,MRTXEUR,MIRATI THERAPEUTICS INC,XS,Equity,Common Stock,False,exchCode 'XS' is not a US venue
60468T105,3,ID_CUSIP,60468T105,2,MRTXUSD,MIRATI THERAPEUTICS INC,XB,Equity,Common Stock,False,exchCode 'XB' is not a US venue
60468T105,3,ID_CUSIP,60468T105,3,MRTXUSD,MIRATI THERAPEUTICS INC,XS,Equity,Common Stock,False,exchCode 'XS' is not a US venue
60468T105,3,ID_CUSIP,60468T105,4,MRTXGBP,MIRATI THERAPEUTICS INC,XS,Equity,Common Stock,False,exchCode 'XS' is not a US venue
60468T105,3,ID_CUSIP,60468T105,5,MRTXUSD,MIRATI THERAPEUTICS INC,X9,Equity,Common Stock,False,exchCode 'X9' is not a US venue
60468T105,4,yahoo_search,US60468T1051,,,,,,,False,no result
60646V105,2,ID_ISIN,US60646V1052,,,,,,,False,No identifier found.
60646V105,3,ID_CUSIP,60646V105,,,,,,,False,No identifier found.
60646V105,4,yahoo_search,US60646V1052,,,,,,,False,no result
62945V109,2,ID_ISIN,US62945V1098,,,,,,,False,No identifier found.
62945V109,3,ID_CUSIP,62945V109,1,NVEEUSD,NV5 GLOBAL INC,XB,Equity,Common Stock,False,exchCode 'XB' is not a US venue
62945V109,3,ID_CUSIP,62945V109,2,NVEEUSD,NV5 GLOBAL INC,XS,Equity,Common Stock,False,exchCode 'XS' is not a US venue
62945V109,3,ID_CUSIP,62945V109,3,NVEEUSD,NV5 GLOBAL INC,EU,Equity,Common Stock,False,exchCode 'EU' is not a US venue
62945V109,3,ID_CUSIP,62945V109,4,NVEEGBP,NV5 GLOBAL INC,EU,Equity,Common Stock,False,exchCode 'EU' is not a US venue
62945V109,3,ID_CUSIP,62945V109,5,NVEEUSD,NV5 GLOBAL INC,X9,Equity,Common Stock,False,exchCode 'X9' is not a US venue
62945V109,4,yahoo_search,US62945V1098,,,,,,,False,no result
636518102,2,ID_ISIN,US6365181022,,,,,,,False,No identifier found.
636518102,3,ID_CUSIP,636518102,,,,,,,False,No identifier found.
636518102,4,yahoo_search,US6365181022,,,,,,,False,no result
637071101,2,ID_ISIN,US6370711011,,,,,,,False,No identifier found.
637071101,3,ID_CUSIP,637071101,1,NOVEUR,NATIONAL OILWELL VARCO INC,EO,Equity,Common Stock,False,exchCode 'EO' is not a US venue
637071101,3,ID_CUSIP,637071101,2,NOVEUR,NOV INC,XJ,Equity,Common Stock,False,exchCode 'XJ' is not a US venue
637071101,3,ID_CUSIP,637071101,3,NOVEUR,NATIONAL OILWELL VARCO INC,E1,Equity,Common Stock,False,exchCode 'E1' is not a US venue
637071101,3,ID_CUSIP,637071101,4,NOVUSD,NATIONAL OILWELL VARCO INC,EO,Equity,Common Stock,False,exchCode 'EO' is not a US venue
637071101,3,ID_CUSIP,637071101,5,NOVUSD,NOV INC,XJ,Equity,Common Stock,False,exchCode 'XJ' is not a US venue
637071101,3,ID_CUSIP,637071101,6,NOVUSD,NATIONAL OILWELL VARCO INC,E1,Equity,Common Stock,False,exchCode 'E1' is not a US venue
637071101,3,ID_CUSIP,637071101,7,NOVEUR,NATIONAL OILWELL VARCO INC,XX,Equity,Common Stock,False,exchCode 'XX' is not a US venue
637071101,3,ID_CUSIP,637071101,8,NOVUSD,NATIONAL OILWELL VARCO INC,XX,Equity,Common Stock,False,exchCode 'XX' is not a US venue
637071101,3,ID_CUSIP,637071101,9,NOVGBX,NATIONAL OILWELL VARCO INC,X2,Equity,Common Stock,False,exchCode 'X2' is not a US venue
637071101,3,ID_CUSIP,637071101,10,NOVGBX,NOV INC,XJ,Equity,Common Stock,False,exchCode 'XJ' is not a US venue
637071101,3,ID_CUSIP,637071101,11,NOVGBX,NATIONAL OILWELL VARCO INC,E1,Equity,Common Stock,False,exchCode 'E1' is not a US venue
637071101,3,ID_CUSIP,637071101,12,NOVGBX,NATIONAL OILWELL VARCO INC,XQ,Equity,Common Stock,False,exchCode 'XQ' is not a US venue
637071101,3,ID_CUSIP,637071101,13,NOVGBX,NATIONAL OILWELL VARCO INC,XX,Equity,Common Stock,False,exchCode 'XX' is not a US venue
637071101,3,ID_CUSIP,637071101,14,NOVGBX,NATIONAL OILWELL VARCO INC,XZ,Equity,Common Stock,False,exchCode 'XZ' is not a US venue
637071101,3,ID_CUSIP,637071101,15,NOVUSD,NATIONAL OILWELL VARCO INC,X9,Equity,Common Stock,False,exchCode 'X9' is not a US venue
637071101,4,yahoo_search,US6370711011,1,NOV,NOV Inc.,NYQ,,EQUITY,False,name check: NATIONAL != NOV
63947U107,2,ID_ISIN,US63947U1079,,,,,,,False,No identifier found.
63947U107,3,ID_CUSIP,63947U107,1,NCNO*,NCINO OPCO INC,MM,Equity,Common Stock,False,exchCode 'MM' is not a US venue
63947U107,3,ID_CUSIP,63947U107,2,NCNO*,NCINO OPCO INC,MF,Equity,Common Stock,False,exchCode 'MF' is not a US venue
63947U107,3,ID_CUSIP,63947U107,3,NCNO*,NCINO OPCO INC,MU,Equity,Common Stock,False,exchCode 'MU' is not a US venue
63947U107,3,ID_CUSIP,63947U107,4,NCNOUSD,NCINO INC,X9,Equity,Common Stock,False,exchCode 'X9' is not a US venue
63947U107,3,ID_CUSIP,63947U107,5,NCNOEUR,NCINO INC,X9,Equity,Common Stock,False,exchCode 'X9' is not a US venue
63947U107,4,yahoo_search,US63947U1079,,,,,,,False,no result
640268108,2,ID_ISIN,US6402681083,,,,,,,False,No identifier found.
640268108,3,ID_CUSIP,640268108,1,NKTREUR,NEKTAR THERAPEUTICS,X1,Equity,Common Stock,False,exchCode 'X1' is not a US venue
640268108,3,ID_CUSIP,640268108,2,NKTRUSD,NEKTAR THERAPEUTICS,X1,Equity,Common Stock,False,exchCode 'X1' is not a US venue
640268108,3,ID_CUSIP,640268108,3,NKTRGBP,NEKTAR THERAPEUTICS,X1,Equity,Common Stock,False,exchCode 'X1' is not a US venue
640268108,4,yahoo_search,US6402681083,1,NKTR,Nektar Therapeutics,NCM,,EQUITY,True,
644393100,2,ID_ISIN,US6443931000,,,,,,,False,No identifier found.
644393100,3,ID_CUSIP,644393100,1,NFE1EUR,NEW FORTRESS ENERGY INC,X2,Equity,Common Stock,False,exchCode 'X2' is not a US venue
644393100,3,ID_CUSIP,644393100,2,NFE1EUR,NEW FORTRESS ENERGY INC,X1,Equity,Common Stock,False,exchCode 'X1' is not a US venue
644393100,3,ID_CUSIP,644393100,3,NFE1GBP,NEW FORTRESS ENERGY INC,X2,Equity,Common Stock,False,exchCode 'X2' is not a US venue
644393100,3,ID_CUSIP,644393100,4,NFE1GBP,NEW FORTRESS ENERGY INC,X1,Equity,Common Stock,False,exchCode 'X1' is not a US venue
644393100,3,ID_CUSIP,644393100,5,NFE1USD,NEW FORTRESS ENERGY INC,X2,Equity,Common Stock,False,exchCode 'X2' is not a US venue
644393100,3,ID_CUSIP,644393100,6,NFE1USD,NEW FORTRESS ENERGY INC,X1,Equity,Common Stock,False,exchCode 'X1' is not a US venue
644393100,4,yahoo_search,US6443931000,1,NFE,New Fortress Energy Inc.,NMS,,EQUITY,True,
647581107,2,ID_ISIN,US6475811070,,,,,,,False,No identifier found.
647581107,3,ID_CUSIP,647581107,,,,,,,False,No identifier found.
647581107,4,yahoo_search,US6475811070,1,EDU,New Oriental Education & Technology Group Inc.,NYQ,,EQUITY,True,
64829B100,2,ID_ISIN,US64829B1008,,,,,,,False,No identifier found.
64829B100,3,ID_CUSIP,64829B100,1,NEWREUR,NEW RELIC INC,XS,Equity,Common Stock,False,exchCode 'XS' is not a US venue
64829B100,3,ID_CUSIP,64829B100,2,NEWRUSD,NEW RELIC INC,XB,Equity,Common Stock,False,exchCode 'XB' is not a US venue
64829B100,3,ID_CUSIP,64829B100,3,NEWRUSD,NEW RELIC INC,XS,Equity,Common Stock,False,exchCode 'XS' is not a US venue
64829B100,3,ID_CUSIP,64829B100,4,NEWRGBX,NEW RELIC INC,XB,Equity,Common Stock,False,exchCode 'XB' is not a US venue
64829B100,3,ID_CUSIP,64829B100,5,NEWRGBX,NEW RELIC INC,XS,Equity,Common Stock,False,exchCode 'XS' is not a US venue
64829B100,3,ID_CUSIP,64829B100,6,NEWRUSD,NEW RELIC INC,X9,Equity,Common Stock,False,exchCode 'X9' is not a US venue
64829B100,3,ID_CUSIP,64829B100,7,NEWREUR,NEW RELIC INC,X9,Equity,Common Stock,False,exchCode 'X9' is not a US venue
64829B100,4,yahoo_search,US64829B1008,,,,,,,False,no result
655044105,2,ID_ISIN,US6550441058,,,,,,,False,No identifier found.
655044105,3,ID_CUSIP,655044105,1,NBL2EUR,NOBLE ENERGY INC,XS,Equity,Common Stock,False,exchCode 'XS' is not a US venue
655044105,3,ID_CUSIP,655044105,2,NBL2USD,NOBLE ENERGY INC,XB,Equity,Common Stock,False,exchCode 'XB' is not a US venue
655044105,3,ID_CUSIP,655044105,3,NBL2USD,NOBLE ENERGY INC,XS,Equity,Common Stock,False,exchCode 'XS' is not a US venue
655044105,3,ID_CUSIP,655044105,4,NBL2GBX,NOBLE ENERGY INC,XB,Equity,Common Stock,False,exchCode 'XB' is not a US venue
655044105,3,ID_CUSIP,655044105,5,NBL2GBX,NOBLE ENERGY INC,XS,Equity,Common Stock,False,exchCode 'XS' is not a US venue
655044105,4,yahoo_search,US6550441058,,,,,,,False,no result
655664100,2,ID_ISIN,US6556641008,,,,,,,False,No identifier found.
655664100,3,ID_CUSIP,655664100,1,JWNUSD,NORDSTROM INC,XB,Equity,Common Stock,False,exchCode 'XB' is not a US venue
655664100,3,ID_CUSIP,655664100,2,JWNUSD,NORDSTROM INC,XS,Equity,Common Stock,False,exchCode 'XS' is not a US venue
655664100,3,ID_CUSIP,655664100,3,JWNEUR,NORDSTROM INC,XB,Equity,Common Stock,False,exchCode 'XB' is not a US venue
655664100,3,ID_CUSIP,655664100,4,JWNEUR,NORDSTROM INC,XS,Equity,Common Stock,False,exchCode 'XS' is not a US venue
655664100,3,ID_CUSIP,655664100,5,JWNGBX,NORDSTROM INC,XS,Equity,Common Stock,False,exchCode 'XS' is not a US venue
655664100,3,ID_CUSIP,655664100,6,JWNEUR,NORDSTROM INC,X9,Equity,Common Stock,False,exchCode 'X9' is not a US venue
655664100,3,ID_CUSIP,655664100,7,JWNUSD,NORDSTROM INC,X9,Equity,Common Stock,False,exchCode 'X9' is not a US venue
655664100,4,yahoo_search,US6556641008,,,,,,,False,no result
67020Y100,2,ID_ISIN,US67020Y1001,,,,,,,False,No identifier found.
67020Y100,3,ID_CUSIP,67020Y100,1,NUANEUR,NUANCE COMMUNICATIONS INC,XS,Equity,Common Stock,False,exchCode 'XS' is not a US venue
67020Y100,3,ID_CUSIP,67020Y100,2,NUANUSD,NUANCE COMMUNICATIONS INC,XB,Equity,Common Stock,False,exchCode 'XB' is not a US venue
67020Y100,3,ID_CUSIP,67020Y100,3,NUANUSD,NUANCE COMMUNICATIONS INC,XS,Equity,Common Stock,False,exchCode 'XS' is not a US venue
67020Y100,3,ID_CUSIP,67020Y100,4,NUANGBP,NUANCE COMMUNICATIONS INC,XB,Equity,Common Stock,False,exchCode 'XB' is not a US venue
67020Y100,3,ID_CUSIP,67020Y100,5,NUANGBP,NUANCE COMMUNICATIONS INC,XS,Equity,Common Stock,False,exchCode 'XS' is not a US venue
67020Y100,3,ID_CUSIP,67020Y100,6,NUANUSD,NUANCE COMMUNICATIONS INC,X9,Equity,Common Stock,False,exchCode 'X9' is not a US venue
67020Y100,3,ID_CUSIP,67020Y100,7,NUANEUR,NUANCE COMMUNICATIONS INC,X9,Equity,Common Stock,False,exchCode 'X9' is not a US venue
67020Y100,4,yahoo_search,US67020Y1001,,,,,,,False,no result
670703107,2,ID_ISIN,US6707031075,,,,,,,False,No identifier found.
670703107,3,ID_CUSIP,670703107,,,,,,,False,No identifier found.
670703107,4,yahoo_search,US6707031075,,,,,,,False,no result
67181A107,2,ID_ISIN,US67181A1079,,,,,,,False,No identifier found.
67181A107,3,ID_CUSIP,67181A107,1,OSH3USD,OAK STREET HEALTH INC,X9,Equity,Common Stock,False,exchCode 'X9' is not a US venue
67181A107,3,ID_CUSIP,67181A107,2,OSH3EUR,OAK STREET HEALTH INC,X9,Equity,Common Stock,False,exchCode 'X9' is not a US venue
67181A107,4,yahoo_search,US67181A1079,,,,,,,False,no result
679369108,2,ID_ISIN,US6793691089,,,,,,,False,No identifier found.
679369108,3,ID_CUSIP,679369108,,,,,,,False,No identifier found.
679369108,4,yahoo_search,US6793691089,,,,,,,False,no result
68134L109,2,ID_ISIN,US68134L1098,,,,,,,False,No identifier found.
68134L109,3,ID_CUSIP,68134L109,1,OLOGBX,OLO INC - CLASS A,XX,Equity,Common Stock,False,exchCode 'XX' is not a US venue
68134L109,3,ID_CUSIP,68134L109,2,OLOGBX,OLO INC - CLASS A,EU,Equity,Common Stock,False,exchCode 'EU' is not a US venue
68134L109,4,yahoo_search,US68134L1098,,,,,,,False,no result
682680103,2,ID_ISIN,US6826801036,,,,,,,False,No identifier found.
682680103,3,ID_CUSIP,682680103,1,OKEEUR,ONEOK INC,ER,Equity,Common Stock,False,exchCode 'ER' is not a US venue
682680103,3,ID_CUSIP,682680103,2,OKEGBP,ONEOK INC,ER,Equity,Common Stock,False,exchCode 'ER' is not a US venue
682680103,3,ID_CUSIP,682680103,3,OKEDEUR,ONEOK INC,ER,Equity,Common Stock,False,exchCode 'ER' is not a US venue
682680103,3,ID_CUSIP,682680103,4,OKEMEUR,ONEOK INC,ER,Equity,Common Stock,False,exchCode 'ER' is not a US venue
682680103,3,ID_CUSIP,682680103,5,OKE,ONEOK INC,ER,Equity,Common Stock,False,exchCode 'ER' is not a US venue
682680103,3,ID_CUSIP,682680103,6,OKEVEUR,ONEOK INC,ER,Equity,Common Stock,False,exchCode 'ER' is not a US venue
682680103,3,ID_CUSIP,682680103,7,ONKLUSD,ONEOK INC,ER,Equity,Common Stock,False,exchCode 'ER' is not a US venue
682680103,4,yahoo_search,US6826801036,1,ONK.HA,ONEOK Inc,HAN,,EQUITY,False,exchange 'HAN' is not a US venue
69007J106,2,ID_ISIN,US69007J1060,,,,,,,False,No identifier found.
69007J106,3,ID_CUSIP,69007J106,,,,,,,False,No identifier found.
69007J106,4,yahoo_search,US69007J1060,,,,,,,False,no result
690768403,2,ID_ISIN,US6907684038,,,,,,,False,No identifier found.
690768403,3,ID_CUSIP,690768403,1,OIEUR,OWENS-ILLINOIS INC,XS,Equity,Common Stock,False,exchCode 'XS' is not a US venue
690768403,3,ID_CUSIP,690768403,2,OIUSD,OWENS-ILLINOIS INC,XB,Equity,Common Stock,False,exchCode 'XB' is not a US venue
690768403,3,ID_CUSIP,690768403,3,OIUSD,OWENS-ILLINOIS INC,XS,Equity,Common Stock,False,exchCode 'XS' is not a US venue
690768403,4,yahoo_search,US6907684038,,,,,,,False,no result
69327R101,2,ID_ISIN,US69327R1014,,,,,,,False,No identifier found.
69327R101,3,ID_CUSIP,69327R101,1,PDCEUSD,PDC ENERGY INC,XB,Equity,Common Stock,False,exchCode 'XB' is not a US venue
69327R101,3,ID_CUSIP,69327R101,2,PDCEUSD,PDC ENERGY INC,XS,Equity,Common Stock,False,exchCode 'XS' is not a US venue
69327R101,3,ID_CUSIP,69327R101,3,PDCEEUR,PDC ENERGY INC,XB,Equity,Common Stock,False,exchCode 'XB' is not a US venue
69327R101,3,ID_CUSIP,69327R101,4,PDCEEUR,PDC ENERGY INC,XS,Equity,Common Stock,False,exchCode 'XS' is not a US venue
69327R101,3,ID_CUSIP,69327R101,5,PDCEUSD,PDC ENERGY INC,X9,Equity,Common Stock,False,exchCode 'X9' is not a US venue
69327R101,3,ID_CUSIP,69327R101,6,PDCEEUR,PDC ENERGY INC,X9,Equity,Common Stock,False,exchCode 'X9' is not a US venue
69327R101,4,yahoo_search,US69327R1014,,,,,,,False,no result
69354M108,2,ID_ISIN,US69354M1080,,,,,,,False,No identifier found.
69354M108,3,ID_CUSIP,69354M108,1,PRAH,PRA HEALTH SCIENCES INC,UW,Equity,Common Stock,True,
69354M108,3,ID_CUSIP,69354M108,2,PRAHEUR,PRA HEALTH SCIENCES INC,XS,Equity,Common Stock,False,an earlier result was accepted
69354M108,3,ID_CUSIP,69354M108,3,PRAHUSD,PRA HEALTH SCIENCES INC,XB,Equity,Common Stock,False,an earlier result was accepted
69354M108,3,ID_CUSIP,69354M108,4,PRAHUSD,PRA HEALTH SCIENCES INC,XS,Equity,Common Stock,False,an earlier result was accepted
69354M108,3,ID_CUSIP,69354M108,5,PRAHGBP,PRA HEALTH SCIENCES INC,XB,Equity,Common Stock,False,an earlier result was accepted
69354M108,3,ID_CUSIP,69354M108,6,PRAHGBP,PRA HEALTH SCIENCES INC,XS,Equity,Common Stock,False,an earlier result was accepted
69355F102,2,ID_ISIN,US69355F1021,,,,,,,False,No identifier found.
69355F102,3,ID_CUSIP,69355F102,,,,,,,False,No identifier found.
69355F102,4,yahoo_search,US69355F1021,,,,,,,False,no result
701877102,2,ID_ISIN,US7018771029,,,,,,,False,No identifier found.
701877102,3,ID_CUSIP,701877102,1,PE1EUR,PARSLEY ENERGY INC-CLASS A,XS,Equity,Common Stock,False,exchCode 'XS' is not a US venue
701877102,3,ID_CUSIP,701877102,2,PE1USD,PARSLEY ENERGY INC-CLASS A,XB,Equity,Common Stock,False,exchCode 'XB' is not a US venue
701877102,3,ID_CUSIP,701877102,3,PE1USD,PARSLEY ENERGY INC-CLASS A,XS,Equity,Common Stock,False,exchCode 'XS' is not a US venue
701877102,3,ID_CUSIP,701877102,4,PE1GBP,PARSLEY ENERGY INC-CLASS A,XB,Equity,Common Stock,False,exchCode 'XB' is not a US venue
701877102,3,ID_CUSIP,701877102,5,PE1GBP,PARSLEY ENERGY INC-CLASS A,XS,Equity,Common Stock,False,exchCode 'XS' is not a US venue
701877102,4,yahoo_search,US7018771029,,,,,,,False,no result
70435P102,2,ID_ISIN,US70435P1021,,,,,,,False,No identifier found.
70435P102,3,ID_CUSIP,70435P102,,,,,,,False,No identifier found.
70435P102,4,yahoo_search,US70435P1021,,,,,,,False,no result
712704105,2,ID_ISIN,US7127041058,,,,,,,False,No identifier found.
712704105,3,ID_CUSIP,712704105,1,PBCTEUR,PEOPLE'S UNITED FINANCIAL,XS,Equity,Common Stock,False,exchCode 'XS' is not a US venue
712704105,3,ID_CUSIP,712704105,2,PBCTUSD,PEOPLE'S UNITED FINANCIAL,XB,Equity,Common Stock,False,exchCode 'XB' is not a US venue
712704105,3,ID_CUSIP,712704105,3,PBCTUSD,PEOPLE'S UNITED FINANCIAL,XS,Equity,Common Stock,False,exchCode 'XS' is not a US venue
712704105,3,ID_CUSIP,712704105,4,PBCTUSD,PEOPLE'S UNITED FINANCIAL,X9,Equity,Common Stock,False,exchCode 'X9' is not a US venue
712704105,3,ID_CUSIP,712704105,5,PBCTEUR,PEOPLE'S UNITED FINANCIAL,X9,Equity,Common Stock,False,exchCode 'X9' is not a US venue
712704105,4,yahoo_search,US7127041058,,,,,,,False,no result
72346Q104,2,ID_ISIN,US72346Q1040,,,,,,,False,No identifier found.
72346Q104,3,ID_CUSIP,72346Q104,,,,,,,False,No identifier found.
72346Q104,4,yahoo_search,US72346Q1040,1,PNFP,"Pinnacle Financial Partners, Inc.",NYQ,,EQUITY,True,
723787107,2,ID_ISIN,US7237871071,,,,,,,False,No identifier found.
723787107,3,ID_CUSIP,723787107,1,PXDEUR,PIONEER NATURAL RESOURCES CO,XS,Equity,Common Stock,False,exchCode 'XS' is not a US venue
723787107,3,ID_CUSIP,723787107,2,PXDUSD,PIONEER NATURAL RESOURCES CO,XB,Equity,Common Stock,False,exchCode 'XB' is not a US venue
723787107,3,ID_CUSIP,723787107,3,PXDUSD,PIONEER NATURAL RESOURCES CO,XS,Equity,Common Stock,False,exchCode 'XS' is not a US venue
723787107,3,ID_CUSIP,723787107,4,PXDGBP,PIONEER NATURAL RESOURCES CO,XB,Equity,Common Stock,False,exchCode 'XB' is not a US venue
723787107,3,ID_CUSIP,723787107,5,PXDGBP,PIONEER NATURAL RESOURCES CO,XS,Equity,Common Stock,False,exchCode 'XS' is not a US venue
723787107,3,ID_CUSIP,723787107,6,4PXD,PIONEER NATURAL RESOURCES CO,TE,Equity,Common Stock,False,exchCode 'TE' is not a US venue
723787107,3,ID_CUSIP,723787107,7,PXDUSD,PIONEER NATURAL RESOURCES CO,X9,Equity,Common Stock,False,exchCode 'X9' is not a US venue
723787107,3,ID_CUSIP,723787107,8,PXDEUR,PIONEER NATURAL RESOURCES CO,X9,Equity,Common Stock,False,exchCode 'X9' is not a US venue
723787107,3,ID_CUSIP,723787107,9,1PXD,PIONEER NATURAL RESOURCES CO,IM,Equity,Common Stock,False,exchCode 'IM' is not a US venue
723787107,3,ID_CUSIP,723787107,10,1PXD,PIONEER NATURAL RESOURCES CO,IF,Equity,Common Stock,False,exchCode 'IF' is not a US venue
723787107,4,yahoo_search,US7237871071,,,,,,,False,no result
72941B106,2,ID_ISIN,US72941B1061,,,,,,,False,No identifier found.
72941B106,3,ID_CUSIP,72941B106,,,,,,,False,No identifier found.
72941B106,4,yahoo_search,US72941B1061,1,PS,Pershing Square Inc.,NYQ,,EQUITY,False,name check: PLURALSIGHT != PERSHING
74165N105,2,ID_ISIN,US74165N1054,,,,,,,False,No identifier found.
74165N105,3,ID_CUSIP,74165N105,1,PRMWUSD,PRIMO WATER CORP,B1,Equity,Common Stock,False,exchCode 'B1' is not a US venue
74165N105,4,yahoo_search,US74165N1054,,,,,,,False,no result
74167P108,2,ID_ISIN,US74167P1084,,,,,,,False,No identifier found.
74167P108,3,ID_CUSIP,74167P108,1,BCBUSD,PRIMO WATER CORP,X9,Equity,Common Stock,False,exchCode 'X9' is not a US venue
74167P108,3,ID_CUSIP,74167P108,2,BCBEUR,PRIMO WATER CORP,X9,Equity,Common Stock,False,exchCode 'X9' is not a US venue
74167P108,4,yahoo_search,US74167P1084,,,,,,,False,no result
743424103,2,ID_ISIN,US7434241037,,,,,,,False,No identifier found.
743424103,3,ID_CUSIP,743424103,1,PFPT,PROOFPOINT INC,UW,Equity,Common Stock,True,
743424103,3,ID_CUSIP,743424103,2,PFPTEUR,PROOFPOINT INC,XS,Equity,Common Stock,False,an earlier result was accepted
743424103,3,ID_CUSIP,743424103,3,PFPTUSD,PROOFPOINT INC,XB,Equity,Common Stock,False,an earlier result was accepted
743424103,3,ID_CUSIP,743424103,4,PFPTUSD,PROOFPOINT INC,XS,Equity,Common Stock,False,an earlier result was accepted
743424103,3,ID_CUSIP,743424103,5,PFPT*,PROOFPOINT INC,MM,Equity,Common Stock,False,an earlier result was accepted
74838J101,2,ID_ISIN,US74838J1016,,,,,,,False,No identifier found.
74838J101,3,ID_CUSIP,74838J101,1,QDELUSD,QUIDELORTHO CORP,X9,Equity,Common Stock,False,exchCode 'X9' is not a US venue
74838J101,3,ID_CUSIP,74838J101,2,QDEL*,QUIDEL CORP,MF,Equity,Common Stock,False,exchCode 'MF' is not a US venue
74838J101,4,yahoo_search,US74838J1016,1,QDEL,QuidelOrtho Corporation,NMS,,EQUITY,False,name check: QUIDEL != QUIDELORTHO
755111507,2,ID_ISIN,US7551115071,,,,,,,False,No identifier found.
755111507,3,ID_CUSIP,755111507,1,RTN1USD,RAYTHEON COMPANY,XS,Equity,Common Stock,False,exchCode 'XS' is not a US venue
755111507,3,ID_CUSIP,755111507,2,RTN1EUR,RAYTHEON COMPANY,XS,Equity,Common Stock,False,exchCode 'XS' is not a US venue
755111507,3,ID_CUSIP,755111507,3,RTN1GBP,RAYTHEON COMPANY,XB,Equity,Common Stock,False,exchCode 'XB' is not a US venue
755111507,3,ID_CUSIP,755111507,4,RTN1GBP,RAYTHEON COMPANY,XS,Equity,Common Stock,False,exchCode 'XS' is not a US venue
755111507,4,yahoo_search,US7551115071,,,,,,,False,no result
75585H206,2,ID_ISIN,US75585H2067,,,,,,,False,No identifier found.
75585H206,3,ID_CUSIP,75585H206,1,87M,REAL BROKERAGE INC/THE,GR,Equity,Common Stock,False,exchCode 'GR' is not a US venue
75585H206,4,yahoo_search,US75585H2067,,,,,,,False,no result
75606N109,2,ID_ISIN,US75606N1090,,,,,,,False,No identifier found.
75606N109,3,ID_CUSIP,75606N109,1,RP,REALPAGE INC,UW,Equity,Common Stock,True,
75606N109,3,ID_CUSIP,75606N109,2,RPEUR,REALPAGE INC,XS,Equity,Common Stock,False,an earlier result was accepted
75606N109,3,ID_CUSIP,75606N109,3,RPUSD,REALPAGE INC,XB,Equity,Common Stock,False,an earlier result was accepted
75606N109,3,ID_CUSIP,75606N109,4,RPUSD,REALPAGE INC,XS,Equity,Common Stock,False,an earlier result was accepted
75615P103,2,ID_ISIN,US75615P1030,,,,,,,False,No identifier found.
75615P103,3,ID_CUSIP,75615P103,1,RETAEUR,REATA PHARMACEUTICALS INC-A,XS,Equity,Common Stock,False,exchCode 'XS' is not a US venue
75615P103,3,ID_CUSIP,75615P103,2,RETAUSD,REATA PHARMACEUTICALS INC-A,XB,Equity,Common Stock,False,exchCode 'XB' is not a US venue
75615P103,3,ID_CUSIP,75615P103,3,RETAUSD,REATA PHARMACEUTICALS INC-A,XS,Equity,Common Stock,False,exchCode 'XS' is not a US venue
75615P103,3,ID_CUSIP,75615P103,4,RETAUSD,REATA PHARMACEUTICALS INC-A,X9,Equity,Common Stock,False,exchCode 'X9' is not a US venue
75615P103,4,yahoo_search,US75615P1030,,,,,,,False,no result
767744105,2,ID_ISIN,CA7677441056,,,,,,,False,No identifier found.
767744105,3,ID_CUSIP,767744105,1,RBAGBP,RITCHIE BROS AUCTIONEERS,X2,Equity,Common Stock,False,exchCode 'X2' is not a US venue
767744105,3,ID_CUSIP,767744105,2,RBAGBP,RITCHIE BROS AUCTIONEERS,XB,Equity,Common Stock,False,exchCode 'XB' is not a US venue
767744105,3,ID_CUSIP,767744105,3,RBAGBP,RB GLOBAL INC,XJ,Equity,Common Stock,False,exchCode 'XJ' is not a US venue
767744105,3,ID_CUSIP,767744105,4,RBAGBP,RITCHIE BROS AUCTIONEERS,XS,Equity,Common Stock,False,exchCode 'XS' is not a US venue
767744105,3,ID_CUSIP,767744105,5,RBAGBP,RITCHIE BROS AUCTIONEERS,E1,Equity,Common Stock,False,exchCode 'E1' is not a US venue
767744105,3,ID_CUSIP,767744105,6,RBAGBP,RITCHIE BROS AUCTIONEERS,XQ,Equity,Common Stock,False,exchCode 'XQ' is not a US venue
767744105,3,ID_CUSIP,767744105,7,RBAGBP,RITCHIE BROS AUCTIONEERS,XX,Equity,Common Stock,False,exchCode 'XX' is not a US venue
767744105,3,ID_CUSIP,767744105,8,RBAGBP,RITCHIE BROS AUCTIONEERS,XZ,Equity,Common Stock,False,exchCode 'XZ' is not a US venue
767744105,3,ID_CUSIP,767744105,9,RBACAD,RITCHIE BROS AUCTIONEERS,X2,Equity,Common Stock,False,exchCode 'X2' is not a US venue
767744105,3,ID_CUSIP,767744105,10,RBACAD,RITCHIE BROS AUCTIONEERS,XB,Equity,Common Stock,False,exchCode 'XB' is not a US venue
767744105,3,ID_CUSIP,767744105,11,RBACAD,RB GLOBAL INC,XJ,Equity,Common Stock,False,exchCode 'XJ' is not a US venue
767744105,3,ID_CUSIP,767744105,12,RBACAD,RITCHIE BROS AUCTIONEERS,XS,Equity,Common Stock,False,exchCode 'XS' is not a US venue
767744105,3,ID_CUSIP,767744105,13,RBACAD,RITCHIE BROS AUCTIONEERS,E1,Equity,Common Stock,False,exchCode 'E1' is not a US venue
767744105,3,ID_CUSIP,767744105,14,RBACAD,RITCHIE BROS AUCTIONEERS,XQ,Equity,Common Stock,False,exchCode 'XQ' is not a US venue
767744105,3,ID_CUSIP,767744105,15,RBACAD,RITCHIE BROS AUCTIONEERS,XX,Equity,Common Stock,False,exchCode 'XX' is not a US venue
767744105,3,ID_CUSIP,767744105,16,RBACAD,RITCHIE BROS AUCTIONEERS,XZ,Equity,Common Stock,False,exchCode 'XZ' is not a US venue
767744105,3,ID_CUSIP,767744105,17,RBAUSD,RITCHIE BROS AUCTIONEERS,X2,Equity,Common Stock,False,exchCode 'X2' is not a US venue
767744105,3,ID_CUSIP,767744105,18,RBAUSD,RITCHIE BROS AUCTIONEERS,XB,Equity,Common Stock,False,exchCode 'XB' is not a US venue
767744105,3,ID_CUSIP,767744105,19,RBAUSD,RB GLOBAL INC,XJ,Equity,Common Stock,False,exchCode 'XJ' is not a US venue
767744105,3,ID_CUSIP,767744105,20,RBAUSD,RITCHIE BROS AUCTIONEERS,XS,Equity,Common Stock,False,exchCode 'XS' is not a US venue
767744105,3,ID_CUSIP,767744105,21,RBAUSD,RITCHIE BROS AUCTIONEERS,E1,Equity,Common Stock,False,exchCode 'E1' is not a US venue
767744105,3,ID_CUSIP,767744105,22,RBAUSD,RITCHIE BROS AUCTIONEERS,XQ,Equity,Common Stock,False,exchCode 'XQ' is not a US venue
767744105,3,ID_CUSIP,767744105,23,RBAUSD,RITCHIE BROS AUCTIONEERS,XX,Equity,Common Stock,False,exchCode 'XX' is not a US venue
767744105,3,ID_CUSIP,767744105,24,RBAUSD,RITCHIE BROS AUCTIONEERS,XZ,Equity,Common Stock,False,exchCode 'XZ' is not a US venue
767744105,3,ID_CUSIP,767744105,25,RBAEUR,RITCHIE BROS AUCTIONEERS,X9,Equity,Common Stock,False,exchCode 'X9' is not a US venue
767744105,4,yahoo_search,CA7677441056,,,,,,,False,no result
78440X101,2,ID_ISIN,US78440X1019,,,,,,,False,No identifier found.
78440X101,3,ID_CUSIP,78440X101,1,SLG2EUR,SL GREEN REALTY CORP,X9,Equity,REIT,False,exchCode 'X9' is not a US venue
78440X101,3,ID_CUSIP,78440X101,2,SLG2USD,SL GREEN REALTY CORP,X9,Equity,REIT,False,exchCode 'X9' is not a US venue
78440X101,3,ID_CUSIP,78440X101,3,SLG1USD,SL GREEN REALTY CORP,XS,Equity,REIT,False,exchCode 'XS' is not a US venue
78440X101,3,ID_CUSIP,78440X101,4,SLG1USD,SL GREEN REALTY CORP,XJ,Equity,REIT,False,exchCode 'XJ' is not a US venue
78440X101,3,ID_CUSIP,78440X101,5,SLG1USD,SL GREEN REALTY CORP,E1,Equity,REIT,False,exchCode 'E1' is not a US venue
78440X101,3,ID_CUSIP,78440X101,6,SLG1USD,SL GREEN REALTY CORP,XQ,Equity,REIT,False,exchCode 'XQ' is not a US venue
78440X101,3,ID_CUSIP,78440X101,7,SLG1USD,SL GREEN REALTY CORP,XX,Equity,REIT,False,exchCode 'XX' is not a US venue
78440X101,3,ID_CUSIP,78440X101,8,SLG1USD,SL GREEN REALTY CORP,XZ,Equity,REIT,False,exchCode 'XZ' is not a US venue
78440X101,4,yahoo_search,US78440X1019,1,SLG,SL Green Realty Corp.,NYQ,,EQUITY,True,
78486Q101,2,ID_ISIN,US78486Q1013,,,,,,,False,No identifier found.
78486Q101,3,ID_CUSIP,78486Q101,1,SIVBEUR,SVB FINANCIAL GROUP,EO,Equity,Common Stock,False,exchCode 'EO' is not a US venue
78486Q101,3,ID_CUSIP,78486Q101,2,SIVBEUR,SVB FINANCIAL GROUP,XH,Equity,Common Stock,False,exchCode 'XH' is not a US venue
78486Q101,3,ID_CUSIP,78486Q101,3,SIVBEUR,SVB FINANCIAL GROUP,XF,Equity,Common Stock,False,exchCode 'XF' is not a US venue
78486Q101,3,ID_CUSIP,78486Q101,4,SIVBEUR,SVB FINANCIAL GROUP,XE,Equity,Common Stock,False,exchCode 'XE' is not a US venue
78486Q101,3,ID_CUSIP,78486Q101,5,SIVBEUR,SVB FINANCIAL GROUP,XJ,Equity,Common Stock,False,exchCode 'XJ' is not a US venue
78486Q101,3,ID_CUSIP,78486Q101,6,SIVBEUR,SVB FINANCIAL GROUP,XL,Equity,Common Stock,False,exchCode 'XL' is not a US venue
78486Q101,3,ID_CUSIP,78486Q101,7,SIVBEUR,SVB FINANCIAL GROUP,XG,Equity,Common Stock,False,exchCode 'XG' is not a US venue
78486Q101,3,ID_CUSIP,78486Q101,8,SIVBEUR,SVB FINANCIAL GROUP,XO,Equity,Common Stock,False,exchCode 'XO' is not a US venue
78486Q101,3,ID_CUSIP,78486Q101,9,SIVBEUR,SVB FINANCIAL GROUP,XS,Equity,Common Stock,False,exchCode 'XS' is not a US venue
78486Q101,3,ID_CUSIP,78486Q101,10,SIVBEUR,SVB FINANCIAL GROUP,XA,Equity,Common Stock,False,exchCode 'XA' is not a US venue
78486Q101,3,ID_CUSIP,78486Q101,11,SIVBEUR,SVB FINANCIAL GROUP,E1,Equity,Common Stock,False,exchCode 'E1' is not a US venue
78486Q101,3,ID_CUSIP,78486Q101,12,SIVBEUR,SVB FINANCIAL GROUP,XW,Equity,Common Stock,False,exchCode 'XW' is not a US venue
78486Q101,3,ID_CUSIP,78486Q101,13,SIVBEUR,SVB FINANCIAL GROUP,XU,Equity,Common Stock,False,exchCode 'XU' is not a US venue
78486Q101,3,ID_CUSIP,78486Q101,14,SIVBEUR,SVB FINANCIAL GROUP,XV,Equity,Common Stock,False,exchCode 'XV' is not a US venue
78486Q101,3,ID_CUSIP,78486Q101,15,SIVBEUR,SVB FINANCIAL GROUP,EU,Equity,Common Stock,False,exchCode 'EU' is not a US venue
78486Q101,3,ID_CUSIP,78486Q101,16,SIVBEUR,SVB FINANCIAL GROUP,XX,Equity,Common Stock,False,exchCode 'XX' is not a US venue
78486Q101,3,ID_CUSIP,78486Q101,17,SIVBUSD,SVB FINANCIAL GROUP,X2,Equity,Common Stock,False,exchCode 'X2' is not a US venue
78486Q101,3,ID_CUSIP,78486Q101,18,SIVBUSD,SVB FINANCIAL GROUP,XB,Equity,Common Stock,False,exchCode 'XB' is not a US venue
78486Q101,3,ID_CUSIP,78486Q101,19,SIVBUSD,SVB FINANCIAL GROUP,XH,Equity,Common Stock,False,exchCode 'XH' is not a US venue
78486Q101,3,ID_CUSIP,78486Q101,20,SIVBUSD,SVB FINANCIAL GROUP,XF,Equity,Common Stock,False,exchCode 'XF' is not a US venue
78486Q101,3,ID_CUSIP,78486Q101,21,SIVBUSD,SVB FINANCIAL GROUP,XE,Equity,Common Stock,False,exchCode 'XE' is not a US venue
78486Q101,3,ID_CUSIP,78486Q101,22,SIVBUSD,SVB FINANCIAL GROUP,XJ,Equity,Common Stock,False,exchCode 'XJ' is not a US venue
78486Q101,3,ID_CUSIP,78486Q101,23,SIVBUSD,SVB FINANCIAL GROUP,XL,Equity,Common Stock,False,exchCode 'XL' is not a US venue
78486Q101,3,ID_CUSIP,78486Q101,24,SIVBUSD,SVB FINANCIAL GROUP,XG,Equity,Common Stock,False,exchCode 'XG' is not a US venue
78486Q101,3,ID_CUSIP,78486Q101,25,SIVBUSD,SVB FINANCIAL GROUP,XO,Equity,Common Stock,False,exchCode 'XO' is not a US venue
78486Q101,3,ID_CUSIP,78486Q101,26,SIVBUSD,SVB FINANCIAL GROUP,XS,Equity,Common Stock,False,exchCode 'XS' is not a US venue
78486Q101,3,ID_CUSIP,78486Q101,27,SIVBUSD,SVB FINANCIAL GROUP,XA,Equity,Common Stock,False,exchCode 'XA' is not a US venue
78486Q101,3,ID_CUSIP,78486Q101,28,SIVBUSD,SVB FINANCIAL GROUP,E1,Equity,Common Stock,False,exchCode 'E1' is not a US venue
78486Q101,3,ID_CUSIP,78486Q101,29,SIVBUSD,SVB FINANCIAL GROUP,XT,Equity,Common Stock,False,exchCode 'XT' is not a US venue
78486Q101,3,ID_CUSIP,78486Q101,30,SIVBUSD,SVB FINANCIAL GROUP,XW,Equity,Common Stock,False,exchCode 'XW' is not a US venue
78486Q101,3,ID_CUSIP,78486Q101,31,SIVBUSD,SVB FINANCIAL GROUP,XU,Equity,Common Stock,False,exchCode 'XU' is not a US venue
78486Q101,3,ID_CUSIP,78486Q101,32,SIVBUSD,SVB FINANCIAL GROUP,XV,Equity,Common Stock,False,exchCode 'XV' is not a US venue
78486Q101,3,ID_CUSIP,78486Q101,33,SIVBUSD,SVB FINANCIAL GROUP,XQ,Equity,Common Stock,False,exchCode 'XQ' is not a US venue
78486Q101,3,ID_CUSIP,78486Q101,34,SIVBUSD,SVB FINANCIAL GROUP,XX,Equity,Common Stock,False,exchCode 'XX' is not a US venue
78486Q101,3,ID_CUSIP,78486Q101,35,SIVBUSD,SVB FINANCIAL GROUP,XZ,Equity,Common Stock,False,exchCode 'XZ' is not a US venue
78486Q101,3,ID_CUSIP,78486Q101,36,SIVBUSD,SVB FINANCIAL GROUP,EU,Equity,Common Stock,False,exchCode 'EU' is not a US venue
78486Q101,3,ID_CUSIP,78486Q101,37,SIVBGBP,SVB FINANCIAL GROUP,X2,Equity,Common Stock,False,exchCode 'X2' is not a US venue
78486Q101,3,ID_CUSIP,78486Q101,38,SIVBGBP,SVB FINANCIAL GROUP,XB,Equity,Common Stock,False,exchCode 'XB' is not a US venue
78486Q101,3,ID_CUSIP,78486Q101,39,SIVBGBP,SVB FINANCIAL GROUP,XH,Equity,Common Stock,False,exchCode 'XH' is not a US venue
78486Q101,3,ID_CUSIP,78486Q101,40,SIVBGBP,SVB FINANCIAL GROUP,XF,Equity,Common Stock,False,exchCode 'XF' is not a US venue
78486Q101,3,ID_CUSIP,78486Q101,41,SIVBGBP,SVB FINANCIAL GROUP,XE,Equity,Common Stock,False,exchCode 'XE' is not a US venue
78486Q101,3,ID_CUSIP,78486Q101,42,SIVBGBP,SVB FINANCIAL GROUP,XJ,Equity,Common Stock,False,exchCode 'XJ' is not a US venue
78486Q101,3,ID_CUSIP,78486Q101,43,SIVBGBP,SVB FINANCIAL GROUP,XL,Equity,Common Stock,False,exchCode 'XL' is not a US venue
78486Q101,3,ID_CUSIP,78486Q101,44,SIVBGBP,SVB FINANCIAL GROUP,XG,Equity,Common Stock,False,exchCode 'XG' is not a US venue
78486Q101,3,ID_CUSIP,78486Q101,45,SIVBGBP,SVB FINANCIAL GROUP,XO,Equity,Common Stock,False,exchCode 'XO' is not a US venue
78486Q101,3,ID_CUSIP,78486Q101,46,SIVBGBP,SVB FINANCIAL GROUP,XS,Equity,Common Stock,False,exchCode 'XS' is not a US venue
78486Q101,3,ID_CUSIP,78486Q101,47,SIVBGBP,SVB FINANCIAL GROUP,XA,Equity,Common Stock,False,exchCode 'XA' is not a US venue
78486Q101,3,ID_CUSIP,78486Q101,48,SIVBGBP,SVB FINANCIAL GROUP,E1,Equity,Common Stock,False,exchCode 'E1' is not a US venue
78486Q101,3,ID_CUSIP,78486Q101,49,SIVBGBP,SVB FINANCIAL GROUP,XW,Equity,Common Stock,False,exchCode 'XW' is not a US venue
78486Q101,3,ID_CUSIP,78486Q101,50,SIVBGBP,SVB FINANCIAL GROUP,XU,Equity,Common Stock,False,exchCode 'XU' is not a US venue
78486Q101,3,ID_CUSIP,78486Q101,51,SIVBGBP,SVB FINANCIAL GROUP,XV,Equity,Common Stock,False,exchCode 'XV' is not a US venue
78486Q101,3,ID_CUSIP,78486Q101,52,SIVBGBP,SVB FINANCIAL GROUP,XQ,Equity,Common Stock,False,exchCode 'XQ' is not a US venue
78486Q101,3,ID_CUSIP,78486Q101,53,SIVBGBP,SVB FINANCIAL GROUP,XX,Equity,Common Stock,False,exchCode 'XX' is not a US venue
78486Q101,3,ID_CUSIP,78486Q101,54,SIVBGBP,SVB FINANCIAL GROUP,XZ,Equity,Common Stock,False,exchCode 'XZ' is not a US venue
78486Q101,3,ID_CUSIP,78486Q101,55,SIVBGBP,SVB FINANCIAL GROUP,EU,Equity,Common Stock,False,exchCode 'EU' is not a US venue
78486Q101,3,ID_CUSIP,78486Q101,56,SIVBEUR,SVB FINANCIAL GROUP,EP,Equity,Common Stock,False,exchCode 'EP' is not a US venue
78486Q101,3,ID_CUSIP,78486Q101,57,SIVBEUR,SVB FINANCIAL GROUP,EZ,Equity,Common Stock,False,exchCode 'EZ' is not a US venue
78486Q101,3,ID_CUSIP,78486Q101,58,SIVBEUR,SVB FINANCIAL GROUP,X1,Equity,Common Stock,False,exchCode 'X1' is not a US venue
78486Q101,3,ID_CUSIP,78486Q101,59,SIVBUSD,SVB FINANCIAL GROUP,X1,Equity,Common Stock,False,exchCode 'X1' is not a US venue
78486Q101,3,ID_CUSIP,78486Q101,60,SIVBGBP,SVB FINANCIAL GROUP,X1,Equity,Common Stock,False,exchCode 'X1' is not a US venue
78486Q101,3,ID_CUSIP,78486Q101,61,SIVBUSD,SVB FINANCIAL GROUP,EP,Equity,Common Stock,False,exchCode 'EP' is not a US venue
78486Q101,3,ID_CUSIP,78486Q101,62,SIVBUSD,SVB FINANCIAL GROUP,EZ,Equity,Common Stock,False,exchCode 'EZ' is not a US venue
78486Q101,3,ID_CUSIP,78486Q101,63,SIVBUSD,SVB FINANCIAL GROUP,X9,Equity,Common Stock,False,exchCode 'X9' is not a US venue
78486Q101,3,ID_CUSIP,78486Q101,64,SIVBEUR,SVB FINANCIAL GROUP,X9,Equity,Common Stock,False,exchCode 'X9' is not a US venue
78486Q101,3,ID_CUSIP,78486Q101,65,SV4,SVB FINANCIAL GROUP,BU,Equity,Common Stock,False,exchCode 'BU' is not a US venue
78486Q101,4,yahoo_search,US78486Q1013,,,,,,,False,no result
78667J108,2,ID_ISIN,US78667J1088,,,,,,,False,No identifier found.
78667J108,3,ID_CUSIP,78667J108,1,SG7,SAGE THERAPEUTICS INC,GR,Equity,Common Stock,False,exchCode 'GR' is not a US venue
78667J108,3,ID_CUSIP,78667J108,2,SG7,SAGE THERAPEUTICS INC,GF,Equity,Common Stock,False,exchCode 'GF' is not a US venue
78667J108,3,ID_CUSIP,78667J108,3,SAGEEUR,SAGE THERAPEUTICS INC,XS,Equity,Common Stock,False,exchCode 'XS' is not a US venue
78667J108,3,ID_CUSIP,78667J108,4,SAGEEUR,SAGE THERAPEUTICS INC,EU,Equity,Common Stock,False,exchCode 'EU' is not a US venue
78667J108,3,ID_CUSIP,78667J108,5,SAGEUSD,SAGE THERAPEUTICS INC,XB,Equity,Common Stock,False,exchCode 'XB' is not a US venue
78667J108,3,ID_CUSIP,78667J108,6,SAGEUSD,SAGE THERAPEUTICS INC,XS,Equity,Common Stock,False,exchCode 'XS' is not a US venue
78667J108,3,ID_CUSIP,78667J108,7,SG7,SAGE THERAPEUTICS INC,QT,Equity,Common Stock,False,exchCode 'QT' is not a US venue
78667J108,3,ID_CUSIP,78667J108,8,SG7,SAGE THERAPEUTICS INC,SW,Equity,Common Stock,False,exchCode 'SW' is not a US venue
78667J108,3,ID_CUSIP,78667J108,9,SAGEEUR,SAGE THERAPEUTICS INC,EP,Equity,Common Stock,False,exchCode 'EP' is not a US venue
78667J108,3,ID_CUSIP,78667J108,10,SAGEEUR,SAGE THERAPEUTICS INC,EZ,Equity,Common Stock,False,exchCode 'EZ' is not a US venue
78667J108,3,ID_CUSIP,78667J108,11,SAGEUSD,SAGE THERAPEUTICS INC,X9,Equity,Common Stock,False,exchCode 'X9' is not a US venue
78667J108,3,ID_CUSIP,78667J108,12,SG7,SAGE THERAPEUTICS INC,LU,Equity,Common Stock,False,exchCode 'LU' is not a US venue
78667J108,3,ID_CUSIP,78667J108,13,SAGEEUR,SAGE THERAPEUTICS INC,X9,Equity,Common Stock,False,exchCode 'X9' is not a US venue
78667J108,4,yahoo_search,US78667J1088,,,,,,,False,no result
81181C104,2,ID_ISIN,US81181C1045,,,,,,,False,No identifier found.
81181C104,3,ID_CUSIP,81181C104,1,SGENUSD,SEAGEN INC,X9,Equity,Common Stock,False,exchCode 'X9' is not a US venue
81181C104,4,yahoo_search,US81181C1045,,,,,,,False,no result
81211K100,2,ID_ISIN,US81211K1007,,,,,,,False,No identifier found.
81211K100,3,ID_CUSIP,81211K100,,,,,,,False,No identifier found.
81211K100,4,yahoo_search,US81211K1007,,,,,,,False,no result
812578102,2,ID_ISIN,US8125781026,,,,,,,False,No identifier found.
812578102,3,ID_CUSIP,812578102,1,SGENEUR,SEAGEN INC,XS,Equity,Common Stock,False,exchCode 'XS' is not a US venue
812578102,3,ID_CUSIP,812578102,2,SGENUSD,SEATTLE GENETICS INC,XB,Equity,Common Stock,False,exchCode 'XB' is not a US venue
812578102,3,ID_CUSIP,812578102,3,SGENUSD,SEAGEN INC,XS,Equity,Common Stock,False,exchCode 'XS' is not a US venue
812578102,4,yahoo_search,US8125781026,,,,,,,False,no result
81761R109,2,ID_ISIN,US81761R1095,,,,,,,False,No identifier found.
81761R109,3,ID_CUSIP,81761R109,1,SERVUSD,SERVICEMASTER GLOBAL HOLDING,XB,Equity,Common Stock,False,exchCode 'XB' is not a US venue
81761R109,3,ID_CUSIP,81761R109,2,SERVUSD,TERMINIX GLOBAL HOLDINGS INC,XS,Equity,Common Stock,False,exchCode 'XS' is not a US venue
81761R109,4,yahoo_search,US81761R1095,1,SERV,Serve Robotics Inc.,NCM,,EQUITY,False,name check: SERVICEMASTER != SERVE
82489T104,2,ID_ISIN,US82489T1043,,,,,,,False,No identifier found.
82489T104,3,ID_CUSIP,82489T104,1,SWAVUSD,SHOCKWAVE MEDICAL INC,X9,Equity,Common Stock,False,exchCode 'X9' is not a US venue
82489T104,3,ID_CUSIP,82489T104,2,SWAVEUR,SHOCKWAVE MEDICAL INC,X9,Equity,Common Stock,False,exchCode 'X9' is not a US venue
82489T104,4,yahoo_search,US82489T1043,,,,,,,False,no result
82671G100,2,ID_ISIN,US82671G1004,,,,,,,False,No identifier found.
82671G100,3,ID_CUSIP,82671G100,1,SGFYGBP,SIGNIFY HEALTH INC -CLASS A,XS,Equity,Common Stock,False,exchCode 'XS' is not a US venue
82671G100,3,ID_CUSIP,82671G100,2,SGFYGBP,SIGNIFY HEALTH INC -CLASS A,X2,Equity,Common Stock,False,exchCode 'X2' is not a US venue
82671G100,3,ID_CUSIP,82671G100,3,SGFYGBP,SIGNIFY HEALTH INC -CLASS A,XH,Equity,Common Stock,False,exchCode 'XH' is not a US venue
82671G100,3,ID_CUSIP,82671G100,4,SGFYGBP,SIGNIFY HEALTH INC -CLASS A,XF,Equity,Common Stock,False,exchCode 'XF' is not a US venue
82671G100,3,ID_CUSIP,82671G100,5,SGFYGBP,SIGNIFY HEALTH INC -CLASS A,XE,Equity,Common Stock,False,exchCode 'XE' is not a US venue
82671G100,3,ID_CUSIP,82671G100,6,SGFYGBP,SIGNIFY HEALTH INC -CLASS A,XJ,Equity,Common Stock,False,exchCode 'XJ' is not a US venue
82671G100,3,ID_CUSIP,82671G100,7,SGFYGBP,SIGNIFY HEALTH INC -CLASS A,XL,Equity,Common Stock,False,exchCode 'XL' is not a US venue
82671G100,3,ID_CUSIP,82671G100,8,SGFYGBP,SIGNIFY HEALTH INC -CLASS A,XG,Equity,Common Stock,False,exchCode 'XG' is not a US venue
82671G100,3,ID_CUSIP,82671G100,9,SGFYGBP,SIGNIFY HEALTH INC -CLASS A,XO,Equity,Common Stock,False,exchCode 'XO' is not a US venue
82671G100,3,ID_CUSIP,82671G100,10,SGFYGBP,SIGNIFY HEALTH INC -CLASS A,XA,Equity,Common Stock,False,exchCode 'XA' is not a US venue
82671G100,3,ID_CUSIP,82671G100,11,SGFYGBP,SIGNIFY HEALTH INC -CLASS A,E1,Equity,Common Stock,False,exchCode 'E1' is not a US venue
82671G100,3,ID_CUSIP,82671G100,12,SGFYGBP,SIGNIFY HEALTH INC -CLASS A,XW,Equity,Common Stock,False,exchCode 'XW' is not a US venue
82671G100,3,ID_CUSIP,82671G100,13,SGFYGBP,SIGNIFY HEALTH INC -CLASS A,XU,Equity,Common Stock,False,exchCode 'XU' is not a US venue
82671G100,3,ID_CUSIP,82671G100,14,SGFYGBP,SIGNIFY HEALTH INC -CLASS A,XV,Equity,Common Stock,False,exchCode 'XV' is not a US venue
82671G100,3,ID_CUSIP,82671G100,15,SGFYGBP,SIGNIFY HEALTH INC -CLASS A,XQ,Equity,Common Stock,False,exchCode 'XQ' is not a US venue
82671G100,3,ID_CUSIP,82671G100,16,SGFYGBP,SIGNIFY HEALTH INC -CLASS A,XX,Equity,Common Stock,False,exchCode 'XX' is not a US venue
82671G100,3,ID_CUSIP,82671G100,17,SGFYGBP,SIGNIFY HEALTH INC -CLASS A,XZ,Equity,Common Stock,False,exchCode 'XZ' is not a US venue
82671G100,3,ID_CUSIP,82671G100,18,SGFYGBP,SIGNIFY HEALTH INC -CLASS A,X1,Equity,Common Stock,False,exchCode 'X1' is not a US venue
82671G100,3,ID_CUSIP,82671G100,19,SGFYGBP,SIGNIFY HEALTH INC -CLASS A,EU,Equity,Common Stock,False,exchCode 'EU' is not a US venue
82671G100,3,ID_CUSIP,82671G100,20,SGFYUSD,SIGNIFY HEALTH INC -CLASS A,XS,Equity,Common Stock,False,exchCode 'XS' is not a US venue
82671G100,3,ID_CUSIP,82671G100,21,SGFYUSD,SIGNIFY HEALTH INC -CLASS A,X2,Equity,Common Stock,False,exchCode 'X2' is not a US venue
82671G100,3,ID_CUSIP,82671G100,22,SGFYUSD,SIGNIFY HEALTH INC -CLASS A,XH,Equity,Common Stock,False,exchCode 'XH' is not a US venue
82671G100,3,ID_CUSIP,82671G100,23,SGFYUSD,SIGNIFY HEALTH INC -CLASS A,XF,Equity,Common Stock,False,exchCode 'XF' is not a US venue
82671G100,3,ID_CUSIP,82671G100,24,SGFYUSD,SIGNIFY HEALTH INC -CLASS A,XE,Equity,Common Stock,False,exchCode 'XE' is not a US venue
82671G100,3,ID_CUSIP,82671G100,25,SGFYUSD,SIGNIFY HEALTH INC -CLASS A,XJ,Equity,Common Stock,False,exchCode 'XJ' is not a US venue
82671G100,3,ID_CUSIP,82671G100,26,SGFYUSD,SIGNIFY HEALTH INC -CLASS A,XL,Equity,Common Stock,False,exchCode 'XL' is not a US venue
82671G100,3,ID_CUSIP,82671G100,27,SGFYUSD,SIGNIFY HEALTH INC -CLASS A,XG,Equity,Common Stock,False,exchCode 'XG' is not a US venue
82671G100,3,ID_CUSIP,82671G100,28,SGFYUSD,SIGNIFY HEALTH INC -CLASS A,XO,Equity,Common Stock,False,exchCode 'XO' is not a US venue
82671G100,3,ID_CUSIP,82671G100,29,SGFYUSD,SIGNIFY HEALTH INC -CLASS A,XA,Equity,Common Stock,False,exchCode 'XA' is not a US venue
82671G100,3,ID_CUSIP,82671G100,30,SGFYUSD,SIGNIFY HEALTH INC -CLASS A,E1,Equity,Common Stock,False,exchCode 'E1' is not a US venue
82671G100,3,ID_CUSIP,82671G100,31,SGFYUSD,SIGNIFY HEALTH INC -CLASS A,XW,Equity,Common Stock,False,exchCode 'XW' is not a US venue
82671G100,3,ID_CUSIP,82671G100,32,SGFYUSD,SIGNIFY HEALTH INC -CLASS A,XU,Equity,Common Stock,False,exchCode 'XU' is not a US venue
82671G100,3,ID_CUSIP,82671G100,33,SGFYUSD,SIGNIFY HEALTH INC -CLASS A,XV,Equity,Common Stock,False,exchCode 'XV' is not a US venue
82671G100,3,ID_CUSIP,82671G100,34,SGFYUSD,SIGNIFY HEALTH INC -CLASS A,XQ,Equity,Common Stock,False,exchCode 'XQ' is not a US venue
82671G100,3,ID_CUSIP,82671G100,35,SGFYUSD,SIGNIFY HEALTH INC -CLASS A,XX,Equity,Common Stock,False,exchCode 'XX' is not a US venue
82671G100,3,ID_CUSIP,82671G100,36,SGFYUSD,SIGNIFY HEALTH INC -CLASS A,XZ,Equity,Common Stock,False,exchCode 'XZ' is not a US venue
82671G100,3,ID_CUSIP,82671G100,37,SGFYUSD,SIGNIFY HEALTH INC -CLASS A,X1,Equity,Common Stock,False,exchCode 'X1' is not a US venue
82671G100,3,ID_CUSIP,82671G100,38,SGFYUSD,SIGNIFY HEALTH INC -CLASS A,EU,Equity,Common Stock,False,exchCode 'EU' is not a US venue
82671G100,3,ID_CUSIP,82671G100,39,SGFYUSD,SIGNIFY HEALTH INC -CLASS A,X9,Equity,Common Stock,False,exchCode 'X9' is not a US venue
82671G100,4,yahoo_search,US82671G1004,,,,,,,False,no result
829226109,2,ID_ISIN,US8292261091,,,,,,,False,No identifier found.
829226109,3,ID_CUSIP,829226109,1,2362120D,SINCLAIR BROADCAST GROUP LLC,TH,Equity,Common Stock,False,exchCode 'TH' is not a US venue
829226109,3,ID_CUSIP,829226109,2,SBGIUSD,SINCLAIR BROADCAST GROUP -A,X9,Equity,Common Stock,False,exchCode 'X9' is not a US venue
829226109,4,yahoo_search,US8292261091,1,SBGI,"Sinclair, Inc.",NMS,,EQUITY,True,
82968B103,2,ID_ISIN,US82968B1035,,,,,,,False,No identifier found.
82968B103,3,ID_CUSIP,82968B103,1,SIRIEUR,SIRIUS XM HOLDINGS INC,XS,Equity,Common Stock,False,exchCode 'XS' is not a US venue
82968B103,3,ID_CUSIP,82968B103,2,SIRIUSD,SIRIUS XM HOLDINGS INC,XB,Equity,Common Stock,False,exchCode 'XB' is not a US venue
82968B103,3,ID_CUSIP,82968B103,3,SIRIUSD,SIRIUS XM HOLDINGS INC,XS,Equity,Common Stock,False,exchCode 'XS' is not a US venue
82968B103,3,ID_CUSIP,82968B103,4,SIRIGBX,SIRIUS XM HOLDINGS INC,XB,Equity,Common Stock,False,exchCode 'XB' is not a US venue
82968B103,3,ID_CUSIP,82968B103,5,SIRIGBX,SIRIUS XM HOLDINGS INC,XS,Equity,Common Stock,False,exchCode 'XS' is not a US venue
82968B103,3,ID_CUSIP,82968B103,6,SIRI,SIRIUS XM HOLDINGS INC,TE,Equity,Common Stock,False,exchCode 'TE' is not a US venue
82968B103,3,ID_CUSIP,82968B103,7,SIRIEUR,SIRIUS XM HOLDINGS INC,EP,Equity,Common Stock,False,exchCode 'EP' is not a US venue
82968B103,3,ID_CUSIP,82968B103,8,SIRIUSD,SIRIUS XM HOLDINGS INC,X9,Equity,Common Stock,False,exchCode 'X9' is not a US venue
82968B103,3,ID_CUSIP,82968B103,9,SIRIEUR,SIRIUS XM HOLDINGS INC,X9,Equity,Common Stock,False,exchCode 'X9' is not a US venue
82968B103,4,yahoo_search,US82968B1035,1,SIRI,Sirius XM Holdings Inc.,NMS,,EQUITY,True,
83001A102,2,ID_ISIN,US83001A1025,,,,,,,False,No identifier found.
83001A102,3,ID_CUSIP,83001A102,1,SIXEUR,SIX FLAGS ENTERTAINMENT CORP,XB,Equity,Common Stock,False,exchCode 'XB' is not a US venue
83001A102,3,ID_CUSIP,83001A102,2,SIXEUR,SIX FLAGS ENTERTAINMENT CORP,XS,Equity,Common Stock,False,exchCode 'XS' is not a US venue
83001A102,3,ID_CUSIP,83001A102,3,SIXGBP,SIX FLAGS ENTERTAINMENT CORP,XB,Equity,Common Stock,False,exchCode 'XB' is not a US venue
83001A102,3,ID_CUSIP,83001A102,4,SIXGBP,SIX FLAGS ENTERTAINMENT CORP,XS,Equity,Common Stock,False,exchCode 'XS' is not a US venue
83001A102,3,ID_CUSIP,83001A102,5,SIXUSD,SIX FLAGS ENTERTAINMENT CORP,XB,Equity,Common Stock,False,exchCode 'XB' is not a US venue
83001A102,3,ID_CUSIP,83001A102,6,SIXUSD,SIX FLAGS ENTERTAINMENT CORP,XS,Equity,Common Stock,False,exchCode 'XS' is not a US venue
83001A102,3,ID_CUSIP,83001A102,7,SIXUSD,SIX FLAGS ENTERTAINMENT CORP,X9,Equity,Common Stock,False,exchCode 'X9' is not a US venue
83001A102,3,ID_CUSIP,83001A102,8,SIXEUR,SIX FLAGS ENTERTAINMENT CORP,X9,Equity,Common Stock,False,exchCode 'X9' is not a US venue
83001A102,4,yahoo_search,US83001A1025,,,,,,,False,no result
830566105,2,ID_ISIN,US8305661055,,,,,,,False,No identifier found.
830566105,3,ID_CUSIP,830566105,1,SKAA,SKECHERS USA INC-CL A,GR,Equity,Common Stock,False,exchCode 'GR' is not a US venue
830566105,3,ID_CUSIP,830566105,2,SKAA,SKECHERS USA INC-CL A,GF,Equity,Common Stock,False,exchCode 'GF' is not a US venue
830566105,3,ID_CUSIP,830566105,3,SKXEUR,SKECHERS USA INC-CL A,XH,Equity,Common Stock,False,exchCode 'XH' is not a US venue
830566105,3,ID_CUSIP,830566105,4,SKXEUR,SKECHERS USA INC-CL A,XL,Equity,Common Stock,False,exchCode 'XL' is not a US venue
830566105,3,ID_CUSIP,830566105,5,SKXEUR,SKECHERS USA INC-CL A,XS,Equity,Common Stock,False,exchCode 'XS' is not a US venue
830566105,3,ID_CUSIP,830566105,6,SKXEUR,SKECHERS USA INC-CL A,EU,Equity,Common Stock,False,exchCode 'EU' is not a US venue
830566105,3,ID_CUSIP,830566105,7,SKAA,SKECHERS USA INC-CL A,QT,Equity,Common Stock,False,exchCode 'QT' is not a US venue
830566105,3,ID_CUSIP,830566105,8,SKXGBP,SKECHERS USA INC-CL A,XB,Equity,Common Stock,False,exchCode 'XB' is not a US venue
830566105,3,ID_CUSIP,830566105,9,SKXGBP,SKECHERS USA INC-CL A,XL,Equity,Common Stock,False,exchCode 'XL' is not a US venue
830566105,3,ID_CUSIP,830566105,10,SKXGBP,SKECHERS USA INC-CL A,XS,Equity,Common Stock,False,exchCode 'XS' is not a US venue
830566105,3,ID_CUSIP,830566105,11,SKXUSD,SKECHERS USA INC-CL A,XB,Equity,Common Stock,False,exchCode 'XB' is not a US venue
830566105,3,ID_CUSIP,830566105,12,SKXUSD,SKECHERS USA INC-CL A,XS,Equity,Common Stock,False,exchCode 'XS' is not a US venue
830566105,3,ID_CUSIP,830566105,13,SKAA,SKECHERS USA INC-CL A,SW,Equity,Common Stock,False,exchCode 'SW' is not a US venue
830566105,3,ID_CUSIP,830566105,14,SKXUSD,SKECHERS USA INC-CL A,EZ,Equity,Common Stock,False,exchCode 'EZ' is not a US venue
830566105,3,ID_CUSIP,830566105,15,SKXEUR,SKECHERS USA INC-CL A,EP,Equity,Common Stock,False,exchCode 'EP' is not a US venue
830566105,3,ID_CUSIP,830566105,16,SKXUSD,SKECHERS USA INC-CL A,X9,Equity,Common Stock,False,exchCode 'X9' is not a US venue
830566105,3,ID_CUSIP,830566105,17,SKAA,SKECHERS USA INC-CL A,GZ,Equity,Common Stock,False,exchCode 'GZ' is not a US venue
830566105,3,ID_CUSIP,830566105,18,SKXEUR,SKECHERS USA INC-CL A,X9,Equity,Common Stock,False,exchCode 'X9' is not a US venue
830566105,4,yahoo_search,US8305661055,,,,,,,False,no result
83066P200,2,ID_ISIN,US83066P2002,,,,,,,False,No identifier found.
83066P200,3,ID_CUSIP,83066P200,1,CCXUSD,SKILLSOFT CORP,X9,Equity,Common Stock,False,exchCode 'X9' is not a US venue
83066P200,4,yahoo_search,US83066P2002,,,,,,,False,no result
83067L109,2,ID_ISIN,US83067L1098,,,,,,,False,No identifier found.
83067L109,3,ID_CUSIP,83067L109,,,,,,,False,No identifier found.
83067L109,4,yahoo_search,US83067L1098,,,,,,,False,no result
83088V102,2,ID_ISIN,US83088V1026,,,,,,,False,No identifier found.
83088V102,3,ID_CUSIP,83088V102,1,WORK,SLACK TECHNOLOGIES INC- CL A,UN,Equity,Common Stock,True,
83089J108,2,ID_ISIN,US83089J1088,,,,,,,False,No identifier found.
83089J108,3,ID_CUSIP,83089J108,,,,,,,False,No identifier found.
83089J108,4,yahoo_search,US83089J1088,,,,,,,False,no result
83200N103,2,ID_ISIN,US83200N1037,,,,,,,False,No identifier found.
83200N103,3,ID_CUSIP,83200N103,1,SMARGBP,SMARTSHEET INC-CLASS A,B1,Equity,Common Stock,False,exchCode 'B1' is not a US venue
83200N103,3,ID_CUSIP,83200N103,2,SMAR*,SMARTSHEET INC-CLASS A,MU,Equity,Common Stock,False,exchCode 'MU' is not a US venue
83200N103,3,ID_CUSIP,83200N103,3,SMARUSD,SMARTSHEET INC-CLASS A,X9,Equity,Common Stock,False,exchCode 'X9' is not a US venue
83200N103,3,ID_CUSIP,83200N103,4,SMAREUR,SMARTSHEET INC-CLASS A,X9,Equity,Common Stock,False,exchCode 'X9' is not a US venue
83200N103,4,yahoo_search,US83200N1037,,,,,,,False,no result
83417Q105,2,ID_ISIN,US83417Q1058,,,,,,,False,No identifier found.
83417Q105,3,ID_CUSIP,83417Q105,1,SWIUSD,SOLARWINDS CORP,X9,Equity,Common Stock,False,exchCode 'X9' is not a US venue
83417Q105,4,yahoo_search,US83417Q1058,,,,,,,False,no result
845467109,2,ID_ISIN,US8454671095,,,,,,,False,No identifier found.
845467109,3,ID_CUSIP,845467109,1,SWN1EUR,SOUTHWESTERN ENERGY CO,XS,Equity,Common Stock,False,exchCode 'XS' is not a US venue
845467109,3,ID_CUSIP,845467109,2,SWN1USD,SOUTHWESTERN ENERGY CO,XB,Equity,Common Stock,False,exchCode 'XB' is not a US venue
845467109,3,ID_CUSIP,845467109,3,SWN1USD,SOUTHWESTERN ENERGY CO,XS,Equity,Common Stock,False,exchCode 'XS' is not a US venue
845467109,3,ID_CUSIP,845467109,4,SWN1GBP,SOUTHWESTERN ENERGY CO,XB,Equity,Common Stock,False,exchCode 'XB' is not a US venue
845467109,3,ID_CUSIP,845467109,5,SWN1GBP,SOUTHWESTERN ENERGY CO,XS,Equity,Common Stock,False,exchCode 'XS' is not a US venue
845467109,3,ID_CUSIP,845467109,6,SW5,SOUTHWESTERN ENERGY CO,SW,Equity,Common Stock,False,exchCode 'SW' is not a US venue
845467109,3,ID_CUSIP,845467109,7,SWN1USD,SOUTHWESTERN ENERGY CO,X9,Equity,Common Stock,False,exchCode 'X9' is not a US venue
845467109,3,ID_CUSIP,845467109,8,SWN1EUR,SOUTHWESTERN ENERGY CO,X9,Equity,Common Stock,False,exchCode 'X9' is not a US venue
845467109,4,yahoo_search,US8454671095,,,,,,,False,no result
848574109,2,ID_ISIN,US8485741099,,,,,,,False,No identifier found.
848574109,3,ID_CUSIP,848574109,1,S9Q,SPIRIT AEROSYSTEMS HOLD-CL A,GF,Equity,Common Stock,False,exchCode 'GF' is not a US venue
848574109,3,ID_CUSIP,848574109,2,S9Q,SPIRIT AEROSYSTEMS HOLD-CL A,GM,Equity,Common Stock,False,exchCode 'GM' is not a US venue
848574109,3,ID_CUSIP,848574109,3,SPREUR,SPIRIT AEROSYSTEMS HOLD-CL A,XF,Equity,Common Stock,False,exchCode 'XF' is not a US venue
848574109,3,ID_CUSIP,848574109,4,SPREUR,SPIRIT AEROSYSTEMS HOLD-CL A,XG,Equity,Common Stock,False,exchCode 'XG' is not a US venue
848574109,3,ID_CUSIP,848574109,5,SPREUR,SPIRIT AEROSYSTEMS HOLD-CL A,XS,Equity,Common Stock,False,exchCode 'XS' is not a US venue
848574109,3,ID_CUSIP,848574109,6,SPREUR,SPIRIT AEROSYSTEMS HOLD-CL A,EU,Equity,Common Stock,False,exchCode 'EU' is not a US venue
848574109,3,ID_CUSIP,848574109,7,SPRUSD,SPIRIT AEROSYSTEMS HOLD-CL A,XB,Equity,Common Stock,False,exchCode 'XB' is not a US venue
848574109,3,ID_CUSIP,848574109,8,SPRUSD,SPIRIT AEROSYSTEMS HOLD-CL A,XG,Equity,Common Stock,False,exchCode 'XG' is not a US venue
848574109,3,ID_CUSIP,848574109,9,SPRUSD,SPIRIT AEROSYSTEMS HOLD-CL A,XS,Equity,Common Stock,False,exchCode 'XS' is not a US venue
848574109,3,ID_CUSIP,848574109,10,SPRGBP,SPIRIT AEROSYSTEMS HOLD-CL A,EU,Equity,Common Stock,False,exchCode 'EU' is not a US venue
848574109,3,ID_CUSIP,848574109,11,S9Q,SPIRIT AEROSYSTEMS HOLD-CL A,SW,Equity,Common Stock,False,exchCode 'SW' is not a US venue
848574109,3,ID_CUSIP,848574109,12,SPREUR,SPIRIT AEROSYSTEMS HOLD-CL A,EZ,Equity,Common Stock,False,exchCode 'EZ' is not a US venue
848574109,3,ID_CUSIP,848574109,13,SPRUSD,SPIRIT AEROSYSTEMS HOLD-CL A,EZ,Equity,Common Stock,False,exchCode 'EZ' is not a US venue
848574109,3,ID_CUSIP,848574109,14,SPR*,SPIRIT AEROSYSTEMS HOLD-CL A,MM,Equity,Common Stock,False,exchCode 'MM' is not a US venue
848574109,3,ID_CUSIP,848574109,15,SPR*,SPIRIT AEROSYSTEMS HOLD-CL A,MF,Equity,Common Stock,False,exchCode 'MF' is not a US venue
848574109,4,yahoo_search,US8485741099,,,,,,,False,no result
848637104,2,ID_ISIN,US8486371045,,,,,,,False,No identifier found.
848637104,3,ID_CUSIP,848637104,1,SPLKCHF,SPLUNK INC,XS,Equity,Common Stock,False,exchCode 'XS' is not a US venue
848637104,3,ID_CUSIP,848637104,2,SPLKEUR,SPLUNK INC,XS,Equity,Common Stock,False,exchCode 'XS' is not a US venue
848637104,3,ID_CUSIP,848637104,3,SPLKUSD,SPLUNK INC,XB,Equity,Common Stock,False,exchCode 'XB' is not a US venue
848637104,3,ID_CUSIP,848637104,4,SPLKUSD,SPLUNK INC,XS,Equity,Common Stock,False,exchCode 'XS' is not a US venue
848637104,3,ID_CUSIP,848637104,5,SPLKGBP,SPLUNK INC,XB,Equity,Common Stock,False,exchCode 'XB' is not a US venue
848637104,3,ID_CUSIP,848637104,6,SPLKGBP,SPLUNK INC,XS,Equity,Common Stock,False,exchCode 'XS' is not a US venue
848637104,3,ID_CUSIP,848637104,7,SPLKEUR,SPLUNK INC,X9,Equity,Common Stock,False,exchCode 'X9' is not a US venue
848637104,3,ID_CUSIP,848637104,8,SPLKUSD,SPLUNK INC,X9,Equity,Common Stock,False,exchCode 'X9' is not a US venue
848637104,4,yahoo_search,US8486371045,,,,,,,False,no result
85917A100,2,ID_ISIN,US85917A1007,,,,,,,False,No identifier found.
85917A100,3,ID_CUSIP,85917A100,1,STL,STERLING BANCORP/DE,UN,Equity,Common Stock,True,
85917A100,3,ID_CUSIP,85917A100,2,STL1USD,STERLING BANCORP/DE,XS,Equity,Common Stock,False,an earlier result was accepted
85917A100,3,ID_CUSIP,85917A100,3,STL1USD,STERLING BANCORP/DE,X9,Equity,Common Stock,False,an earlier result was accepted
867914103,2,ID_ISIN,US8679141031,,,,,,,False,No identifier found.
867914103,3,ID_CUSIP,867914103,,,,,,,False,No identifier found.
867914103,4,yahoo_search,US8679141031,1,STI,"Solidion Technology, Inc.",NCM,,EQUITY,False,name check: SUNTRUST != SOLIDION
86800U104,2,ID_ISIN,US86800U1043,,,,,,,False,No identifier found.
86800U104,3,ID_CUSIP,86800U104,1,SMCIUSD,SUPER MICRO COMPUTER INC,X1,Equity,Common Stock,False,exchCode 'X1' is not a US venue
86800U104,3,ID_CUSIP,86800U104,2,SMCIGBP,SUPER MICRO COMPUTER INC,X1,Equity,Common Stock,False,exchCode 'X1' is not a US venue
86800U104,4,yahoo_search,US86800U1043,,,,,,,False,no result
87105L104,2,ID_ISIN,US87105L1044,,,,,,,False,No identifier found.
87105L104,3,ID_CUSIP,87105L104,1,SWCHEUR,SWITCH INC - A,XB,Equity,Common Stock,False,exchCode 'XB' is not a US venue
87105L104,3,ID_CUSIP,87105L104,2,SWCHEUR,SWITCH INC - A,XS,Equity,Common Stock,False,exchCode 'XS' is not a US venue
87105L104,3,ID_CUSIP,87105L104,3,SWCHUSD,SWITCH INC - A,XB,Equity,Common Stock,False,exchCode 'XB' is not a US venue
87105L104,3,ID_CUSIP,87105L104,4,SWCHUSD,SWITCH INC - A,XS,Equity,Common Stock,False,exchCode 'XS' is not a US venue
87105L104,3,ID_CUSIP,87105L104,5,SWCHN,SWITCH INC - A,B3,Equity,Common Stock,False,exchCode 'B3' is not a US venue
87105L104,3,ID_CUSIP,87105L104,6,SWCHUSD,SWITCH INC - A,X9,Equity,Common Stock,False,exchCode 'X9' is not a US venue
87105L104,3,ID_CUSIP,87105L104,7,SWCHEUR,SWITCH INC - A,X9,Equity,Common Stock,False,exchCode 'X9' is not a US venue
87105L104,4,yahoo_search,US87105L1044,,,,,,,False,no result
871503108,2,ID_ISIN,US8715031089,,,,,,,False,No identifier found.
871503108,3,ID_CUSIP,871503108,1,SYMCEUR,SYMANTEC CORP,EO,Equity,Common Stock,False,exchCode 'EO' is not a US venue
871503108,3,ID_CUSIP,871503108,2,SYMCEUR,GEN DIGITAL INC,XJ,Equity,Common Stock,False,exchCode 'XJ' is not a US venue
871503108,3,ID_CUSIP,871503108,3,SYMCEUR,NORTONLIFELOCK INC,XS,Equity,Common Stock,False,exchCode 'XS' is not a US venue
871503108,3,ID_CUSIP,871503108,4,SYMCEUR,SYMANTEC CORP,E1,Equity,Common Stock,False,exchCode 'E1' is not a US venue
871503108,3,ID_CUSIP,871503108,5,SYMCEUR,SYMANTEC CORP,XX,Equity,Common Stock,False,exchCode 'XX' is not a US venue
871503108,3,ID_CUSIP,871503108,6,SYMCUSD,SYMANTEC CORP,X2,Equity,Common Stock,False,exchCode 'X2' is not a US venue
871503108,3,ID_CUSIP,871503108,7,SYMCUSD,SYMANTEC CORP,XB,Equity,Common Stock,False,exchCode 'XB' is not a US venue
871503108,3,ID_CUSIP,871503108,8,SYMCUSD,GEN DIGITAL INC,XJ,Equity,Common Stock,False,exchCode 'XJ' is not a US venue
871503108,3,ID_CUSIP,871503108,9,SYMCUSD,NORTONLIFELOCK INC,XS,Equity,Common Stock,False,exchCode 'XS' is not a US venue
871503108,3,ID_CUSIP,871503108,10,SYMCUSD,SYMANTEC CORP,E1,Equity,Common Stock,False,exchCode 'E1' is not a US venue
871503108,3,ID_CUSIP,871503108,11,SYMCUSD,SYMANTEC CORP,XQ,Equity,Common Stock,False,exchCode 'XQ' is not a US venue
871503108,3,ID_CUSIP,871503108,12,SYMCUSD,SYMANTEC CORP,XX,Equity,Common Stock,False,exchCode 'XX' is not a US venue
871503108,3,ID_CUSIP,871503108,13,SYMCUSD,SYMANTEC CORP,XZ,Equity,Common Stock,False,exchCode 'XZ' is not a US venue
871503108,4,yahoo_search,US8715031089,,,,,,,False,no result
87161C501,2,ID_ISIN,US87161C5013,,,,,,,False,No identifier found.
87161C501,3,ID_CUSIP,87161C501,1,SYU1,SYNOVUS FINANCIAL CORP,GR,Equity,Common Stock,False,exchCode 'GR' is not a US venue
87161C501,3,ID_CUSIP,87161C501,2,SYU1,SYNOVUS FINANCIAL CORP,GF,Equity,Common Stock,False,exchCode 'GF' is not a US venue
87161C501,3,ID_CUSIP,87161C501,3,SYU1,SYNOVUS FINANCIAL CORP,GD,Equity,Common Stock,False,exchCode 'GD' is not a US venue
87161C501,3,ID_CUSIP,87161C501,4,SYU1,SYNOVUS FINANCIAL CORP,SW,Equity,Common Stock,False,exchCode 'SW' is not a US venue
87161C501,3,ID_CUSIP,87161C501,5,SYU1,SYNOVUS FINANCIAL CORP,BW,Equity,Common Stock,False,exchCode 'BW' is not a US venue
87161C501,3,ID_CUSIP,87161C501,6,SYU1,SYNOVUS FINANCIAL CORP,QT,Equity,Common Stock,False,exchCode 'QT' is not a US venue
87161C501,3,ID_CUSIP,87161C501,7,SYU1,SYNOVUS FINANCIAL CORP,GZ,Equity,Common Stock,False,exchCode 'GZ' is not a US venue
87161C501,4,yahoo_search,US87161C5013,,,,,,,False,no result
87166B102,2,ID_ISIN,US87166B1026,,,,,,,False,No identifier found.
87166B102,3,ID_CUSIP,87166B102,1,8IN,SYNEOS HEALTH INC,GR,Equity,Common Stock,False,exchCode 'GR' is not a US venue
87166B102,3,ID_CUSIP,87166B102,2,INCREUR,SYNEOS HEALTH INC,EO,Equity,Common Stock,False,exchCode 'EO' is not a US venue
87166B102,3,ID_CUSIP,87166B102,3,INCREUR,SYNEOS HEALTH INC,XF,Equity,Common Stock,False,exchCode 'XF' is not a US venue
87166B102,3,ID_CUSIP,87166B102,4,INCREUR,SYNEOS HEALTH INC,XE,Equity,Common Stock,False,exchCode 'XE' is not a US venue
87166B102,3,ID_CUSIP,87166B102,5,INCREUR,SYNEOS HEALTH INC,XJ,Equity,Common Stock,False,exchCode 'XJ' is not a US venue
87166B102,3,ID_CUSIP,87166B102,6,INCREUR,SYNEOS HEALTH INC,XL,Equity,Common Stock,False,exchCode 'XL' is not a US venue
87166B102,3,ID_CUSIP,87166B102,7,INCREUR,SYNEOS HEALTH INC,XS,Equity,Common Stock,False,exchCode 'XS' is not a US venue
87166B102,3,ID_CUSIP,87166B102,8,INCREUR,SYNEOS HEALTH INC,E1,Equity,Common Stock,False,exchCode 'E1' is not a US venue
87166B102,3,ID_CUSIP,87166B102,9,INCREUR,SYNEOS HEALTH INC,XT,Equity,Common Stock,False,exchCode 'XT' is not a US venue
87166B102,3,ID_CUSIP,87166B102,10,INCRUSD,SYNEOS HEALTH INC,XB,Equity,Common Stock,False,exchCode 'XB' is not a US venue
87166B102,3,ID_CUSIP,87166B102,11,INCRUSD,SYNEOS HEALTH INC,XS,Equity,Common Stock,False,exchCode 'XS' is not a US venue
87166B102,3,ID_CUSIP,87166B102,12,INCRUSD,SYNEOS HEALTH INC,X9,Equity,Common Stock,False,exchCode 'X9' is not a US venue
87166B102,3,ID_CUSIP,87166B102,13,8IN,SYNEOS HEALTH INC,LA,Equity,Common Stock,False,exchCode 'LA' is not a US venue
87166B102,3,ID_CUSIP,87166B102,14,8IN,SYNEOS HEALTH INC,LU,Equity,Common Stock,False,exchCode 'LU' is not a US venue
87166B102,3,ID_CUSIP,87166B102,15,INCREUR,SYNEOS HEALTH INC,X9,Equity,Common Stock,False,exchCode 'X9' is not a US venue
87166B102,4,yahoo_search,US87166B1026,,,,,,,False,no result
87236Y108,2,ID_ISIN,US87236Y1082,,,,,,,False,No identifier found.
87236Y108,3,ID_CUSIP,87236Y108,1,AMT,TD AMERITRADE HOLDING CORP,GS,Equity,Common Stock,False,exchCode 'GS' is not a US venue
87236Y108,3,ID_CUSIP,87236Y108,2,AMT,TD AMERITRADE HOLDING CORP,GM,Equity,Common Stock,False,exchCode 'GM' is not a US venue
87236Y108,3,ID_CUSIP,87236Y108,3,AMTDEUR,TD AMERITRADE HOLDING CORP,XS,Equity,Common Stock,False,exchCode 'XS' is not a US venue
87236Y108,3,ID_CUSIP,87236Y108,4,AMTDUSD,TD AMERITRADE HOLDING CORP,XB,Equity,Common Stock,False,exchCode 'XB' is not a US venue
87236Y108,3,ID_CUSIP,87236Y108,5,AMTDUSD,TD AMERITRADE HOLDING CORP,XS,Equity,Common Stock,False,exchCode 'XS' is not a US venue
87236Y108,3,ID_CUSIP,87236Y108,6,AMTDGBX,TD AMERITRADE HOLDING CORP,B1,Equity,Common Stock,False,exchCode 'B1' is not a US venue
87236Y108,4,yahoo_search,US87236Y1082,1,AMTD,AMTD IDEA Group,NYQ,,EQUITY,False,name check: TD != AMTD
88362T103,2,ID_ISIN,US88362T1034,,,,,,,False,No identifier found.
88362T103,3,ID_CUSIP,88362T103,1,8TG,THERMON GROUP HOLDINGS INC,GZ,Equity,Common Stock,False,exchCode 'GZ' is not a US venue
88362T103,4,yahoo_search,US88362T1034,,,,,,,False,no result
88546E105,2,ID_ISIN,US88546E1055,,,,,,,False,No identifier found.
88546E105,3,ID_CUSIP,88546E105,1,TWKSEUR,THOUGHTWORKS HOLDING INC,X9,Equity,Common Stock,False,exchCode 'X9' is not a US venue
88546E105,4,yahoo_search,US88546E1055,,,,,,,False,no result
886547108,2,ID_ISIN,US8865471085,,,,,,,False,No identifier found.
886547108,3,ID_CUSIP,886547108,1,TIFEUR,TIFFANY & CO,XS,Equity,Common Stock,False,exchCode 'XS' is not a US venue
886547108,3,ID_CUSIP,886547108,2,TIFUSD,TIFFANY & CO,XB,Equity,Common Stock,False,exchCode 'XB' is not a US venue
886547108,3,ID_CUSIP,886547108,3,TIFUSD,TIFFANY & CO,XS,Equity,Common Stock,False,exchCode 'XS' is not a US venue
886547108,4,yahoo_search,US8865471085,,,,,,,False,no result
89055F103,2,ID_ISIN,US89055F1030,,,,,,,False,No identifier found.
89055F103,3,ID_CUSIP,89055F103,1,BLD*,TOPBUILD CORP,MM,Equity,Common Stock,False,exchCode 'MM' is not a US venue
89055F103,3,ID_CUSIP,89055F103,2,BLD*,TOPBUILD CORP,MF,Equity,Common Stock,False,exchCode 'MF' is not a US venue
89055F103,3,ID_CUSIP,89055F103,3,BLD*,TOPBUILD CORP,MU,Equity,Common Stock,False,exchCode 'MU' is not a US venue
89055F103,3,ID_CUSIP,89055F103,4,28T,TOPBUILD CORP,SW,Equity,Common Stock,False,exchCode 'SW' is not a US venue
89055F103,3,ID_CUSIP,89055F103,5,28T,TOPBUILD CORP,BW,Equity,Common Stock,False,exchCode 'BW' is not a US venue
89055F103,4,yahoo_search,US89055F1030,,,,,,,False,no result
89469A104,2,ID_ISIN,US89469A1043,,,,,,,False,No identifier found.
89469A104,3,ID_CUSIP,89469A104,1,THS,TREEHOUSE FOODS INC,UB,Equity,Common Stock,False,exchCode 'UB' is not a US venue
89469A104,3,ID_CUSIP,89469A104,2,THS,TREEHOUSE FOODS INC,UM,Equity,Common Stock,False,exchCode 'UM' is not a US venue
89469A104,3,ID_CUSIP,89469A104,3,T4H,TREEHOUSE FOODS INC,GR,Equity,Common Stock,False,exchCode 'GR' is not a US venue
89469A104,3,ID_CUSIP,89469A104,4,T4H,TREEHOUSE FOODS INC,GF,Equity,Common Stock,False,exchCode 'GF' is not a US venue
89469A104,3,ID_CUSIP,89469A104,5,T4H,TREEHOUSE FOODS INC,GD,Equity,Common Stock,False,exchCode 'GD' is not a US venue
89469A104,3,ID_CUSIP,89469A104,6,T4H,TREEHOUSE FOODS INC,GS,Equity,Common Stock,False,exchCode 'GS' is not a US venue
89469A104,3,ID_CUSIP,89469A104,7,THSEUR,TREEHOUSE FOODS INC,EO,Equity,Common Stock,False,exchCode 'EO' is not a US venue
89469A104,3,ID_CUSIP,89469A104,8,THSEUR,TREEHOUSE FOODS INC,XE,Equity,Common Stock,False,exchCode 'XE' is not a US venue
89469A104,3,ID_CUSIP,89469A104,9,THSEUR,TREEHOUSE FOODS INC,XS,Equity,Common Stock,False,exchCode 'XS' is not a US venue
89469A104,3,ID_CUSIP,89469A104,10,THSEUR,TREEHOUSE FOODS INC,E1,Equity,Common Stock,False,exchCode 'E1' is not a US venue
89469A104,3,ID_CUSIP,89469A104,11,THSEUR,TREEHOUSE FOODS INC,EU,Equity,Common Stock,False,exchCode 'EU' is not a US venue
89469A104,3,ID_CUSIP,89469A104,12,THSUSD,TREEHOUSE FOODS INC,X2,Equity,Common Stock,False,exchCode 'X2' is not a US venue
89469A104,3,ID_CUSIP,89469A104,13,THSUSD,TREEHOUSE FOODS INC,XB,Equity,Common Stock,False,exchCode 'XB' is not a US venue
89469A104,3,ID_CUSIP,89469A104,14,THSUSD,TREEHOUSE FOODS INC,XS,Equity,Common Stock,False,exchCode 'XS' is not a US venue
89469A104,3,ID_CUSIP,89469A104,15,THSUSD,TREEHOUSE FOODS INC,XW,Equity,Common Stock,False,exchCode 'XW' is not a US venue
89469A104,3,ID_CUSIP,89469A104,16,THSN,TREEHOUSE FOODS INC,L3,Equity,Common Stock,False,exchCode 'L3' is not a US venue
89469A104,3,ID_CUSIP,89469A104,17,THSN,TREEHOUSE FOODS INC,B3,Equity,Common Stock,False,exchCode 'B3' is not a US venue
89469A104,3,ID_CUSIP,89469A104,18,T4H,TREEHOUSE FOODS INC,SW,Equity,Common Stock,False,exchCode 'SW' is not a US venue
89469A104,3,ID_CUSIP,89469A104,19,THSUSD,TREEHOUSE FOODS INC,EP,Equity,Common Stock,False,exchCode 'EP' is not a US venue
89469A104,3,ID_CUSIP,89469A104,20,THSEUR,TREEHOUSE FOODS INC,EP,Equity,Common Stock,False,exchCode 'EP' is not a US venue
89469A104,3,ID_CUSIP,89469A104,21,THSGBP,TREEHOUSE FOODS INC,XS,Equity,Common Stock,False,exchCode 'XS' is not a US venue
89469A104,3,ID_CUSIP,89469A104,22,THSGBP,TREEHOUSE FOODS INC,XU,Equity,Common Stock,False,exchCode 'XU' is not a US venue
89469A104,3,ID_CUSIP,89469A104,23,THSGBP,TREEHOUSE FOODS INC,XX,Equity,Common Stock,False,exchCode 'XX' is not a US venue
89469A104,3,ID_CUSIP,89469A104,24,THSGBP,TREEHOUSE FOODS INC,EU,Equity,Common Stock,False,exchCode 'EU' is not a US venue
89469A104,3,ID_CUSIP,89469A104,25,THS,TREEHOUSE FOODS INC,VG,Equity,Common Stock,False,exchCode 'VG' is not a US venue
89469A104,3,ID_CUSIP,89469A104,26,THSN,TREEHOUSE FOODS INC,L1,Equity,Common Stock,False,exchCode 'L1' is not a US venue
89469A104,3,ID_CUSIP,89469A104,27,THSUSD,TREEHOUSE FOODS INC,X9,Equity,Common Stock,False,exchCode 'X9' is not a US venue
89469A104,3,ID_CUSIP,89469A104,28,THSEUR,TREEHOUSE FOODS INC,X9,Equity,Common Stock,False,exchCode 'X9' is not a US venue
89469A104,3,ID_CUSIP,89469A104,29,T4H,TREEHOUSE FOODS INC,LU,Equity,Common Stock,False,exchCode 'LU' is not a US venue
89469A104,3,ID_CUSIP,89469A104,30,THS*,TREEHOUSE FOODS INC,MM,Equity,Common Stock,False,exchCode 'MM' is not a US venue
89469A104,3,ID_CUSIP,89469A104,31,THS*,TREEHOUSE FOODS INC,MF,Equity,Common Stock,False,exchCode 'MF' is not a US venue
89469A104,3,ID_CUSIP,89469A104,32,THS*,TREEHOUSE FOODS INC,MU,Equity,Common Stock,False,exchCode 'MU' is not a US venue
89469A104,4,yahoo_search,US89469A1043,,,,,,,False,no result
90184L102,2,ID_ISIN,US90184L1026,,,,,,,False,No identifier found.
90184L102,3,ID_CUSIP,90184L102,1,TWTRUSD,TWITTER INC,XS,Equity,Common Stock,False,exchCode 'XS' is not a US venue
90184L102,3,ID_CUSIP,90184L102,2,TWTR,TWITTER INC,SW,Equity,Common Stock,False,exchCode 'SW' is not a US venue
90184L102,3,ID_CUSIP,90184L102,3,TWTR,TWITTER INC,SE,Equity,Common Stock,False,exchCode 'SE' is not a US venue
90184L102,3,ID_CUSIP,90184L102,4,TWTR,TWITTER INC,BW,Equity,Common Stock,False,exchCode 'BW' is not a US venue
90184L102,3,ID_CUSIP,90184L102,5,TWTRCHF,TWITTER INC,XS,Equity,Common Stock,False,exchCode 'XS' is not a US venue
90184L102,3,ID_CUSIP,90184L102,6,TWTR,TWITTER INC,TE,Equity,Common Stock,False,exchCode 'TE' is not a US venue
90184L102,3,ID_CUSIP,90184L102,7,TWTREUR,TWITTER INC,XS,Equity,Common Stock,False,exchCode 'XS' is not a US venue
90184L102,3,ID_CUSIP,90184L102,8,TWTRUSD,TWITTER INC,SW,Equity,Common Stock,False,exchCode 'SW' is not a US venue
90184L102,3,ID_CUSIP,90184L102,9,TWTRUSD,TWITTER INC,SE,Equity,Common Stock,False,exchCode 'SE' is not a US venue
90184L102,3,ID_CUSIP,90184L102,10,0QZB,TWITTER INC,LN,Equity,Common Stock,False,exchCode 'LN' is not a US venue
90184L102,3,ID_CUSIP,90184L102,11,0QZBL,TWITTER INC,L3,Equity,Common Stock,False,exchCode 'L3' is not a US venue
90184L102,3,ID_CUSIP,90184L102,12,0QZBL,TWITTER INC,B3,Equity,Common Stock,False,exchCode 'B3' is not a US venue
90184L102,3,ID_CUSIP,90184L102,13,0QZBL,TWITTER INC,PO,Equity,Common Stock,False,exchCode 'PO' is not a US venue
90184L102,3,ID_CUSIP,90184L102,14,TWTRGBX,TWITTER INC,XB,Equity,Common Stock,False,exchCode 'XB' is not a US venue
90184L102,3,ID_CUSIP,90184L102,15,TWTRGBX,TWITTER INC,XS,Equity,Common Stock,False,exchCode 'XS' is not a US venue
90184L102,3,ID_CUSIP,90184L102,16,TWTRRUB,TWITTER INC,XB,Equity,Common Stock,False,exchCode 'XB' is not a US venue
90184L102,3,ID_CUSIP,90184L102,17,TWTRRUB,TWITTER INC,XS,Equity,Common Stock,False,exchCode 'XS' is not a US venue
90184L102,3,ID_CUSIP,90184L102,18,TWTR,TWITTER INC,AV,Equity,Common Stock,False,exchCode 'AV' is not a US venue
90184L102,3,ID_CUSIP,90184L102,19,0QZBL,TWITTER INC,L1,Equity,Common Stock,False,exchCode 'L1' is not a US venue
90184L102,3,ID_CUSIP,90184L102,20,TWTREUR,TWITTER INC,X9,Equity,Common Stock,False,exchCode 'X9' is not a US venue
90184L102,3,ID_CUSIP,90184L102,21,TWTRUSD,TWITTER INC,X9,Equity,Common Stock,False,exchCode 'X9' is not a US venue
90184L102,3,ID_CUSIP,90184L102,22,TWRD,TWITTER INC,PO,Equity,Common Stock,False,exchCode 'PO' is not a US venue
90184L102,3,ID_CUSIP,90184L102,23,TWRD,TWITTER INC,B3,Equity,Common Stock,False,exchCode 'B3' is not a US venue
90184L102,3,ID_CUSIP,90184L102,24,TWRD,TWITTER INC,L3,Equity,Common Stock,False,exchCode 'L3' is not a US venue
90184L102,3,ID_CUSIP,90184L102,25,TWRD,TWITTER INC,L1,Equity,Common Stock,False,exchCode 'L1' is not a US venue
90184L102,3,ID_CUSIP,90184L102,26,TWTR_KZ,TWITTER INC,KZ,Equity,Common Stock,False,exchCode 'KZ' is not a US venue
90184L102,4,yahoo_search,US90184L1026,,,,,,,False,no result
90214J101,2,ID_ISIN,US90214J1016,,,,,,,False,No identifier found.
90214J101,3,ID_CUSIP,90214J101,,,,,,,False,No identifier found.
90214J101,4,yahoo_search,US90214J1016,,,,,,,False,no result
904767704,2,ID_ISIN,US9047677045,,,,,,,False,No identifier found.
904767704,3,ID_CUSIP,904767704,,,,,,,False,No identifier found.
904767704,4,yahoo_search,US9047677045,,,,,,,False,no result
913017109,2,ID_ISIN,US9130171096,,,,,,,False,No identifier found.
913017109,3,ID_CUSIP,913017109,1,UTXZ,UNITED TECH CORP,IX,Equity,Common Stock,False,exchCode 'IX' is not a US venue
913017109,3,ID_CUSIP,913017109,2,UTXCHF,RTX CORP,EO,Equity,Common Stock,False,exchCode 'EO' is not a US venue
913017109,3,ID_CUSIP,913017109,3,UTXCHF,RTX CORP,XJ,Equity,Common Stock,False,exchCode 'XJ' is not a US venue
913017109,3,ID_CUSIP,913017109,4,UTXCHF,RTX CORP,E1,Equity,Common Stock,False,exchCode 'E1' is not a US venue
913017109,3,ID_CUSIP,913017109,5,UTXUSD,RTX CORP,EO,Equity,Common Stock,False,exchCode 'EO' is not a US venue
913017109,3,ID_CUSIP,913017109,6,UTXUSD,RTX CORP,XJ,Equity,Common Stock,False,exchCode 'XJ' is not a US venue
913017109,3,ID_CUSIP,913017109,7,UTXUSD,RTX CORP,E1,Equity,Common Stock,False,exchCode 'E1' is not a US venue
913017109,3,ID_CUSIP,913017109,8,UTXCHF,RTX CORP,XX,Equity,Common Stock,False,exchCode 'XX' is not a US venue
913017109,3,ID_CUSIP,913017109,9,UTXUSD,RTX CORP,XX,Equity,Common Stock,False,exchCode 'XX' is not a US venue
913017109,3,ID_CUSIP,913017109,10,UTXEUR,RTX CORP,X2,Equity,Common Stock,False,exchCode 'X2' is not a US venue
913017109,3,ID_CUSIP,913017109,11,UTXEUR,RTX CORP,XJ,Equity,Common Stock,False,exchCode 'XJ' is not a US venue
913017109,3,ID_CUSIP,913017109,12,UTXEUR,RTX CORP,E1,Equity,Common Stock,False,exchCode 'E1' is not a US venue
913017109,3,ID_CUSIP,913017109,13,UTXEUR,RTX CORP,XQ,Equity,Common Stock,False,exchCode 'XQ' is not a US venue
913017109,3,ID_CUSIP,913017109,14,UTXEUR,RTX CORP,XX,Equity,Common Stock,False,exchCode 'XX' is not a US venue
913017109,3,ID_CUSIP,913017109,15,UTXEUR,RTX CORP,XZ,Equity,Common Stock,False,exchCode 'XZ' is not a US venue
913017109,3,ID_CUSIP,913017109,16,UTXGBP,RTX CORP,X2,Equity,Common Stock,False,exchCode 'X2' is not a US venue
913017109,3,ID_CUSIP,913017109,17,UTXGBP,RTX CORP,XJ,Equity,Common Stock,False,exchCode 'XJ' is not a US venue
913017109,3,ID_CUSIP,913017109,18,UTXGBP,RTX CORP,E1,Equity,Common Stock,False,exchCode 'E1' is not a US venue
913017109,3,ID_CUSIP,913017109,19,UTXGBP,RTX CORP,XQ,Equity,Common Stock,False,exchCode 'XQ' is not a US venue
913017109,3,ID_CUSIP,913017109,20,UTXGBP,RTX CORP,XX,Equity,Common Stock,False,exchCode 'XX' is not a US venue
913017109,3,ID_CUSIP,913017109,21,UTXGBP,RTX CORP,XZ,Equity,Common Stock,False,exchCode 'XZ' is not a US venue
913017109,4,yahoo_search,US9130171096,,,,,,,False,no result
92220P105,2,ID_ISIN,US92220P1057,,,,,,,False,No identifier found.
92220P105,3,ID_CUSIP,92220P105,1,VAREUR,VARIAN MEDICAL SYSTEMS INC,XS,Equity,Common Stock,False,exchCode 'XS' is not a US venue
92220P105,3,ID_CUSIP,92220P105,2,VARUSD,VARIAN MEDICAL SYSTEMS INC,XB,Equity,Common Stock,False,exchCode 'XB' is not a US venue
92220P105,3,ID_CUSIP,92220P105,3,VARUSD,VARIAN MEDICAL SYSTEMS INC,XS,Equity,Common Stock,False,exchCode 'XS' is not a US venue
92220P105,3,ID_CUSIP,92220P105,4,VARGBP,VARIAN MEDICAL SYSTEMS INC,XB,Equity,Common Stock,False,exchCode 'XB' is not a US venue
92220P105,3,ID_CUSIP,92220P105,5,VARGBP,VARIAN MEDICAL SYSTEMS INC,XS,Equity,Common Stock,False,exchCode 'XS' is not a US venue
92220P105,4,yahoo_search,US92220P1057,,,,,,,False,no result
92532W103,2,ID_ISIN,US92532W1036,,,,,,,False,No identifier found.
92532W103,3,ID_CUSIP,92532W103,1,VSMEUR,VERSUM MATERIALS INC,XS,Equity,Common Stock,False,exchCode 'XS' is not a US venue
92532W103,3,ID_CUSIP,92532W103,2,VSMUSD,VERSUM MATERIALS INC,XB,Equity,Common Stock,False,exchCode 'XB' is not a US venue
92532W103,3,ID_CUSIP,92532W103,3,VSMUSD,VERSUM MATERIALS INC,XS,Equity,Common Stock,False,exchCode 'XS' is not a US venue
92532W103,4,yahoo_search,US92532W1036,,,,,,,False,no result
92553P201,2,ID_ISIN,US92553P2011,,,,,,,False,No identifier found.
92553P201,3,ID_CUSIP,92553P201,1,VIAB,VIACOM INC-CLASS B,UW,Equity,Common Stock,True,
92553P201,3,ID_CUSIP,92553P201,2,VIABEUR,VIACOM INC-CLASS B,XS,Equity,Common Stock,False,an earlier result was accepted
92553P201,3,ID_CUSIP,92553P201,3,VIABUSD,VIACOM INC-CLASS B,XB,Equity,Common Stock,False,an earlier result was accepted
92553P201,3,ID_CUSIP,92553P201,4,VIABUSD,VIACOM INC-CLASS B,XS,Equity,Common Stock,False,an earlier result was accepted
92553P201,3,ID_CUSIP,92553P201,5,VIABGBX,VIACOM INC-CLASS B,XB,Equity,Common Stock,False,an earlier result was accepted
92553P201,3,ID_CUSIP,92553P201,6,VIABGBX,VIACOM INC-CLASS B,XS,Equity,Common Stock,False,an earlier result was accepted
92556H107,2,ID_ISIN,US92556H1077,,,,,,,False,No identifier found.
92556H107,3,ID_CUSIP,92556H107,1,PARAA,PARAMOUNT GLOBAL-CLASS A,UB,Equity,Common Stock,False,exchCode 'UB' is not a US venue
92556H107,3,ID_CUSIP,92556H107,2,0VV,PARAMOUNT GLOBAL-CLASS A,GR,Equity,Common Stock,False,exchCode 'GR' is not a US venue
92556H107,3,ID_CUSIP,92556H107,3,0VV,PARAMOUNT GLOBAL-CLASS A,GF,Equity,Common Stock,False,exchCode 'GF' is not a US venue
92556H107,3,ID_CUSIP,92556H107,4,CBS/AEUR,PARAMOUNT GLOBAL-CLASS A,XG,Equity,Common Stock,False,exchCode 'XG' is not a US venue
92556H107,3,ID_CUSIP,92556H107,5,CBS/AEUR,PARAMOUNT GLOBAL-CLASS A,XA,Equity,Common Stock,False,exchCode 'XA' is not a US venue
92556H107,3,ID_CUSIP,92556H107,6,CBS/AEUR,PARAMOUNT GLOBAL-CLASS A,XW,Equity,Common Stock,False,exchCode 'XW' is not a US venue
92556H107,3,ID_CUSIP,92556H107,7,CBS/AUSD,PARAMOUNT GLOBAL-CLASS A,EU,Equity,Common Stock,False,exchCode 'EU' is not a US venue
92556H107,3,ID_CUSIP,92556H107,8,CBS/AEUR,PARAMOUNT GLOBAL-CLASS A,EP,Equity,Common Stock,False,exchCode 'EP' is not a US venue
92556H107,3,ID_CUSIP,92556H107,9,CBS/AUSD,VIACOMCBS INC - CLASS A,X9,Equity,Common Stock,False,exchCode 'X9' is not a US venue
92556H107,3,ID_CUSIP,92556H107,10,0VV,PARAMOUNT GLOBAL-CLASS A,QT,Equity,Common Stock,False,exchCode 'QT' is not a US venue
92556H107,3,ID_CUSIP,92556H107,11,0VV,PARAMOUNT GLOBAL-CLASS A,LA,Equity,Common Stock,False,exchCode 'LA' is not a US venue
92556H107,3,ID_CUSIP,92556H107,12,0VV,PARAMOUNT GLOBAL-CLASS A,LU,Equity,Common Stock,False,exchCode 'LU' is not a US venue
92556H107,3,ID_CUSIP,92556H107,13,CBS/AEUR,PARAMOUNT GLOBAL-CLASS A,X9,Equity,Common Stock,False,exchCode 'X9' is not a US venue
92556H107,4,yahoo_search,US92556H1077,,,,,,,False,no result
92556H206,2,ID_ISIN,US92556H2067,,,,,,,False,No identifier found.
92556H206,3,ID_CUSIP,92556H206,1,0VVB,PARAMOUNT GLOBAL-CLASS B,GR,Equity,Common Stock,False,exchCode 'GR' is not a US venue
92556H206,3,ID_CUSIP,92556H206,2,0VVB,PARAMOUNT GLOBAL-CLASS B,GH,Equity,Common Stock,False,exchCode 'GH' is not a US venue
92556H206,3,ID_CUSIP,92556H206,3,0VVB,PARAMOUNT GLOBAL-CLASS B,GZ,Equity,Common Stock,False,exchCode 'GZ' is not a US venue
92556H206,3,ID_CUSIP,92556H206,4,C5S,PARAMOUNT GLOBAL-CLASS B,TE,Equity,Common Stock,False,exchCode 'TE' is not a US venue
92556H206,3,ID_CUSIP,92556H206,5,PARA*,PARAMOUNT GLOBAL-CLASS B,MF,Equity,Common Stock,False,exchCode 'MF' is not a US venue
92556H206,3,ID_CUSIP,92556H206,6,CBS1USD,PARAMOUNT GLOBAL-CLASS B,X9,Equity,Common Stock,False,exchCode 'X9' is not a US venue
92556H206,3,ID_CUSIP,92556H206,7,CBS1EUR,PARAMOUNT GLOBAL-CLASS B,X9,Equity,Common Stock,False,exchCode 'X9' is not a US venue
92556H206,3,ID_CUSIP,92556H206,8,0VVBD,PARAMOUNT GLOBAL-CLASS B,PO,Equity,Common Stock,False,exchCode 'PO' is not a US venue
92556H206,3,ID_CUSIP,92556H206,9,0VVBD,PARAMOUNT GLOBAL-CLASS B,B3,Equity,Common Stock,False,exchCode 'B3' is not a US venue
92556H206,3,ID_CUSIP,92556H206,10,0VVBD,PARAMOUNT GLOBAL-CLASS B,L3,Equity,Common Stock,False,exchCode 'L3' is not a US venue
92556H206,3,ID_CUSIP,92556H206,11,PARA,PARAMOUNT GLOBAL-CLASS B,AV,Equity,Common Stock,False,exchCode 'AV' is not a US venue
92556H206,3,ID_CUSIP,92556H206,12,PARAV,PARAMOUNT GLOBAL-CLASS B,PO,Equity,Common Stock,False,exchCode 'PO' is not a US venue
92556H206,3,ID_CUSIP,92556H206,13,PARAV,PARAMOUNT GLOBAL-CLASS B,L3,Equity,Common Stock,False,exchCode 'L3' is not a US venue
92556H206,3,ID_CUSIP,92556H206,14,0VVB,PARAMOUNT GLOBAL-CLASS B,LA,Equity,Common Stock,False,exchCode 'LA' is not a US venue
92556H206,3,ID_CUSIP,92556H206,15,PARA,PARAMOUNT GLOBAL-CLASS B,PE,Equity,Common Stock,False,exchCode 'PE' is not a US venue
92556H206,4,yahoo_search,US92556H2067,,,,,,,False,no result
92719V100,2,ID_ISIN,US92719V1008,,,,,,,False,No identifier found.
92719V100,3,ID_CUSIP,92719V100,1,VMEO*,VIMEO INC,MF,Equity,Common Stock,False,exchCode 'MF' is not a US venue
92719V100,3,ID_CUSIP,92719V100,2,VMEO*,VIMEO INC,MU,Equity,Common Stock,False,exchCode 'MU' is not a US venue
92719V100,3,ID_CUSIP,92719V100,3,VMEOGBP,VIMEO INC,X2,Equity,Common Stock,False,exchCode 'X2' is not a US venue
92719V100,3,ID_CUSIP,92719V100,4,VMEOGBP,VIMEO INC,EU,Equity,Common Stock,False,exchCode 'EU' is not a US venue
92719V100,3,ID_CUSIP,92719V100,5,VMEOUSD,VIMEO INC,XJ,Equity,Common Stock,False,exchCode 'XJ' is not a US venue
92719V100,3,ID_CUSIP,92719V100,6,VMEOUSD,VIMEO INC,XG,Equity,Common Stock,False,exchCode 'XG' is not a US venue
92719V100,3,ID_CUSIP,92719V100,7,VMEOUSD,VIMEO INC,XU,Equity,Common Stock,False,exchCode 'XU' is not a US venue
92719V100,3,ID_CUSIP,92719V100,8,VMEOUSD,VIMEO INC,EU,Equity,Common Stock,False,exchCode 'EU' is not a US venue
92719V100,3,ID_CUSIP,92719V100,9,4KS,VIMEO INC,GR,Equity,Common Stock,False,exchCode 'GR' is not a US venue
92719V100,3,ID_CUSIP,92719V100,10,4KS,VIMEO INC,GF,Equity,Common Stock,False,exchCode 'GF' is not a US venue
92719V100,3,ID_CUSIP,92719V100,11,VMEOEUR,VIMEO INC,EU,Equity,Common Stock,False,exchCode 'EU' is not a US venue
92719V100,3,ID_CUSIP,92719V100,12,4KS,VIMEO INC,QT,Equity,Common Stock,False,exchCode 'QT' is not a US venue
92719V100,3,ID_CUSIP,92719V100,13,1VMEO,VIMEO INC,IF,Equity,Common Stock,False,exchCode 'IF' is not a US venue
92719V100,4,yahoo_search,US92719V1008,,,,,,,False,no result
92766K106,2,ID_ISIN,US92766K1060,,,,,,,False,No identifier found.
92766K106,3,ID_CUSIP,92766K106,1,IPOAGBP,VIRGIN GALACTIC HOLDINGS INC,X1,Equity,Common Stock,False,exchCode 'X1' is not a US venue
92766K106,3,ID_CUSIP,92766K106,2,IPOAUSD,VIRGIN GALACTIC HOLDINGS INC,X1,Equity,Common Stock,False,exchCode 'X1' is not a US venue
92766K106,4,yahoo_search,US92766K1060,1,SPCE.MX,"Virgin Galactic Holdings, Inc.",MEX,,EQUITY,False,exchange 'MEX' is not a US venue
927959106,2,ID_ISIN,US9279591062,,,,,,,False,No identifier found.
927959106,3,ID_CUSIP,927959106,1,VNOMUSD,VIPER ENERGY INC-CL A,XT,Equity,Common Stock,False,exchCode 'XT' is not a US venue
927959106,3,ID_CUSIP,927959106,2,VNOMUSD,VIPER ENERGY INC-CL A,XV,Equity,Common Stock,False,exchCode 'XV' is not a US venue
927959106,3,ID_CUSIP,927959106,3,VNOMUSD,VIPER ENERGY INC,XX,Equity,Common Stock,False,exchCode 'XX' is not a US venue
927959106,3,ID_CUSIP,927959106,4,VNOMUSD,VIPER ENERGY INC,XZ,Equity,Common Stock,False,exchCode 'XZ' is not a US venue
927959106,3,ID_CUSIP,927959106,5,VNOMUSD,VIPER ENERGY INC-CL A,EU,Equity,Common Stock,False,exchCode 'EU' is not a US venue
927959106,3,ID_CUSIP,927959106,6,VNOMGBP,VIPER ENERGY INC-CL A,XL,Equity,Common Stock,False,exchCode 'XL' is not a US venue
927959106,3,ID_CUSIP,927959106,7,VNOMGBP,VIPER ENERGY INC-CL A,XU,Equity,Common Stock,False,exchCode 'XU' is not a US venue
927959106,3,ID_CUSIP,927959106,8,VNOMUSD,VIPER ENERGY INC,X2,Equity,Common Stock,False,exchCode 'X2' is not a US venue
927959106,3,ID_CUSIP,927959106,9,ZT0,VIPER ENERGY INC-CL A,LU,Equity,Common Stock,False,exchCode 'LU' is not a US venue
927959106,3,ID_CUSIP,927959106,10,VNOMEUR,VIPER ENERGY INC,X9,Equity,Common Stock,False,exchCode 'X9' is not a US venue
927959106,3,ID_CUSIP,927959106,11,ZT0,VIPER ENERGY INC-CL A,GZ,Equity,Common Stock,False,exchCode 'GZ' is not a US venue
927959106,4,yahoo_search,US9279591062,1,VNOM,"Viper Energy, Inc.",NMS,,EQUITY,True,
928563402,2,ID_ISIN,US9285634021,,,,,,,False,No identifier found.
928563402,3,ID_CUSIP,928563402,1,VMWEUR,VMWARE INC-CLASS A,XS,Equity,Common Stock,False,exchCode 'XS' is not a US venue
928563402,3,ID_CUSIP,928563402,2,VMWUSD,VMWARE INC-CLASS A,XB,Equity,Common Stock,False,exchCode 'XB' is not a US venue
928563402,3,ID_CUSIP,928563402,3,VMWUSD,VMWARE INC-CLASS A,XS,Equity,Common Stock,False,exchCode 'XS' is not a US venue
928563402,3,ID_CUSIP,928563402,4,VMWGBP,VMWARE INC-CLASS A,XB,Equity,Common Stock,False,exchCode 'XB' is not a US venue
928563402,3,ID_CUSIP,928563402,5,VMWGBP,VMWARE INC-CLASS A,XS,Equity,Common Stock,False,exchCode 'XS' is not a US venue
928563402,3,ID_CUSIP,928563402,6,VMW*,VMWARE INC-CLASS A,MM,Equity,Common Stock,False,exchCode 'MM' is not a US venue
928563402,3,ID_CUSIP,928563402,7,VMW*,VMWARE INC-CLASS A,MF,Equity,Common Stock,False,exchCode 'MF' is not a US venue
928563402,3,ID_CUSIP,928563402,8,VMW*,VMWARE INC-CLASS A,MU,Equity,Common Stock,False,exchCode 'MU' is not a US venue
928563402,3,ID_CUSIP,928563402,9,VMWA,VMWARE INC-CLASS A,AV,Equity,Common Stock,False,exchCode 'AV' is not a US venue
928563402,3,ID_CUSIP,928563402,10,VMWUSD,VMWARE INC-CLASS A,X9,Equity,Common Stock,False,exchCode 'X9' is not a US venue
928563402,3,ID_CUSIP,928563402,11,VMWEUR,VMWARE INC-CLASS A,X9,Equity,Common Stock,False,exchCode 'X9' is not a US venue
928563402,4,yahoo_search,US9285634021,,,,,,,False,no result
92918V109,2,ID_ISIN,US92918V1098,,,,,,,False,No identifier found.
92918V109,3,ID_CUSIP,92918V109,1,VRMUSD,VROOM INC,XS,Equity,Common Stock,False,exchCode 'XS' is not a US venue
92918V109,4,yahoo_search,US92918V1098,,,,,,,False,no result
92927K102,2,ID_ISIN,US92927K1025,,,,,,,False,No identifier found.
92927K102,3,ID_CUSIP,92927K102,1,WBC1EUR,WABCO HOLDINGS INC,XS,Equity,Common Stock,False,exchCode 'XS' is not a US venue
92927K102,3,ID_CUSIP,92927K102,2,WBC1USD,WABCO HOLDINGS INC,XB,Equity,Common Stock,False,exchCode 'XB' is not a US venue
92927K102,3,ID_CUSIP,92927K102,3,WBC1USD,WABCO HOLDINGS INC,XS,Equity,Common Stock,False,exchCode 'XS' is not a US venue
92927K102,4,yahoo_search,US92927K1025,,,,,,,False,no result
931427108,2,ID_ISIN,US9314271084,,,,,,,False,No identifier found.
931427108,3,ID_CUSIP,931427108,1,WBA,WALGREENS BOOTS ALLIANCE INC,UW,Equity,Common Stock,True,
931427108,3,ID_CUSIP,931427108,2,W8A,WALGREENS BOOTS ALLIANCE INC,GF,Equity,Common Stock,False,an earlier result was accepted
931427108,3,ID_CUSIP,931427108,3,W8A,WALGREENS BOOTS ALLIANCE INC,GM,Equity,Common Stock,False,an earlier result was accepted
931427108,3,ID_CUSIP,931427108,4,WBA*,WALGREENS BOOTS ALLIANCE INC,MM,Equity,Common Stock,False,an earlier result was accepted
931427108,3,ID_CUSIP,931427108,5,WBA*,WALGREENS BOOTS ALLIANCE INC,MF,Equity,Common Stock,False,an earlier result was accepted
931427108,3,ID_CUSIP,931427108,6,WBA,WALGREENS BOOTS ALLIANCE INC,SW,Equity,Common Stock,False,an earlier result was accepted
931427108,3,ID_CUSIP,931427108,7,WAGEUR,WALGREENS BOOTS ALLIANCE INC,XJ,Equity,Common Stock,False,an earlier result was accepted
931427108,3,ID_CUSIP,931427108,8,WAGEUR,WALGREENS BOOTS ALLIANCE INC,XS,Equity,Common Stock,False,an earlier result was accepted
931427108,3,ID_CUSIP,931427108,9,WAGEUR,WALGREENS BOOTS ALLIANCE INC,EU,Equity,Common Stock,False,an earlier result was accepted
931427108,3,ID_CUSIP,931427108,10,W8A,WALGREENS BOOTS ALLIANCE INC,QT,Equity,Common Stock,False,an earlier result was accepted
931427108,3,ID_CUSIP,931427108,11,WAGCHF,WALGREENS BOOTS ALLIANCE INC,XS,Equity,Common Stock,False,an earlier result was accepted
931427108,3,ID_CUSIP,931427108,12,WBA,WALGREENS BOOTS ALLIANCE INC,AV,Equity,Common Stock,False,an earlier result was accepted
931427108,3,ID_CUSIP,931427108,13,WAGUSD,WALGREENS BOOTS ALLIANCE INC,XB,Equity,Common Stock,False,an earlier result was accepted
931427108,3,ID_CUSIP,931427108,14,WAGUSD,WALGREENS BOOTS ALLIANCE INC,XJ,Equity,Common Stock,False,an earlier result was accepted
931427108,3,ID_CUSIP,931427108,15,WAGUSD,WALGREENS BOOTS ALLIANCE INC,XL,Equity,Common Stock,False,an earlier result was accepted
931427108,3,ID_CUSIP,931427108,16,WAGUSD,WALGREENS BOOTS ALLIANCE INC,XS,Equity,Common Stock,False,an earlier result was accepted
931427108,3,ID_CUSIP,931427108,17,WAGUSD,WALGREENS BOOTS ALLIANCE INC,XZ,Equity,Common Stock,False,an earlier result was accepted
931427108,3,ID_CUSIP,931427108,18,0LSZ,WALGREENS BOOTS ALLIANCE INC,LN,Equity,Common Stock,False,an earlier result was accepted
931427108,3,ID_CUSIP,931427108,19,0LSZL,WALGREENS BOOTS ALLIANCE INC,L3,Equity,Common Stock,False,an earlier result was accepted
931427108,3,ID_CUSIP,931427108,20,0LSZL,WALGREENS BOOTS ALLIANCE INC,B3,Equity,Common Stock,False,an earlier result was accepted
931427108,3,ID_CUSIP,931427108,21,WBA*,WALGREENS BOOTS ALLIANCE INC,MU,Equity,Common Stock,False,an earlier result was accepted
931427108,3,ID_CUSIP,931427108,22,WAGGBX,WALGREENS BOOTS ALLIANCE INC,XB,Equity,Common Stock,False,an earlier result was accepted
931427108,3,ID_CUSIP,931427108,23,WAGGBX,WALGREENS BOOTS ALLIANCE INC,XS,Equity,Common Stock,False,an earlier result was accepted
931427108,3,ID_CUSIP,931427108,24,WAGGBX,WALGREENS BOOTS ALLIANCE INC,XZ,Equity,Common Stock,False,an earlier result was accepted
931427108,3,ID_CUSIP,931427108,25,4WBA,WALGREENS BOOTS ALLIANCE INC,TE,Equity,Common Stock,False,an earlier result was accepted
931427108,3,ID_CUSIP,931427108,26,WAGUSD,WALGREENS BOOTS ALLIANCE INC,EP,Equity,Common Stock,False,an earlier result was accepted
931427108,3,ID_CUSIP,931427108,27,WAGUSD,WALGREENS BOOTS ALLIANCE INC,EZ,Equity,Common Stock,False,an earlier result was accepted
931427108,3,ID_CUSIP,931427108,28,WAGEUR,WALGREENS BOOTS ALLIANCE INC,EP,Equity,Common Stock,False,an earlier result was accepted
931427108,3,ID_CUSIP,931427108,29,WBA,WALGREENS BOOTS ALLIANCE INC,VP,Equity,Common Stock,False,an earlier result was accepted
931427108,3,ID_CUSIP,931427108,30,0LSZL,WALGREENS BOOTS ALLIANCE INC,L1,Equity,Common Stock,False,an earlier result was accepted
931427108,3,ID_CUSIP,931427108,31,WAGEUR,WALGREENS BOOTS ALLIANCE INC,X9,Equity,Common Stock,False,an earlier result was accepted
931427108,3,ID_CUSIP,931427108,32,WAGUSD,WALGREENS BOOTS ALLIANCE INC,X9,Equity,Common Stock,False,an earlier result was accepted
931427108,3,ID_CUSIP,931427108,33,WAGRUB,WALGREENS BOOTS ALLIANCE INC,EU,Equity,Common Stock,False,an earlier result was accepted
931427108,3,ID_CUSIP,931427108,34,WBAN,WALGREENS BOOTS ALLIANCE INC,TQ,Equity,Common Stock,False,an earlier result was accepted
931427108,3,ID_CUSIP,931427108,35,W8AD,WALGREENS BOOTS ALLIANCE INC,B3,Equity,Common Stock,False,an earlier result was accepted
931427108,3,ID_CUSIP,931427108,36,W8AD,WALGREENS BOOTS ALLIANCE INC,L1,Equity,Common Stock,False,an earlier result was accepted
931427108,3,ID_CUSIP,931427108,37,W8AD,WALGREENS BOOTS ALLIANCE INC,EB,Equity,Common Stock,False,an earlier result was accepted
931427108,3,ID_CUSIP,931427108,38,1WBA,WALGREENS BOOTS ALLIANCE INC,IF,Equity,Common Stock,False,an earlier result was accepted
931427108,3,ID_CUSIP,931427108,39,W8AD,WALGREENS BOOTS ALLIANCE INC,QE,Equity,Common Stock,False,an earlier result was accepted
94946T106,2,ID_ISIN,US94946T1060,,,,,,,False,No identifier found.
94946T106,3,ID_CUSIP,94946T106,1,WCGEUR,WELLCARE HEALTH PLANS INC,XB,Equity,Common Stock,False,exchCode 'XB' is not a US venue
94946T106,3,ID_CUSIP,94946T106,2,WCGEUR,WELLCARE HEALTH PLANS INC,XS,Equity,Common Stock,False,exchCode 'XS' is not a US venue
94946T106,3,ID_CUSIP,94946T106,3,WCGUSD,WELLCARE HEALTH PLANS INC,XB,Equity,Common Stock,False,exchCode 'XB' is not a US venue
94946T106,3,ID_CUSIP,94946T106,4,WCGUSD,WELLCARE HEALTH PLANS INC,XS,Equity,Common Stock,False,exchCode 'XS' is not a US venue
94946T106,4,yahoo_search,US94946T1060,,,,,,,False,no result
96145D105,2,ID_ISIN,US96145D1054,,,,,,,False,No identifier found.
96145D105,3,ID_CUSIP,96145D105,1,WRKUSD,WESTROCK CO,XB,Equity,Common Stock,False,exchCode 'XB' is not a US venue
96145D105,3,ID_CUSIP,96145D105,2,WRKUSD,WESTROCK CO,XS,Equity,Common Stock,False,exchCode 'XS' is not a US venue
96145D105,3,ID_CUSIP,96145D105,3,WRKEUR,WESTROCK CO,XB,Equity,Common Stock,False,exchCode 'XB' is not a US venue
96145D105,3,ID_CUSIP,96145D105,4,WRKEUR,WESTROCK CO,XS,Equity,Common Stock,False,exchCode 'XS' is not a US venue
96145D105,3,ID_CUSIP,96145D105,5,0LW9,WESTROCK CO,LN,Equity,Common Stock,False,exchCode 'LN' is not a US venue
96145D105,3,ID_CUSIP,96145D105,6,0LW9L,WESTROCK CO,L3,Equity,Common Stock,False,exchCode 'L3' is not a US venue
96145D105,3,ID_CUSIP,96145D105,7,WRKUSD,WESTROCK CO,X9,Equity,Common Stock,False,exchCode 'X9' is not a US venue
96145D105,3,ID_CUSIP,96145D105,8,WRKEUR,WESTROCK CO,X9,Equity,Common Stock,False,exchCode 'X9' is not a US venue
96145D105,4,yahoo_search,US96145D1054,,,,,,,False,no result
98156Q108,2,ID_ISIN,US98156Q1085,,,,,,,False,No identifier found.
98156Q108,3,ID_CUSIP,98156Q108,1,WWEUSD,WORLD WRESTLING ENTERTAIN-A,X9,Equity,Common Stock,False,exchCode 'X9' is not a US venue
98156Q108,3,ID_CUSIP,98156Q108,2,WWEEUR,WORLD WRESTLING ENTERTAIN-A,X9,Equity,Common Stock,False,exchCode 'X9' is not a US venue
98156Q108,4,yahoo_search,US98156Q1085,,,,,,,False,no result
983919101,2,ID_ISIN,US9839191015,,,,,,,False,No identifier found.
983919101,3,ID_CUSIP,983919101,1,XLNXEUR,XILINX INC,XS,Equity,Common Stock,False,exchCode 'XS' is not a US venue
983919101,3,ID_CUSIP,983919101,2,XLNX,XILINX INC,AV,Equity,Common Stock,False,exchCode 'AV' is not a US venue
983919101,3,ID_CUSIP,983919101,3,XLNXUSD,XILINX INC,XB,Equity,Common Stock,False,exchCode 'XB' is not a US venue
983919101,3,ID_CUSIP,983919101,4,XLNXUSD,XILINX INC,XS,Equity,Common Stock,False,exchCode 'XS' is not a US venue
983919101,3,ID_CUSIP,983919101,5,XLNXGBP,XILINX INC,XB,Equity,Common Stock,False,exchCode 'XB' is not a US venue
983919101,3,ID_CUSIP,983919101,6,XLNXGBP,XILINX INC,XS,Equity,Common Stock,False,exchCode 'XS' is not a US venue
983919101,3,ID_CUSIP,983919101,7,XLNXUSD,XILINX INC,X9,Equity,Common Stock,False,exchCode 'X9' is not a US venue
983919101,3,ID_CUSIP,983919101,8,XLNXEUR,XILINX INC,X9,Equity,Common Stock,False,exchCode 'X9' is not a US venue
983919101,4,yahoo_search,US9839191015,,,,,,,False,no result
98919V105,2,ID_ISIN,US98919V1052,,,,,,,False,No identifier found.
98919V105,3,ID_CUSIP,98919V105,1,ZAYOEUR,ZAYO GROUP HOLDINGS INC,XS,Equity,Common Stock,False,exchCode 'XS' is not a US venue
98919V105,3,ID_CUSIP,98919V105,2,ZAYOUSD,ZAYO GROUP HOLDINGS INC,XB,Equity,Common Stock,False,exchCode 'XB' is not a US venue
98919V105,3,ID_CUSIP,98919V105,3,ZAYOUSD,ZAYO GROUP HOLDINGS INC,XS,Equity,Common Stock,False,exchCode 'XS' is not a US venue
98919V105,3,ID_CUSIP,98919V105,4,ZAYOGBP,ZAYO GROUP HOLDINGS INC,XB,Equity,Common Stock,False,exchCode 'XB' is not a US venue
98919V105,3,ID_CUSIP,98919V105,5,ZAYOGBP,ZAYO GROUP HOLDINGS INC,XS,Equity,Common Stock,False,exchCode 'XS' is not a US venue
98919V105,4,yahoo_search,US98919V1052,,,,,,,False,no result
98936J101,2,ID_ISIN,US98936J1016,,,,,,,False,No identifier found.
98936J101,3,ID_CUSIP,98936J101,1,ZEN1EUR,ZENDESK INC,XS,Equity,Common Stock,False,exchCode 'XS' is not a US venue
98936J101,3,ID_CUSIP,98936J101,2,ZEN1USD,ZENDESK INC,XB,Equity,Common Stock,False,exchCode 'XB' is not a US venue
98936J101,3,ID_CUSIP,98936J101,3,ZEN1USD,ZENDESK INC,XS,Equity,Common Stock,False,exchCode 'XS' is not a US venue
98936J101,3,ID_CUSIP,98936J101,4,ZEN1USD,ZENDESK INC,X9,Equity,Common Stock,False,exchCode 'X9' is not a US venue
98936J101,3,ID_CUSIP,98936J101,5,ZEN1EUR,ZENDESK INC,X9,Equity,Common Stock,False,exchCode 'X9' is not a US venue
98936J101,4,yahoo_search,US98936J1016,1,0ZD.F,Giunti Psychometrics Holding S.p.A.,FRA,,EQUITY,False,exchange 'FRA' is not a US venue
98986T108,2,ID_ISIN,US98986T1088,,,,,,,False,No identifier found.
98986T108,3,ID_CUSIP,98986T108,1,ZNGAEUR,ZYNGA INC - CL A,XS,Equity,Common Stock,False,exchCode 'XS' is not a US venue
98986T108,3,ID_CUSIP,98986T108,2,ZNGACHF,ZYNGA INC - CL A,XS,Equity,Common Stock,False,exchCode 'XS' is not a US venue
98986T108,3,ID_CUSIP,98986T108,3,ZNGA,ZYNGA INC - CL A,SW,Equity,Common Stock,False,exchCode 'SW' is not a US venue
98986T108,3,ID_CUSIP,98986T108,4,ZNGA,ZYNGA INC - CL A,BW,Equity,Common Stock,False,exchCode 'BW' is not a US venue
98986T108,3,ID_CUSIP,98986T108,5,ZNGAUSD,ZYNGA INC - CL A,XB,Equity,Common Stock,False,exchCode 'XB' is not a US venue
98986T108,3,ID_CUSIP,98986T108,6,ZNGAUSD,ZYNGA INC - CL A,XS,Equity,Common Stock,False,exchCode 'XS' is not a US venue
98986T108,3,ID_CUSIP,98986T108,7,ZNGAGBP,ZYNGA INC - CL A,XB,Equity,Common Stock,False,exchCode 'XB' is not a US venue
98986T108,3,ID_CUSIP,98986T108,8,ZNGAGBP,ZYNGA INC - CL A,XS,Equity,Common Stock,False,exchCode 'XS' is not a US venue
98986T108,3,ID_CUSIP,98986T108,9,ZNGAEUR,ZYNGA INC - CL A,X9,Equity,Common Stock,False,exchCode 'X9' is not a US venue
98986T108,3,ID_CUSIP,98986T108,10,ZNGAUSD,ZYNGA INC - CL A,X9,Equity,Common Stock,False,exchCode 'X9' is not a US venue
98986T108,4,yahoo_search,US98986T1088,,,,,,,False,no result
BMG0684D1074,2,ID_ISIN,BMG0684D1074,,,,,,,False,No identifier found.
BMG0684D1074,3,ID_ISIN,BMG0684D1074,1,ATH,ATHENE HOLDING LTD-CLASS A,UN,Equity,Common Stock,True,
BMG0684D1074,3,ID_ISIN,BMG0684D1074,2,ATH2EUR,ATHENE HOLDING LTD-CLASS A,XS,Equity,Common Stock,False,an earlier result was accepted
BMG0684D1074,3,ID_ISIN,BMG0684D1074,3,ATH2USD,ATHENE HOLDING LTD-CLASS A,XB,Equity,Common Stock,False,an earlier result was accepted
BMG0684D1074,3,ID_ISIN,BMG0684D1074,4,ATH2USD,ATHENE HOLDING LTD-CLASS A,XS,Equity,Common Stock,False,an earlier result was accepted
BMG0684D1074,3,ID_ISIN,BMG0684D1074,5,ATH2USD,ATHENE HOLDING LTD-CLASS A,X9,Equity,Common Stock,False,an earlier result was accepted
BMG0684D1074,3,ID_ISIN,BMG0684D1074,6,ATH2EUR,ATHENE HOLDING LTD-CLASS A,X9,Equity,Common Stock,False,an earlier result was accepted
BMG169621056,2,ID_ISIN,BMG169621056,,,,,,,False,No identifier found.
BMG169621056,3,ID_ISIN,BMG169621056,1,BGUSD,BUNGE LTD,X9,Equity,Common Stock,False,exchCode 'X9' is not a US venue
BMG169621056,3,ID_ISIN,BMG169621056,2,BGEUR,BUNGE LTD,X9,Equity,Common Stock,False,exchCode 'X9' is not a US venue
BMG169621056,4,yahoo_search,BMG169621056,,,,,,,False,no result
BMG475671050,2,ID_ISIN,BMG475671050,,,,,,,False,No identifier found.
BMG475671050,3,ID_ISIN,BMG475671050,1,MRKTEUR,IHS MARKIT LTD,XS,Equity,Common Stock,False,exchCode 'XS' is not a US venue
BMG475671050,3,ID_ISIN,BMG475671050,2,MRKTUSD,IHS MARKIT LTD,XB,Equity,Common Stock,False,exchCode 'XB' is not a US venue
BMG475671050,3,ID_ISIN,BMG475671050,3,MRKTUSD,IHS MARKIT LTD,XS,Equity,Common Stock,False,exchCode 'XS' is not a US venue
BMG475671050,3,ID_ISIN,BMG475671050,4,MRKTGBX,IHS MARKIT LTD,XB,Equity,Common Stock,False,exchCode 'XB' is not a US venue
BMG475671050,3,ID_ISIN,BMG475671050,5,MRKTGBX,IHS MARKIT LTD,XS,Equity,Common Stock,False,exchCode 'XS' is not a US venue
BMG475671050,3,ID_ISIN,BMG475671050,6,MRKTUSD,IHS MARKIT LTD,X9,Equity,Common Stock,False,exchCode 'X9' is not a US venue
BMG475671050,3,ID_ISIN,BMG475671050,7,MRKTEUR,IHS MARKIT LTD,X9,Equity,Common Stock,False,exchCode 'X9' is not a US venue
BMG475671050,4,yahoo_search,BMG475671050,,,,,,,False,no result
BMG540501027,2,ID_ISIN,BMG540501027,,,,,,,False,No identifier found.
BMG540501027,3,ID_ISIN,BMG540501027,1,LAZUSD,LAZARD LTD-CL A,XB,Equity,Common Stock,False,exchCode 'XB' is not a US venue
BMG540501027,3,ID_ISIN,BMG540501027,2,LAZUSD,LAZARD INC,XJ,Equity,Common Stock,False,exchCode 'XJ' is not a US venue
BMG540501027,3,ID_ISIN,BMG540501027,3,LAZUSD,LAZARD LTD-CL A,XS,Equity,Common Stock,False,exchCode 'XS' is not a US venue
BMG540501027,3,ID_ISIN,BMG540501027,4,LAZUSD,LAZARD LTD-CL A,E1,Equity,Common Stock,False,exchCode 'E1' is not a US venue
BMG540501027,3,ID_ISIN,BMG540501027,5,LAZUSD,LAZARD LTD-CL A,XQ,Equity,Common Stock,False,exchCode 'XQ' is not a US venue
BMG540501027,3,ID_ISIN,BMG540501027,6,LAZUSD,LAZARD LTD-CL A,XX,Equity,Common Stock,False,exchCode 'XX' is not a US venue
BMG540501027,3,ID_ISIN,BMG540501027,7,LAZUSD,LAZARD LTD-CL A,XZ,Equity,Common Stock,False,exchCode 'XZ' is not a US venue
BMG540501027,3,ID_ISIN,BMG540501027,8,LAZEUR,LAZARD LTD-CL A,XB,Equity,Common Stock,False,exchCode 'XB' is not a US venue
BMG540501027,3,ID_ISIN,BMG540501027,9,LAZEUR,LAZARD INC,XJ,Equity,Common Stock,False,exchCode 'XJ' is not a US venue
BMG540501027,3,ID_ISIN,BMG540501027,10,LAZEUR,LAZARD LTD-CL A,XS,Equity,Common Stock,False,exchCode 'XS' is not a US venue
BMG540501027,3,ID_ISIN,BMG540501027,11,LAZEUR,LAZARD LTD-CL A,E1,Equity,Common Stock,False,exchCode 'E1' is not a US venue
BMG540501027,3,ID_ISIN,BMG540501027,12,LAZEUR,LAZARD LTD-CL A,XQ,Equity,Common Stock,False,exchCode 'XQ' is not a US venue
BMG540501027,3,ID_ISIN,BMG540501027,13,LAZEUR,LAZARD LTD-CL A,XX,Equity,Common Stock,False,exchCode 'XX' is not a US venue
BMG540501027,3,ID_ISIN,BMG540501027,14,LAZEUR,LAZARD LTD-CL A,XZ,Equity,Common Stock,False,exchCode 'XZ' is not a US venue
BMG540501027,3,ID_ISIN,BMG540501027,15,LAZGBX,LAZARD INC,XJ,Equity,Common Stock,False,exchCode 'XJ' is not a US venue
BMG540501027,3,ID_ISIN,BMG540501027,16,LAZGBX,LAZARD LTD-CL A,E1,Equity,Common Stock,False,exchCode 'E1' is not a US venue
BMG540501027,3,ID_ISIN,BMG540501027,17,LAZGBX,LAZARD LTD-CL A,XQ,Equity,Common Stock,False,exchCode 'XQ' is not a US venue
BMG540501027,3,ID_ISIN,BMG540501027,18,LAZGBX,LAZARD LTD-CL A,XX,Equity,Common Stock,False,exchCode 'XX' is not a US venue
BMG540501027,3,ID_ISIN,BMG540501027,19,LAZGBX,LAZARD LTD-CL A,XZ,Equity,Common Stock,False,exchCode 'XZ' is not a US venue
BMG540501027,3,ID_ISIN,BMG540501027,20,LAZUSD,LAZARD LTD-CL A,X9,Equity,Common Stock,False,exchCode 'X9' is not a US venue
BMG540501027,4,yahoo_search,BMG540501027,1,LAZ,"Lazard, Inc.",NYQ,,EQUITY,True,
CH0102993182,2,ID_ISIN,CH0102993182,,,,,,,False,No identifier found.
CH0102993182,3,ID_ISIN,CH0102993182,1,TEL1USD,TE CONNECTIVITY LTD,XB,Equity,Common Stock,False,exchCode 'XB' is not a US venue
CH0102993182,3,ID_ISIN,CH0102993182,2,TEL1USD,TE CONNECTIVITY LTD,XS,Equity,Common Stock,False,exchCode 'XS' is not a US venue
CH0102993182,3,ID_ISIN,CH0102993182,3,TEL1GBP,TE CONNECTIVITY LTD,XB,Equity,Common Stock,False,exchCode 'XB' is not a US venue
CH0102993182,3,ID_ISIN,CH0102993182,4,TEL1GBP,TE CONNECTIVITY LTD,XS,Equity,Common Stock,False,exchCode 'XS' is not a US venue
CH0102993182,3,ID_ISIN,CH0102993182,5,TEL11EUR,TE CONNECTIVITY LTD,XB,Equity,Common Stock,False,exchCode 'XB' is not a US venue
CH0102993182,3,ID_ISIN,CH0102993182,6,TEL11EUR,TE CONNECTIVITY LTD,XS,Equity,Common Stock,False,exchCode 'XS' is not a US venue
CH0102993182,3,ID_ISIN,CH0102993182,7,0VQJL,TE CONNECTIVITY LTD,S2,Equity,Common Stock,False,exchCode 'S2' is not a US venue
CH0102993182,3,ID_ISIN,CH0102993182,8,TEL1USD,TE CONNECTIVITY LTD,X9,Equity,Common Stock,False,exchCode 'X9' is not a US venue
CH0102993182,3,ID_ISIN,CH0102993182,9,TEL11EUR,TE CONNECTIVITY LTD,X9,Equity,Common Stock,False,exchCode 'X9' is not a US venue
CH0102993182,4,yahoo_search,CH0102993182,,,,,,,False,no result
G0176J109,2,ID_ISIN,IE00BFRT3W74,1,ALLE,ALLEGION PLC,US,Equity,Common Stock,True,
G02602103,3,ID_CUSIP,G02602103,,,,,,,False,No identifier found.
G0260P102,2,ID_ISIN,KYG0260P1028,1,AS,AMER SPORTS INC,US,Equity,Common Stock,True,
G0378L100,2,ID_ISIN,GB00BRXH2664,1,AU,ANGLOGOLD ASHANTI PLC,US,Equity,Common Stock,True,
G0403H108,2,ID_ISIN,IE00BLP1HW54,1,AON,AON PLC-CLASS A,US,Equity,Common Stock,True,
G0450A105,2,ID_ISIN,BMG0450A1053,1,ACGL,ARCH CAPITAL GROUP LTD,US,Equity,Common Stock,True,
G0593M107,3,ID_CUSIP,G0593M107,,,,,,,False,No identifier found.
G06242104,2,ID_ISIN,GB00BZ09BD16,,,,,,,False,No identifier found.
G06242104,3,ID_CUSIP,G06242104,,,,,,,False,No identifier found.
G06242104,4,yahoo_search,GB00BZ09BD16,1,TEAM.MX,Atlassian Corporation,MEX,,EQUITY,False,exchange 'MEX' is not a US venue
G06973112,2,ID_ISIN,VGG069731120,1,AUGO,AURA MINERALS INC,US,Equity,Common Stock,True,
G0750C108,2,ID_ISIN,BMG0750C1082,1,AXTA,AXALTA COATING SYSTEMS LTD,US,Equity,Common Stock,True,
G11448100,3,ID_CUSIP,G11448100,,,,,,,False,No identifier found.
G1151C101,2,ID_ISIN,IE00B4BNMY34,1,ACN,ACCENTURE PLC-CL A,US,Equity,Common Stock,True,
G16169107,3,ID_CUSIP,G16169107,,,,,,,False,No identifier found.
G16910120,2,ID_ISIN,KYG169101204,1,BLSH,BULLISH,US,Equity,Common Stock,True,
G1827P106,3,ID_CUSIP,G1827P106,,,,,,,False,No identifier found.
G21082105,3,ID_CUSIP,G21082105,,,,,,,False,No identifier found.
G2131A108,3,ID_CUSIP,G2131A108,,,,,,,False,No identifier found.
G25457105,2,ID_ISIN,KYG254571055,1,CRDO,CREDO TECHNOLOGY GROUP HOLDI,US,Equity,Common Stock,True,
G29018101,3,ID_CUSIP,G29018101,,,,,,,False,No identifier found.
G29183103,2,ID_ISIN,IE00B8KQN827,1,ETN,EATON CORP PLC,US,Equity,Common Stock,True,
G3075P101,3,ID_CUSIP,G3075P101,,,,,,,False,No identifier found.
G31249108,3,ID_CUSIP,G31249108,,,,,,,False,No identifier found.
G3223R108,2,ID_ISIN,BMG3223R1088,1,EG,EVEREST GROUP LTD,US,Equity,Common Stock,True,
G3323L100,2,ID_ISIN,KYG3323L1005,1,FN,FABRINET,US,Equity,Common Stock,True,
G3421J106,2,ID_ISIN,JE00BJVNSS43,,,,,,,False,No identifier found.
G3421J106,3,ID_CUSIP,G3421J106,,,,,,,False,No identifier found.
G3421J106,4,yahoo_search,JE00BJVNSS43,,,,,,,False,no result
G3643J108,2,ID_ISIN,IE00BWT6H894,1,FLUT,FLUTTER ENTERTAINMENT PLC-DI,US,Equity,Common Stock,True,
G3730V105,2,ID_ISIN,KYG3730V1059,1,FTAI,FTAI AVIATION LTD,US,Equity,Common Stock,True,
G39108108,3,ID_CUSIP,G39108108,,,,,,,False,No identifier found.
G3922B107,2,ID_ISIN,BMG3922B1072,1,G,GENPACT LTD,US,Equity,Common Stock,True,
G39387108,2,ID_ISIN,KYG393871085,1,GFS,GLOBALFOUNDRIES INC,US,Equity,Common Stock,True,
G4253H101,2,ID_ISIN,IE000R94NGM2,1,JHX,JAMES HARDIE IND PLC,US,Equity,Common Stock,True,
G4388N106,3,ID_CUSIP,G4388N106,,,,,,,False,No identifier found.
G46188101,2,ID_ISIN,IE00BQPVQZ61,,,,,,,False,No identifier found.
G46188101,3,ID_CUSIP,G46188101,,,,,,,False,No identifier found.
G46188101,4,yahoo_search,IE00BQPVQZ61,,,,,,,False,no result
G4705A100,2,ID_ISIN,IE0005711209,1,ICLR,ICON PLC,US,Equity,Common Stock,True,
G48833118,2,ID_ISIN,IE00BLNN3691,1,WFRD,WEATHERFORD INTERNATIONAL PL,US,Equity,Common Stock,True,
G50871105,2,ID_ISIN,IE00B4Q5ZN47,1,JAZZ,JAZZ PHARMACEUTICALS PLC,US,Equity,Common Stock,True,
G51502105,2,ID_ISIN,IE00BY7QL619,1,JCI,JOHNSON CONTROLS INTERNATION,US,Equity,Common Stock,True,
G5494J103,2,ID_ISIN,IE00BZ12WP82,,,,,,,False,No identifier found.
G5494J103,3,ID_CUSIP,G5494J103,,,,,,,False,No identifier found.
G5494J103,4,yahoo_search,IE00BZ12WP82,,,,,,,False,no result
G54950103,2,ID_ISIN,IE000S9YS762,1,LIN,LINDE PLC,US,Equity,Common Stock,True,
G5960L103,3,ID_CUSIP,G5960L103,,,,,,,False,No identifier found.
G5S37H101,3,ID_CUSIP,G5S37H101,,,,,,,False,No identifier found.
G6095L109,2,ID_ISIN,JE00B783TY65,,,,,,,False,No identifier found.
G6095L109,3,ID_CUSIP,G6095L109,,,,,,,False,No identifier found.
G6095L109,4,yahoo_search,JE00B783TY65,,,,,,,False,no result
G63755105,2,ID_ISIN,IE000JMT8VI3,1,NIQ,NIQ GLOBAL INTELLIGENCE PLC,US,Equity,Common Stock,True,
G6375R107,3,ID_CUSIP,G6375R107,,,,,,,False,No identifier found.
G65163100,3,ID_CUSIP,G65163100,,,,,,,False,No identifier found.
G66721104,2,ID_ISIN,BMG667211046,1,NCLH,NORWEGIAN CRUISE LINE HOLDIN,US,Equity,Common Stock,True,
G6674U108,2,ID_ISIN,JE00BYSS4X48,1,NVCR,NOVOCURE LTD,US,Equity,Common Stock,True,
G6683N103,2,ID_ISIN,KYG6683N1034,1,NU,NU HOLDINGS LTD/CAYMAN ISL-A,US,Equity,Common Stock,True,
G6700G107,2,ID_ISIN,IE00BDVJJQ56,1,NVT,NVENT ELECTRIC PLC,US,Equity,Common Stock,True,
G7496G103,2,ID_ISIN,BMG7496G1033,1,RNR,RENAISSANCERE HOLDINGS LTD,US,Equity,Common Stock,True,
G76279101,2,ID_ISIN,BMG762791017,1,ROIV,ROIVANT SCIENCES LTD,US,Equity,Common Stock,True,
G8068L108,2,ID_ISIN,KYG8068L1086,1,SN,SHARKNINJA INC,US,Equity,Common Stock,True,
G87110105,2,ID_ISIN,GB00BDSFG982,1,FTI,TECHNIPFMC PLC,US,Equity,Common Stock,True,
G8994E103,2,ID_ISIN,IE00BK9ZQ967,1,TT,TRANE TECHNOLOGIES PLC,US,Equity,Common Stock,True,
G93A5A101,2,ID_ISIN,BMG93A5A1010,1,VIK,VIKING HOLDINGS LTD,US,Equity,Common Stock,True,
G96115103,3,ID_CUSIP,G96115103,,,,,,,False,No identifier found.
G96629103,2,ID_ISIN,IE00BDB6Q211,1,WTW,WILLIS TOWERS WATSON PLC,US,Equity,Common Stock,True,
G98239109,2,ID_ISIN,KYG982391099,1,XP,XP INC - CLASS A,US,Equity,Common Stock,True,
GB00B5BT0K07,2,ID_ISIN,GB00B5BT0K07,,,,,,,False,No identifier found.
GB00B5BT0K07,3,ID_ISIN,GB00B5BT0K07,,,,,,,False,No identifier found.
GB00B5BT0K07,4,yahoo_search,GB00B5BT0K07,1,AON,Aon plc,NYQ,,EQUITY,True,
GB00BWFY5505,2,ID_ISIN,GB00BWFY5505,,,,,,,False,No identifier found.
GB00BWFY5505,3,ID_ISIN,GB00BWFY5505,1,NLSNEUR,NIELSEN HOLDINGS PLC,XS,Equity,Common Stock,False,exchCode 'XS' is not a US venue
GB00BWFY5505,3,ID_ISIN,GB00BWFY5505,2,NLSNUSD,NIELSEN HOLDINGS PLC,XS,Equity,Common Stock,False,exchCode 'XS' is not a US venue
GB00BWFY5505,3,ID_ISIN,GB00BWFY5505,3,NLSNUSD,NIELSEN HOLDINGS PLC,X9,Equity,Common Stock,False,exchCode 'X9' is not a US venue
GB00BWFY5505,3,ID_ISIN,GB00BWFY5505,4,NLSNEUR,NIELSEN HOLDINGS PLC,X9,Equity,Common Stock,False,exchCode 'X9' is not a US venue
GB00BWFY5505,4,yahoo_search,GB00BWFY5505,,,,,,,False,no result
GB00BZ09BD16,2,ID_ISIN,GB00BZ09BD16,,,,,,,False,No identifier found.
GB00BZ09BD16,3,ID_ISIN,GB00BZ09BD16,,,,,,,False,No identifier found.
GB00BZ09BD16,4,yahoo_search,GB00BZ09BD16,1,TEAM.MX,Atlassian Corporation,MEX,,EQUITY,False,exchange 'MEX' is not a US venue
H5870P102,3,ID_CUSIP,H5870P102,,,,,,,False,No identifier found.
H5919C104,2,ID_ISIN,CH1134540470,1,ONON,ON HOLDING AG-CLASS A,US,Equity,Common Stock,True,
H82027105,3,ID_CUSIP,H82027105,,,,,,,False,No identifier found.
IE00B58JVZ52,2,ID_ISIN,IE00B58JVZ52,,,,,,,False,No identifier found.
IE00B58JVZ52,3,ID_ISIN,IE00B58JVZ52,,,,,,,False,No identifier found.
IE00B58JVZ52,4,yahoo_search,IE00B58JVZ52,,,,,,,False,no result
IE00B6330302,2,ID_ISIN,IE00B6330302,,,,,,,False,No identifier found.
IE00B6330302,3,ID_ISIN,IE00B6330302,,,,,,,False,No identifier found.
IE00B6330302,4,yahoo_search,IE00B6330302,1,IR,Ingersoll Rand Inc.,NYQ,,EQUITY,True,
IE00BQPVQZ61,2,ID_ISIN,IE00BQPVQZ61,,,,,,,False,No identifier found.
IE00BQPVQZ61,3,ID_ISIN,IE00BQPVQZ61,1,HZNPEUR,HORIZON THERAPEUTICS PLC,XS,Equity,Common Stock,False,exchCode 'XS' is not a US venue
IE00BQPVQZ61,3,ID_ISIN,IE00BQPVQZ61,2,HZNPUSD,HORIZON THERAPEUTICS PLC,XB,Equity,Common Stock,False,exchCode 'XB' is not a US venue
IE00BQPVQZ61,3,ID_ISIN,IE00BQPVQZ61,3,HZNPUSD,HORIZON THERAPEUTICS PLC,XS,Equity,Common Stock,False,exchCode 'XS' is not a US venue
IE00BQPVQZ61,3,ID_ISIN,IE00BQPVQZ61,4,HZNPN,HORIZON THERAPEUTICS PLC,MM,Equity,Common Stock,False,exchCode 'MM' is not a US venue
IE00BQPVQZ61,3,ID_ISIN,IE00BQPVQZ61,5,HZNPN,HORIZON THERAPEUTICS PLC,MU,Equity,Common Stock,False,exchCode 'MU' is not a US venue
IE00BQPVQZ61,3,ID_ISIN,IE00BQPVQZ61,6,HZNPUSD,HORIZON THERAPEUTICS PLC,X9,Equity,Common Stock,False,exchCode 'X9' is not a US venue
IE00BQPVQZ61,3,ID_ISIN,IE00BQPVQZ61,7,HZNPEUR,HORIZON THERAPEUTICS PLC,X9,Equity,Common Stock,False,exchCode 'X9' is not a US venue
IE00BQPVQZ61,4,yahoo_search,IE00BQPVQZ61,,,,,,,False,no result
IE00BY9D5467,2,ID_ISIN,IE00BY9D5467,,,,,,,False,No identifier found.
IE00BY9D5467,3,ID_ISIN,IE00BY9D5467,1,ACTEUR,ALLERGAN PLC,XS,Equity,Common Stock,False,exchCode 'XS' is not a US venue
IE00BY9D5467,3,ID_ISIN,IE00BY9D5467,2,ACTUSD,ALLERGAN PLC,XS,Equity,Common Stock,False,exchCode 'XS' is not a US venue
IE00BY9D5467,3,ID_ISIN,IE00BY9D5467,3,ACT1GBX,ALLERGAN PLC,XB,Equity,Common Stock,False,exchCode 'XB' is not a US venue
IE00BY9D5467,3,ID_ISIN,IE00BY9D5467,4,ACT1GBX,ALLERGAN PLC,XS,Equity,Common Stock,False,exchCode 'XS' is not a US venue
IE00BY9D5467,4,yahoo_search,IE00BY9D5467,,,,,,,False,no result
IE00BZ12WP82,2,ID_ISIN,IE00BZ12WP82,,,,,,,False,No identifier found.
IE00BZ12WP82,3,ID_ISIN,IE00BZ12WP82,,,,,,,False,No identifier found.
IE00BZ12WP82,4,yahoo_search,IE00BZ12WP82,,,,,,,False,no result
JE00B783TY65,2,ID_ISIN,JE00B783TY65,,,,,,,False,No identifier found.
JE00B783TY65,3,ID_ISIN,JE00B783TY65,,,,,,,False,No identifier found.
JE00B783TY65,4,yahoo_search,JE00B783TY65,,,,,,,False,no result
JE00BJ1F3079,2,ID_ISIN,JE00BJ1F3079,,,,,,,False,No identifier found.
JE00BJ1F3079,3,ID_ISIN,JE00BJ1F3079,1,AMCREUR,AMCOR PLC,X1,Equity,Common Stock,False,exchCode 'X1' is not a US venue
JE00BJ1F3079,3,ID_ISIN,JE00BJ1F3079,2,AMCRUSD,AMCOR PLC,X1,Equity,Common Stock,False,exchCode 'X1' is not a US venue
JE00BJ1F3079,3,ID_ISIN,JE00BJ1F3079,3,AMCRGBP,AMCOR PLC,X1,Equity,Common Stock,False,exchCode 'X1' is not a US venue
JE00BJ1F3079,4,yahoo_search,JE00BJ1F3079,1,AMCR,Amcor plc,NYQ,,EQUITY,True,
K08588103,2,ID_ISIN,DK0060615755,1,ASND,ASCENDIS PHARMA A/S,US,Equity,Common Stock,True,
KYG289231030,2,ID_ISIN,KYG289231030,,,,,,,False,No identifier found.
KYG289231030,3,ID_ISIN,KYG289231030,,,,,,,False,No identifier found.
KYG289231030,4,yahoo_search,KYG289231030,,,,,,,False,no result
L02235106,2,ID_ISIN,LU2369833749,1,AMBP,ARDAGH METAL PACKAGING SA,US,Equity,Common Stock,True,
L1995B107,3,ID_CUSIP,L1995B107,,,,,,,False,No identifier found.
L44385109,2,ID_ISIN,LU0974299876,1,GLOB,GLOBANT SA,US,Equity,Common Stock,True,
L6388F110,3,ID_CUSIP,L6388F110,,,,,,,False,No identifier found.
L8681T102,2,ID_ISIN,LU1778762911,1,SPOT,SPOTIFY TECHNOLOGY SA,US,Equity,Common Stock,True,
M0740A108,3,ID_CUSIP,M0740A108,,,,,,,False,No identifier found.
M2029K104,2,ID_ISIN,JE00BS44BN30,1,BIRK,BIRKENSTOCK HOLDING PLC,US,Equity,Common Stock,True,
M20791105,3,ID_CUSIP,M20791105,,,,,,,False,No identifier found.
M2197Q107,3,ID_CUSIP,M2197Q107,,,,,,,False,No identifier found.
M22465104,3,ID_CUSIP,M22465104,,,,,,,False,No identifier found.
M4R82T106,3,ID_CUSIP,M4R82T106,,,,,,,False,No identifier found.
M6191J100,3,ID_CUSIP,M6191J100,,,,,,,False,No identifier found.
M6372Q113,3,ID_CUSIP,M6372Q113,,,,,,,False,No identifier found.
M7518J104,3,ID_CUSIP,M7518J104,,,,,,,False,No identifier found.
M7S64H106,3,ID_CUSIP,M7S64H106,,,,,,,False,No identifier found.
M7S64L123,3,ID_CUSIP,M7S64L123,,,,,,,False,No identifier found.
M7S750159,3,ID_CUSIP,M7S750159,,,,,,,False,No identifier found.
M85548101,3,ID_CUSIP,M85548101,,,,,,,False,No identifier found.
M96088105,3,ID_CUSIP,M96088105,,,,,,,False,No identifier found.
M98068105,2,ID_ISIN,IL0011301780,1,WIX,WIX.COM LTD,US,Equity,Common Stock,True,
N07059210,3,ID_CUSIP,N07059210,,,,,,,False,No identifier found.
N14506104,2,ID_ISIN,NL0013056914,1,ESTC,ELASTIC NV,US,Equity,Common Stock,True,
N30577105,3,ID_CUSIP,N30577105,,,,,,,False,No identifier found.
N3167Y103,3,ID_CUSIP,N3167Y103,,,,,,,False,No identifier found.
N5749R100,3,ID_CUSIP,N5749R100,,,,,,,False,No identifier found.
N62509109,3,ID_CUSIP,N62509109,,,,,,,False,No identifier found.
N97284108,3,ID_CUSIP,N97284108,,,,,,,False,No identifier found.
NL0011031208,2,ID_ISIN,NL0011031208,,,,,,,False,No identifier found.
NL0011031208,3,ID_ISIN,NL0011031208,1,MYL,MYLAN NV,UW,Equity,Common Stock,True,
NL0011031208,3,ID_ISIN,NL0011031208,2,MYLCHF,MYLAN NV,XS,Equity,Common Stock,False,an earlier result was accepted
NL0011031208,3,ID_ISIN,NL0011031208,3,MYLEUR,MYLAN NV,XS,Equity,Common Stock,False,an earlier result was accepted
NL0011031208,3,ID_ISIN,NL0011031208,4,MYLUSD,MYLAN NV,XB,Equity,Common Stock,False,an earlier result was accepted
NL0011031208,3,ID_ISIN,NL0011031208,5,MYLUSD,MYLAN NV,XS,Equity,Common Stock,False,an earlier result was accepted
NL0011031208,3,ID_ISIN,NL0011031208,6,MYLGBP,MYLAN NV,XB,Equity,Common Stock,False,an earlier result was accepted
NL0011031208,3,ID_ISIN,NL0011031208,7,MYLGBP,MYLAN NV,XS,Equity,Common Stock,False,an earlier result was accepted
NL0011031208,3,ID_ISIN,NL0011031208,8,MYLILS,MYLAN NV,XB,Equity,Common Stock,False,an earlier result was accepted
NL0011031208,3,ID_ISIN,NL0011031208,9,MYLILS,MYLAN NV,XS,Equity,Common Stock,False,an earlier result was accepted
NL0011031208,3,ID_ISIN,NL0011031208,10,MYLUSD,MYLAN NV,XY,Equity,Common Stock,False,an earlier result was accepted
NL0011031208,3,ID_ISIN,NL0011031208,11,MYLGBP,MYLAN NV,XY,Equity,Common Stock,False,an earlier result was accepted
NL0011031208,3,ID_ISIN,NL0011031208,12,MYLILS,MYLAN NV,XY,Equity,Common Stock,False,an earlier result was accepted
NL0015436031,2,ID_ISIN,NL0015436031,,,,,,,False,No identifier found.
NL0015436031,3,ID_ISIN,NL0015436031,1,CVAC,CUREVAC NV,UP,Equity,Common Stock,True,
NL0015436031,3,ID_ISIN,NL0015436031,2,5CV,CUREVAC NV,GF,Equity,Common Stock,False,an earlier result was accepted
NL0015436031,3,ID_ISIN,NL0015436031,3,5CV,CUREVAC NV,GD,Equity,Common Stock,False,an earlier result was accepted
NL0015436031,3,ID_ISIN,NL0015436031,4,CVACEUR,CUREVAC NV,EP,Equity,Common Stock,False,an earlier result was accepted
NL0015436031,3,ID_ISIN,NL0015436031,5,CVACEUR,CUREVAC NV,XF,Equity,Common Stock,False,an earlier result was accepted
NL0015436031,3,ID_ISIN,NL0015436031,6,CVACEUR,CUREVAC NV,XE,Equity,Common Stock,False,an earlier result was accepted
NL0015436031,3,ID_ISIN,NL0015436031,7,CVACEUR,CUREVAC NV,EU,Equity,Common Stock,False,an earlier result was accepted
NL0015436031,3,ID_ISIN,NL0015436031,8,5CV,CUREVAC NV,GZ,Equity,Common Stock,False,an earlier result was accepted
NL0015436031,3,ID_ISIN,NL0015436031,9,CVACUSD,CUREVAC NV,EP,Equity,Common Stock,False,an earlier result was accepted
NL0015436031,3,ID_ISIN,NL0015436031,10,CVACUSD,CUREVAC NV,EZ,Equity,Common Stock,False,an earlier result was accepted
NL0015436031,3,ID_ISIN,NL0015436031,11,CVACUSD,CUREVAC NV,EO,Equity,Common Stock,False,an earlier result was accepted
NL0015436031,3,ID_ISIN,NL0015436031,12,CVACUSD,CUREVAC NV,XV,Equity,Common Stock,False,an earlier result was accepted
NL0015436031,3,ID_ISIN,NL0015436031,13,CVACUSD,CUREVAC NV,XQ,Equity,Common Stock,False,an earlier result was accepted
NL0015436031,3,ID_ISIN,NL0015436031,14,CVACUSD,CUREVAC NV,EU,Equity,Common Stock,False,an earlier result was accepted
NL0015436031,3,ID_ISIN,NL0015436031,15,5CV,CUREVAC NV,SW,Equity,Common Stock,False,an earlier result was accepted
NL0015436031,3,ID_ISIN,NL0015436031,16,CVAC,CUREVAC NV,AV,Equity,Common Stock,False,an earlier result was accepted
NL0015436031,3,ID_ISIN,NL0015436031,17,CVACGBP,CUREVAC NV,EP,Equity,Common Stock,False,an earlier result was accepted
NL0015436031,3,ID_ISIN,NL0015436031,18,CVACGBP,CUREVAC NV,EO,Equity,Common Stock,False,an earlier result was accepted
NL0015436031,3,ID_ISIN,NL0015436031,19,CVACGBP,CUREVAC NV,X2,Equity,Common Stock,False,an earlier result was accepted
NL0015436031,3,ID_ISIN,NL0015436031,20,CVACGBP,CUREVAC NV,XH,Equity,Common Stock,False,an earlier result was accepted
NL0015436031,3,ID_ISIN,NL0015436031,21,CVACGBP,CUREVAC NV,XF,Equity,Common Stock,False,an earlier result was accepted
NL0015436031,3,ID_ISIN,NL0015436031,22,CVACGBP,CUREVAC NV,XJ,Equity,Common Stock,False,an earlier result was accepted
NL0015436031,3,ID_ISIN,NL0015436031,23,CVACGBP,CUREVAC NV,XG,Equity,Common Stock,False,an earlier result was accepted
NL0015436031,3,ID_ISIN,NL0015436031,24,CVACGBP,CUREVAC NV,XO,Equity,Common Stock,False,an earlier result was accepted
NL0015436031,3,ID_ISIN,NL0015436031,25,CVACGBP,CUREVAC NV,E1,Equity,Common Stock,False,an earlier result was accepted
NL0015436031,3,ID_ISIN,NL0015436031,26,CVACGBP,CUREVAC NV,XT,Equity,Common Stock,False,an earlier result was accepted
NL0015436031,3,ID_ISIN,NL0015436031,27,CVACGBP,CUREVAC NV,XU,Equity,Common Stock,False,an earlier result was accepted
NL0015436031,3,ID_ISIN,NL0015436031,28,CVACGBP,CUREVAC NV,XV,Equity,Common Stock,False,an earlier result was accepted
NL0015436031,3,ID_ISIN,NL0015436031,29,CVACGBP,CUREVAC NV,XQ,Equity,Common Stock,False,an earlier result was accepted
NL0015436031,3,ID_ISIN,NL0015436031,30,CVACGBP,CUREVAC NV,XX,Equity,Common Stock,False,an earlier result was accepted
NL0015436031,3,ID_ISIN,NL0015436031,31,CVACGBP,CUREVAC NV,EU,Equity,Common Stock,False,an earlier result was accepted
NL0015436031,3,ID_ISIN,NL0015436031,32,CVACN,CUREVAC NV,MM,Equity,Common Stock,False,an earlier result was accepted
NL0015436031,3,ID_ISIN,NL0015436031,33,CVACN,CUREVAC NV,MF,Equity,Common Stock,False,an earlier result was accepted
NL0015436031,3,ID_ISIN,NL0015436031,34,5CVD,CUREVAC NV,B3,Equity,Common Stock,False,an earlier result was accepted
NL0015436031,3,ID_ISIN,NL0015436031,35,5CVD,CUREVAC NV,L3,Equity,Common Stock,False,an earlier result was accepted
NL0015436031,3,ID_ISIN,NL0015436031,36,5CVD,CUREVAC NV,L1,Equity,Common Stock,False,an earlier result was accepted
NL0015436031,3,ID_ISIN,NL0015436031,37,0A9E,CUREVAC NV,LO,Equity,Common Stock,False,an earlier result was accepted
NL0015436031,3,ID_ISIN,NL0015436031,38,5CV,CUREVAC NV,LA,Equity,Common Stock,False,an earlier result was accepted
NL0015436031,3,ID_ISIN,NL0015436031,39,5CV,CUREVAC NV,BU,Equity,Common Stock,False,an earlier result was accepted
NL0015436031,3,ID_ISIN,NL0015436031,40,1CVAC,CUREVAC NV,IM,Equity,Common Stock,False,an earlier result was accepted
NL0015436031,3,ID_ISIN,NL0015436031,41,1CVAC,CUREVAC NV,IF,Equity,Common Stock,False,an earlier result was accepted
NL0015436031,3,ID_ISIN,NL0015436031,42,1CVACM,CUREVAC NV,PO,Equity,Common Stock,False,an earlier result was accepted
NL0015436031,3,ID_ISIN,NL0015436031,43,1CVACM,CUREVAC NV,L1,Equity,Common Stock,False,an earlier result was accepted
NL0015436031,3,ID_ISIN,NL0015436031,44,1CVACM,CUREVAC NV,L3,Equity,Common Stock,False,an earlier result was accepted
NL0015436031,3,ID_ISIN,NL0015436031,45,1CVACM,CUREVAC NV,B3,Equity,Common Stock,False,an earlier result was accepted
P31076105,3,ID_CUSIP,P31076105,,,,,,,False,No identifier found.
PA1436583006,2,ID_ISIN,PA1436583006,,,,,,,False,No identifier found.
PA1436583006,3,ID_ISIN,PA1436583006,1,CCL1USD,CARNIVAL CORP,X1,Equity,Common Stock,False,exchCode 'X1' is not a US venue
PA1436583006,3,ID_ISIN,PA1436583006,2,CCL1GBX,CARNIVAL CORP,X1,Equity,Common Stock,False,exchCode 'X1' is not a US venue
PA1436583006,4,yahoo_search,PA1436583006,1,CCL1N.MX,Carnival Corporation Ltd.,MEX,,EQUITY,False,exchange 'MEX' is not a US venue
Q4982L109,2,ID_ISIN,AU0000185993,1,IREN,IREN LTD,US,Equity,Common Stock,True,
V5633W109,3,ID_CUSIP,V5633W109,,,,,,,False,No identifier found.
V7780T103,2,ID_ISIN,LR0008862868,1,RCL,ROYAL CARIBBEAN CRUISES LTD,US,Equity,Common Stock,True,
Y0547D153,3,ID_CUSIP,Y0547D153,,,,,,,False,No identifier found.
Y4600W108,3,ID_CUSIP,Y4600W108,,,,,,,False,No identifier found.
