sec_id,id_type,status,result_rank,figi,composite_figi,ticker,name,exch_code,market_sector,security_type
000360206,cusip,ok,1,BBG000C2LZP3,BBG000C2LZP3,AAON,AAON INC,US,Equity,Common Stock
000361105,cusip,ok,1,BBG000BBGQF1,BBG000BBGQF1,AIR,AAR CORP,US,Equity,Common Stock
000899104,cusip,ok,1,BBG002NCK5M5,BBG002NCK5M5,ADMA,ADMA BIOLOGICS INC,US,Equity,Common Stock
00090Q103,cusip,ok,1,BBG000BP9WJ1,BBG000BP9WJ1,ADT,ADT INC,US,Equity,Common Stock
001055102,cusip,ok,1,BBG000BBBNC6,BBG000BBBNC6,AFL,AFLAC INC,US,Equity,Common Stock
001084102,cusip,ok,1,BBG000DCCZW2,BBG000DCCZW2,AGCO,AGCO CORP,US,Equity,Common Stock
00130H105,cusip,ok,1,BBG000C23KJ3,BBG000C23KJ3,AES,AES CORP,US,Equity,Common Stock
00164V103,cusip,ok,1,BBG000H01H92,BBG000H01H92,AMCX,AMC GLOBAL MEDIA INC,US,Equity,Common Stock
001744101,cusip,ok,1,BBG000BCT197,BBG000BCT197,AMN,AMN HEALTHCARE SERVICES INC,US,Equity,Common Stock
00182C103,cusip,ok,1,BBG000KK1L04,BBG000KK1L04,ANIP,ANI PHARMACEUTICALS INC,US,Equity,Common Stock
00206R102,cusip,ok,1,BBG000BSJK37,BBG000BSJK37,T,AT&T INC,US,Equity,Common Stock
00217D100,cusip,ok,1,BBG00Q402TR2,BBG00Q402TR2,ASTS,AST SPACEMOBILE INC,US,Equity,Common Stock
00218A105,cusip,ok,1,BBG013Y062J3,BBG013Y062J3,ASPI,ASP ISOTOPES INC,US,Equity,Common Stock
00246W103,cusip,ok,1,BBG000BHZ0N5,BBG000BHZ0N5,AXTI,AXT INC,US,Equity,Common Stock
002474104,cusip,ok,1,BBG000F83JZ2,BBG000F83JZ2,AZZ,AZZ INC,US,Equity,Common Stock
002824100,cusip,ok,1,BBG000B9ZXB4,BBG000B9ZXB4,ABT,ABBOTT LABORATORIES,US,Equity,Common Stock
00287Y109,cusip,ok,1,BBG0025Y4RY4,BBG0025Y4RY4,ABBV,ABBVIE INC,US,Equity,Common Stock
00288U106,cusip,ok,1,BBG00LLW2MF2,BBG00LLW2MF2,ABCL,ABCELLERA BIOLOGICS INC,US,Equity,Common Stock
003654100,cusip,No identifier found.,,,,,,,,
004225108,cusip,ok,1,BBG000BHG9K0,BBG000BHG9K0,ACAD,ACADIA PHARMACEUTICALS INC,US,Equity,Common Stock
00434H108,cusip,No identifier found.,,,,,,,,
00486H105,cusip,ok,1,BBG0169CH7X9,BBG0169CH7X9,ADTN,ADTRAN HOLDINGS INC,US,Equity,Common Stock
00507V109,cusip,No identifier found.,,,,,,,,
00508Y102,cusip,ok,1,BBG000BJ5HK0,BBG000BJ5HK0,AYI,ACUITY INC,US,Equity,Common Stock
00650F109,cusip,ok,1,BBG001J2PFF5,BBG001J2PFF5,ADPT,ADAPTIVE BIOTECHNOLOGIES,US,Equity,Common Stock
00676P107,cusip,ok,1,BBG00RBFBL50,BBG00RBFBL50,ADEA,ADEIA INC,US,Equity,Common Stock
00724F101,cusip,ok,1,BBG000BB5006,BBG000BB5006,ADBE,ADOBE INC,US,Equity,Common Stock
00751Y106,cusip,ok,1,BBG000F7RCJ1,BBG000F7RCJ1,AAP,ADVANCE AUTO PARTS INC,US,Equity,Common Stock
00760J108,cusip,ok,1,BBG000BWM083,BBG000BWM083,AEHR,AEHR TEST SYSTEMS,US,Equity,Common Stock
00766T100,cusip,ok,1,BBG000F61RJ8,BBG000F61RJ8,ACM,AECOM,US,Equity,Common Stock
007903107,cusip,ok,1,BBG000BBQCY0,BBG000BBQCY0,AMD,ADVANCED MICRO DEVICES,US,Equity,Common Stock
00790R104,cusip,ok,1,BBG000G7CDN9,BBG000G7CDN9,WMS,ADVANCED DRAINAGE SYSTEMS IN,US,Equity,Common Stock
007973100,cusip,ok,1,BBG000FKMP26,BBG000FKMP26,AEIS,ADVANCED ENERGY INDUSTRIES,US,Equity,Common Stock
008073108,cusip,ok,1,BBG000GX14P2,BBG000GX14P2,AVAV,AEROVIRONMENT INC,US,Equity,Common Stock
008252108,cusip,ok,1,BBG000C060M4,BBG000C060M4,AMG,AFFILIATED MANAGERS GROUP,US,Equity,Common Stock
00827B106,cusip,ok,1,BBG00Y7BP8Y1,BBG00Y7BP8Y1,AFRM,AFFIRM HOLDINGS INC,US,Equity,Common Stock
00846U101,cusip,ok,1,BBG000C2V3D6,BBG000C2V3D6,A,AGILENT TECHNOLOGIES INC,US,Equity,Common Stock
00847X104,cusip,ok,1,BBG000QY4ZD0,BBG000QY4ZD0,AGIO,AGIOS PHARMACEUTICALS INC,US,Equity,Common Stock
00857U107,cusip,No identifier found.,,,,,,,,
009066101,cusip,ok,1,BBG001Y2XS07,BBG001Y2XS07,ABNB,AIRBNB INC-CLASS A,US,Equity,Common Stock
00912X302,cusip,No identifier found.,,,,,,,,
009158106,cusip,ok,1,BBG000BC4JJ4,BBG000BC4JJ4,APD,AIR PRODUCTS & CHEMICALS INC,US,Equity,Common Stock
00971T101,cusip,ok,1,BBG000BJQWD2,BBG000BJQWD2,AKAM,AKAMAI TECHNOLOGIES INC,US,Equity,Common Stock
01021M104,cusip,ok,1,BBG00ZQS8KZ1,BBG00ZQS8KZ1,AKTS,AKTIS ONCOLOGY INC,US,Equity,Common Stock
011642105,cusip,ok,1,BBG007GNPYY7,BBG007GNPYY7,ALRM,ALARM.COM HOLDINGS INC,US,Equity,Common Stock
011659109,cusip,ok,1,BBG000BBL0Y1,BBG000BBL0Y1,ALK,ALASKA AIR GROUP INC,US,Equity,Common Stock
012653101,cusip,ok,1,BBG000BJ26K7,BBG000BJ26K7,ALB,ALBEMARLE CORP,US,Equity,Common Stock
013091103,cusip,ok,1,BBG009KG1750,BBG009KG1750,ACI,ALBERTSONS COS INC - CLASS A,US,Equity,Common Stock
013872106,cusip,ok,1,BBG00B3T3HD3,BBG00B3T3HD3,AA,ALCOA CORP,US,Equity,Common Stock
015271109,cusip,ok,1,BBG000BC33T9,BBG000BC33T9,ARE,ALEXANDRIA REAL ESTATE EQUIT,US,Equity,REIT
015351109,cusip,No identifier found.,,,,,,,,
01609W102,cusip,ok,1,BBG006G2JVL2,BBG006G2JVL2,BABA,ALIBABA GROUP HOLDING-SP ADR,US,Equity,ADR
016255101,cusip,ok,1,BBG000BRNLL2,BBG000BRNLL2,ALGN,ALIGN TECHNOLOGY INC,US,Equity,Common Stock
01626W101,cusip,No identifier found.,,,,,,,,
01644J108,cusip,ok,1,BBG005HTCT54,BBG005HTCT54,ALKT,ALKAMI TECHNOLOGY INC,US,Equity,Common Stock
017175100,cusip,No identifier found.,,,,,,,,
01741R102,cusip,ok,1,BBG000LC1FS4,BBG000LC1FS4,ATI,ATI INC,US,Equity,Common Stock
01749D105,cusip,ok,1,BBG00H5S8391,BBG00H5S8391,ALGM,ALLEGRO MICROSYSTEMS INC,US,Equity,Common Stock
018581108,cusip,ok,1,BBG000BFNR17,BBG000BFNR17,BFH,BREAD FINANCIAL HOLDINGS INC,US,Equity,Common Stock
01862Q107,cusip,ok,1,BBG000P6B087,BBG000P6B087,ALH,ALLIANCE LAUNDRY HOLDINGS IN,US,Equity,Common Stock
018802108,cusip,ok,1,BBG000DW4Q75,BBG000DW4Q75,LNT,ALLIANT ENERGY CORP,US,Equity,Common Stock
01973R101,cusip,ok,1,BBG001KY3845,BBG001KY3845,ALSN,ALLISON TRANSMISSION HOLDING,US,Equity,Common Stock
020002101,cusip,ok,1,BBG000BVMGF2,BBG000BVMGF2,ALL,ALLSTATE CORP,US,Equity,Common Stock
02005N100,cusip,ok,1,BBG000BC2R71,BBG000BC2R71,ALLY,ALLY FINANCIAL INC,US,Equity,Common Stock
020398707,cusip,ok,1,BBG004KGNV81,BBG004KGNV81,ALM,ALMONTY INDUSTRIES INC,US,Equity,Common Stock
02043Q107,cusip,ok,1,BBG000BFGNJ5,BBG000BFGNJ5,ALNY,ALNYLAM PHARMACEUTICALS INC,US,Equity,Common Stock
02079K107,cusip,ok,1,BBG009S3NB30,BBG009S3NB30,GOOG,ALPHABET INC-CL C,US,Equity,Common Stock
02079K305,cusip,ok,1,BBG009S39JX6,BBG009S39JX6,GOOGL,ALPHABET INC-CL A,US,Equity,Common Stock
02081G201,cusip,ok,1,BBG000BBM7Y5,BBG000BBM7Y5,ATEC,ALPHATEC HOLDINGS INC,US,Equity,Common Stock
021369103,cusip,No identifier found.,,,,,,,,
02156B103,cusip,No identifier found.,,,,,,,,
02156K103,cusip,ok,1,BBG00GFMPRK0,BBG00GFMPRK0,OPTU,OPTIMUM COMMUNICATIONS INC-A,US,Equity,Common Stock
02157Q109,cusip,ok,1,BBG00WYFS6R5,BBG00WYFS6R5,ANRO,ALTO NEUROSCIENCE INC,US,Equity,Common Stock
02209S103,cusip,ok,1,BBG000BP6LJ8,BBG000BP6LJ8,MO,ALTRIA GROUP INC,US,Equity,Common Stock
023135106,cusip,ok,1,BBG000BVPV84,BBG000BVPV84,AMZN,AMAZON.COM INC,US,Equity,Common Stock
023436108,cusip,No identifier found.,,,,,,,,
023586100,cusip,ok,1,BBG000BCFXT0,BBG000BCFXT0,UHAL,U-HAUL HOLDING CO,US,Equity,Common Stock
023586506,cusip,ok,1,BBG01B6SGB59,BBG01B6SGB59,UHAL/B,U-HAUL HOLDING CO-NON VOTING,US,Equity,Common Stock
023608102,cusip,ok,1,BBG000B9X8C0,BBG000B9X8C0,AEE,AMEREN CORPORATION,US,Equity,Common Stock
02376R102,cusip,ok,1,BBG005P7Q881,BBG005P7Q881,AAL,AMERICAN AIRLINES GROUP INC,US,Equity,Common Stock
023939101,cusip,ok,1,BBG01NY7B734,BBG01NY7B734,AMTM,AMENTUM HOLDINGS INC,US,Equity,Common Stock
025537101,cusip,ok,1,BBG000BB9KF2,BBG000BB9KF2,AEP,AMERICAN ELECTRIC POWER,US,Equity,Common Stock
025816109,cusip,ok,1,BBG000BCQZS4,BBG000BCQZS4,AXP,AMERICAN EXPRESS CO,US,Equity,Common Stock
02665T306,cusip,ok,1,BBG003NXJNH6,BBG003NXJNH6,AMH,AMERICAN HOMES 4 RENT- A,US,Equity,REIT
026874784,cusip,ok,1,BBG000BBDZG3,BBG000BBDZG3,AIG,AMERICAN INTERNATIONAL GROUP,US,Equity,Common Stock
02913V103,cusip,ok,1,BBG000RVD346,BBG000RVD346,APEI,AMERICAN PUBLIC EDUCATION,US,Equity,Common Stock
030111207,cusip,ok,1,BBG000CP3D44,BBG000CP3D44,AMSC,AMERICAN SUPERCONDUCTOR CORP,US,Equity,Common Stock
03027X100,cusip,ok,1,BBG000B9XYV2,BBG000B9XYV2,AMT,AMERICAN TOWER CORP,US,Equity,REIT
030420103,cusip,ok,1,BBG000TRJ294,BBG000TRJ294,AWK,AMERICAN WATER WORKS CO INC,US,Equity,Common Stock
03044L105,cusip,No identifier found.,,,,,,,,
03064D108,cusip,ok,1,BBG000QF05R6,BBG000QF05R6,COLD,AMERICOLD REALTY TRUST INC,US,Equity,REIT
03073E105,cusip,ok,1,BBG000MDCQC2,BBG000MDCQC2,COR,CENCORA INC,US,Equity,Common Stock
03076C106,cusip,ok,1,BBG000G3QLY3,BBG000G3QLY3,AMP,AMERIPRISE FINANCIAL INC,US,Equity,Common Stock
031100100,cusip,ok,1,BBG000B9XG87,BBG000B9XG87,AME,AMETEK INC,US,Equity,Common Stock
031162100,cusip,ok,1,BBG000BBS2Y0,BBG000BBS2Y0,AMGN,AMGEN INC,US,Equity,Common Stock
032095101,cusip,ok,1,BBG000B9YJ35,BBG000B9YJ35,APH,AMPHENOL CORP-CL A,US,Equity,Common Stock
03214Q108,cusip,ok,1,BBG019MBDC63,BBG019MBDC63,AMPX,AMPRIUS TECHNOLOGIES INC,US,Equity,Common Stock
032654105,cusip,ok,1,BBG000BB6G37,BBG000BB6G37,ADI,ANALOG DEVICES INC,US,Equity,Common Stock
03272L108,cusip,No identifier found.,,,,,,,,
03589W102,cusip,ok,1,BBG007QVDFG2,BBG007QVDFG2,ANNX,ANNEXON INC,US,Equity,Common Stock
03662Q105,cusip,No identifier found.,,,,,,,,
03674X106,cusip,ok,1,BBG000PW5VX1,BBG000PW5VX1,AR,ANTERO RESOURCES CORP,US,Equity,Common Stock
036752103,cusip,ok,1,BBG000BCG930,BBG000BCG930,ELV,ELEVANCE HEALTH INC,US,Equity,Common Stock
03676B102,cusip,ok,1,BBG00GBNZ4M0,BBG00GBNZ4M0,AM,ANTERO MIDSTREAM CORP,US,Equity,Common Stock
037411105,cusip,No identifier found.,,,,,,,,
03743Q108,cusip,ok,1,BBG00YTS96G2,BBG00YTS96G2,APA,APA CORP,US,Equity,Common Stock
03748R754,cusip,No identifier found.,,,,,,,,
03750L109,cusip,No identifier found.,,,,,,,,
03753U106,cusip,No identifier found.,,,,,,,,
03768E105,cusip,No identifier found.,,,,,,,,
03769M106,cusip,ok,1,BBG00ZNLTFK3,BBG00ZNLTFK3,APO,APOLLO GLOBAL MANAGEMENT INC,US,Equity,Common Stock
03782L101,cusip,ok,1,BBG001C7PMJ2,BBG001C7PMJ2,APPN,APPIAN CORP-A,US,Equity,Common Stock
037833100,cusip,ok,1,BBG000B9XRY4,BBG000B9XRY4,AAPL,APPLE INC,US,Equity,Common Stock
03783C100,cusip,ok,1,BBG008GC8CP6,BBG008GC8CP6,APPF,APPFOLIO INC - A,US,Equity,Common Stock
038169207,cusip,ok,1,BBG000DSJYS8,BBG000DSJYS8,APLD,APPLIED DIGITAL CORP,US,Equity,Common Stock
03820C105,cusip,ok,1,BBG000BBHHP9,BBG000BBHHP9,AIT,APPLIED INDUSTRIAL TECH INC,US,Equity,Common Stock
038222105,cusip,ok,1,BBG000BBPFB9,BBG000BBPFB9,AMAT,APPLIED MATERIALS INC,US,Equity,Common Stock
03823U102,cusip,ok,1,BBG000D6VW15,BBG000D6VW15,AAOI,APPLIED OPTOELECTRONICS INC,US,Equity,Common Stock
03831W108,cusip,ok,1,BBG006HFPX77,BBG006HFPX77,APP,APPLOVIN CORP-CLASS A,US,Equity,Common Stock
038336103,cusip,ok,1,BBG000BGX2S0,BBG000BGX2S0,ATR,APTARGROUP INC,US,Equity,Common Stock
03945R102,cusip,ok,1,BBG00XRTC910,BBG00XRTC910,ACHR,ARCHER AVIATION INC-A,US,Equity,Common Stock
039483102,cusip,ok,1,BBG000BB6WG8,BBG000BB6WG8,ADM,ARCHER-DANIELS-MIDLAND CO,US,Equity,Common Stock
03965L100,cusip,No identifier found.,,,,,,,,
03990B101,cusip,ok,1,BBG0068KVV91,BBG0068KVV91,ARES,ARES MANAGEMENT CORP - A,US,Equity,Common Stock
04010E109,cusip,ok,1,BBG000K4J3T0,BBG000K4J3T0,AGX,ARGAN INC,US,Equity,Common Stock
040413106,cusip,No identifier found.,,,,,,,,
040413205,cusip,ok,1,BBG000N2HDY5,BBG000N2HDY5,ANET,ARISTA NETWORKS INC,US,Equity,Common Stock
04206A101,cusip,ok,1,BBG00K88DTH3,BBG00K88DTH3,ARLO,ARLO TECHNOLOGIES INC,US,Equity,Common Stock
04247X102,cusip,ok,1,BBG000DW4LB1,BBG000DW4LB1,AWI,ARMSTRONG WORLD INDUSTRIES,US,Equity,Common Stock
04271T100,cusip,ok,1,BBG001V4SF46,BBG001V4SF46,ARRY,ARRAY TECHNOLOGIES INC,US,Equity,Common Stock
042735100,cusip,ok,1,BBG000BCD3D5,BBG000BCD3D5,ARW,ARROW ELECTRONICS INC,US,Equity,Common Stock
04280A100,cusip,ok,1,BBG000BRVKH0,BBG000BRVKH0,ARWR,ARROWHEAD PHARMACEUTICALS IN,US,Equity,Common Stock
04351P101,cusip,No identifier found.,,,,,,,,
045327103,cusip,No identifier found.,,,,,,,,
04621X108,cusip,ok,1,BBG000BZX1N5,BBG000BZX1N5,AIZ,ASSURANT INC,US,Equity,Common Stock
046224101,cusip,ok,1,BBG000BCHZL1,BBG000BCHZL1,ASTE,ASTEC INDUSTRIES INC,US,Equity,Common Stock
04626A103,cusip,ok,1,BBG00TDKHW99,BBG00TDKHW99,ALAB,ASTERA LABS INC,US,Equity,Common Stock
046433108,cusip,ok,1,BBG000BCLBY5,BBG000BCLBY5,ATRO,ASTRONICS CORP,US,Equity,Common Stock
049468101,cusip,ok,1,BBG01BGWHFR5,BBG01BGWHFR5,TEAM,ATLASSIAN CORP-CL A,US,Equity,Common Stock
049560105,cusip,ok,1,BBG000BRNGM2,BBG000BRNGM2,ATO,ATMOS ENERGY CORP,US,Equity,Common Stock
051774107,cusip,ok,1,BBG00Z92Y6X1,BBG00Z92Y6X1,AUR,AURORA INNOVATION INC,US,Equity,Common Stock
052769106,cusip,ok,1,BBG000BM7HL0,BBG000BM7HL0,ADSK,AUTODESK INC,US,Equity,Common Stock
05278C107,cusip,ok,1,BBG005JYTDQ5,BBG005JYTDQ5,ATHM,AUTOHOME INC-ADR,US,Equity,ADR
053015103,cusip,ok,1,BBG000JG0547,BBG000JG0547,ADP,AUTOMATIC DATA PROCESSING,US,Equity,Common Stock
053332102,cusip,ok,1,BBG000C7LMS8,BBG000C7LMS8,AZO,AUTOZONE INC,US,Equity,Common Stock
05338G106,cusip,No identifier found.,,,,,,,,
053484101,cusip,No identifier found.,,,,,,,,
05352A100,cusip,ok,1,BBG00G2HHYD7,BBG00G2HHYD7,AVTR,AVANTOR INC,US,Equity,Common Stock
053611109,cusip,ok,1,BBG000BCQ4P6,BBG000BCQ4P6,AVY,AVERY DENNISON CORP,US,Equity,Common Stock
053774105,cusip,ok,1,BBG000FLPRH1,BBG000FLPRH1,CAR,AVIS BUDGET GROUP INC,US,Equity,Common Stock
05464C101,cusip,ok,1,BBG000BHJWG1,BBG000BHJWG1,AXON,AXON ENTERPRISE INC,US,Equity,Common Stock
05464T104,cusip,ok,1,BBG00B6G7GL7,BBG00B6G7GL7,AXSM,AXSOME THERAPEUTICS INC,US,Equity,Common Stock
05465C100,cusip,ok,1,BBG000QPHD08,BBG000QPHD08,AX,AXOS FINANCIAL INC,US,Equity,Common Stock
05478C105,cusip,No identifier found.,,,,,,,,
054937107,cusip,No identifier found.,,,,,,,,
05550J101,cusip,ok,1,BBG00FQ8T4G3,BBG00FQ8T4G3,BJ,BJ'S WHOLESALE CLUB HOLDINGS,US,Equity,Common Stock
05605H100,cusip,ok,1,BBG000D86F25,BBG000D86F25,BWXT,BWX TECHNOLOGIES INC,US,Equity,Common Stock
05614L209,cusip,ok,1,BBG007H0TDK3,BBG007H0TDK3,BW,BABCOCK & WILCOX ENTERPR,US,Equity,Common Stock
05637B105,cusip,ok,1,BBG0037X6HX3,BBG0037X6HX3,BLZE,BACKBLAZE INC-A,US,Equity,Common Stock
056752108,cusip,ok,1,BBG000QXWHD1,BBG000QXWHD1,BIDU,BAIDU INC - SPON ADR,US,Equity,ADR
05722G100,cusip,ok,1,BBG00GBVBK51,BBG00GBVBK51,BKR,BAKER HUGHES CO,US,Equity,Common Stock
058498106,cusip,ok,1,BBG000BDDNH5,BBG000BDDNH5,BALL,BALL CORP,US,Equity,Common Stock
060505104,cusip,ok,1,BBG000BCTLF6,BBG000BCTLF6,BAC,BANK OF AMERICA CORP,US,Equity,Common Stock
064058100,cusip,ok,1,BBG000BD8PN9,BBG000BD8PN9,BNY,BANK OF NEW YORK MELLON CORP,US,Equity,Common Stock
068463108,cusip,ok,1,BBG000BHJSC4,BBG000BHJSC4,BBSI,BARRETT BUSINESS SVCS INC,US,Equity,Common Stock
070830104,cusip,ok,1,BBG000BNGTQ7,BBG000BNGTQ7,BBWI,BATH & BODY WORKS INC,US,Equity,Common Stock
071813109,cusip,ok,1,BBG000BCVJ77,BBG000BCVJ77,BAX,BAXTER INTERNATIONAL INC,US,Equity,Common Stock
07373V105,cusip,ok,1,BBG00KXC8646,BBG00KXC8646,BEAM,BEAM THERAPEUTICS INC,US,Equity,Common Stock
075887109,cusip,ok,1,BBG000BCZYD3,BBG000BCZYD3,BDX,BECTON DICKINSON AND CO,US,Equity,Common Stock
077347300,cusip,ok,1,BBG000DYGCS6,BBG000DYGCS6,BELFB,BEL FUSE INC-CL B,US,Equity,Common Stock
077454106,cusip,ok,1,BBG000Q4XNV1,BBG000Q4XNV1,BDC,BELDEN INC,US,Equity,Common Stock
08265T208,cusip,ok,1,BBG000BMSRR9,BBG000BMSRR9,BSY,BENTLEY SYSTEMS INC-CLASS B,US,Equity,Common Stock
084310101,cusip,No identifier found.,,,,,,,,
084423102,cusip,ok,1,BBG000BD1HP2,BBG000BD1HP2,WRB,WR BERKLEY CORP,US,Equity,Common Stock
084670108,cusip,ok,1,BBG000DWCFL4,BBG000DWCFL4,BRK/A,BERKSHIRE HATHAWAY INC-CL A,US,Equity,Common Stock
084670702,cusip,ok,1,BBG000DWG505,BBG000DWG505,BRK/B,BERKSHIRE HATHAWAY INC-CL B,US,Equity,Common Stock
08579W103,cusip,No identifier found.,,,,,,,,
086516101,cusip,ok,1,BBG000BCWCG1,BBG000BCWCG1,BBY,BEST BUY CO INC,US,Equity,Common Stock
08774B508,cusip,ok,1,BBG0103VG6N0,BBG0103VG6N0,BETR,BETTER HOME & FINANCE HOLDIN,US,Equity,Common Stock
08862E109,cusip,No identifier found.,,,,,,,,
08975P108,cusip,ok,1,BBG00W1PSSJ0,BBG00W1PSSJ0,CMRC,COMMERCE.COM INC,US,Equity,Common Stock
090043100,cusip,ok,1,BBG00QVJV6V4,BBG00QVJV6V4,BILL,BILL HOLDINGS INC,US,Equity,Common Stock
090168105,cusip,ok,1,BBG00NR7JXT0,BBG00NR7JXT0,BLLN,BILLIONTOONE INC CL A,US,Equity,Common Stock
090572207,cusip,ok,1,BBG000DY28W5,BBG000DY28W5,BIO,BIO-RAD LABORATORIES-A,US,Equity,Common Stock
09061G101,cusip,ok,1,BBG000CZWZ05,BBG000CZWZ05,BMRN,BIOMARIN PHARMACEUTICAL INC,US,Equity,Common Stock
09062X103,cusip,ok,1,BBG000C17X76,BBG000C17X76,BIIB,BIOGEN INC,US,Equity,Common Stock
09073M104,cusip,ok,1,BBG000C15114,BBG000C15114,TECH,BIO-TECHNE CORP,US,Equity,Common Stock
09215C105,cusip,No identifier found.,,,,,,,,
09227Q100,cusip,ok,1,BBG000BGGTW5,BBG000BGGTW5,BLKB,BLACKBAUD INC,US,Equity,Common Stock
09239B109,cusip,ok,1,BBG0029KJVB0,BBG0029KJVB0,BL,BLACKLINE INC,US,Equity,Common Stock
09247X101,cusip,No identifier found.,,,,,,,,
09260D107,cusip,ok,1,BBG000BH0106,BBG000BH0106,BX,BLACKSTONE INC,US,Equity,Common Stock
09263B207,cusip,ok,1,BBG00QRY6P33,BBG00QRY6P33,BKSY,BLACKSKY TECHNOLOGY INC,US,Equity,Common Stock
09290D101,cusip,ok,1,BBG01PSW2WN4,BBG01PSW2WN4,BLK,BLACKROCK INC,US,Equity,Common Stock
093671105,cusip,ok,1,BBG000BLDV98,BBG000BLDV98,HRB,H&R BLOCK INC,US,Equity,Common Stock
093712107,cusip,ok,1,BBG000N7KBZ3,BBG000N7KBZ3,BE,BLOOM ENERGY CORP- A,US,Equity,Common Stock
09581B103,cusip,ok,1,BBG00XV417R8,BBG00XV417R8,OWL,BLUE OWL CAPITAL INC,US,Equity,Common Stock
09609G100,cusip,No identifier found.,,,,,,,,
097023105,cusip,ok,1,BBG000BCSST7,BBG000BCSST7,BA,BOEING CO/THE,US,Equity,Common Stock
09857L108,cusip,ok,1,BBG000BLBVN4,BBG000BLBVN4,BKNG,BOOKING HOLDINGS INC,US,Equity,Common Stock
099502106,cusip,ok,1,BBG000R2YFG7,BBG000R2YFG7,BAH,BOOZ ALLEN HAMILTON HOLDINGS,US,Equity,Common Stock
099724106,cusip,ok,1,BBG000BJ49H3,BBG000BJ49H3,BWA,BORGWARNER INC,US,Equity,Common Stock
100557107,cusip,ok,1,BBG000BCZBF1,BBG000BCZBF1,SAM,BOSTON BEER COMPANY INC-A,US,Equity,Common Stock
101044105,cusip,ok,1,BBG0021J73K6,BBG0021J73K6,BOC,BOSTON OMAHA CORP-CL A,US,Equity,Common Stock
101121101,cusip,ok,1,BBG000BS5CM9,BBG000BS5CM9,BXP,BXP INC,US,Equity,REIT
101137107,cusip,ok,1,BBG000C0LW92,BBG000C0LW92,BSX,BOSTON SCIENTIFIC CORP,US,Equity,Common Stock
103002101,cusip,ok,1,BBG003BPV1Q0,BBG003BPV1Q0,BWMN,BOWMAN CONSULTING GROUP LTD,US,Equity,Common Stock
103304101,cusip,ok,1,BBG000BHX9P6,BBG000BHX9P6,BYD,BOYD GAMING CORP,US,Equity,Common Stock
10806X102,cusip,ok,1,BBG00P9KDZK6,BBG00P9KDZK6,BBIO,BRIDGEBIO PHARMA INC,US,Equity,Common Stock
109194100,cusip,ok,1,BBG003LFWP05,BBG003LFWP05,BFAM,BRIGHT HORIZONS FAMILY SOLUT,US,Equity,Common Stock
10922N103,cusip,ok,1,BBG00DYPZ4T0,BBG00DYPZ4T0,BHF,BRIGHTHOUSE FINANCIAL INC,US,Equity,Common Stock
109504100,cusip,ok,1,BBG012C7HQM5,BBG012C7HQM5,BRLT,BRILLIANT EARTH GROUP INC-A,US,Equity,Common Stock
110122108,cusip,ok,1,BBG000DQLV23,BBG000DQLV23,BMY,BRISTOL-MYERS SQUIBB CO,US,Equity,Common Stock
11040G103,cusip,ok,1,BBG001YH8PR9,BBG001YH8PR9,VTOL,BRISTOW GROUP INC,US,Equity,Common Stock
11133T103,cusip,ok,1,BBG000PPFKQ7,BBG000PPFKQ7,BR,BROADRIDGE FINANCIAL SOLUTIO,US,Equity,Common Stock
11135F101,cusip,ok,1,BBG00KHY5S69,BBG00KHY5S69,AVGO,BROADCOM INC,US,Equity,Common Stock
112463104,cusip,ok,1,BBG000J4L211,BBG000J4L211,BKD,BROOKDALE SENIOR LIVING INC,US,Equity,Common Stock
112585104,cusip,No identifier found.,,,,,,,,
11271J107,cusip,ok,1,BBG000C9KL89,BBG000C9KL89,BN,BROOKFIELD CORP,US,Equity,Common Stock
11282X103,cusip,No identifier found.,,,,,,,,
11284V105,cusip,No identifier found.,,,,,,,,
113004105,cusip,ok,1,BBG01BPHNXZ3,BBG01BPHNXZ3,BAM,BROOKFIELD ASSET MGMT-A,US,Equity,Common Stock
114340102,cusip,ok,1,BBG000DX9JV7,BBG000DX9JV7,AZTA,AZENTA INC,US,Equity,Common Stock
115236101,cusip,ok,1,BBG000BWSGF4,BBG000BWSGF4,BRO,BROWN & BROWN INC,US,Equity,Common Stock
115637100,cusip,ok,1,BBG000BD2C18,BBG000BD2C18,BF/A,BROWN-FORMAN CORP-CLASS A,US,Equity,Common Stock
115637209,cusip,ok,1,BBG000BD2NY8,BBG000BD2NY8,BF/B,BROWN-FORMAN CORP-CLASS B,US,Equity,Common Stock
116794108,cusip,ok,1,BBG000CL1FG7,BBG000CL1FG7,BRKR,BRUKER CORP,US,Equity,Common Stock
117043109,cusip,ok,1,BBG000BCWSS3,BBG000BCWSS3,BC,BRUNSWICK CORP,US,Equity,Common Stock
12008R107,cusip,ok,1,BBG000BKD3K9,BBG000BKD3K9,BLDR,BUILDERS FIRSTSOURCE INC,US,Equity,Common Stock
12047B105,cusip,ok,1,BBG00Z6RF483,BBG00Z6RF483,BMBL,BUMBLE INC-A,US,Equity,Common Stock
122017106,cusip,ok,1,BBG004S641N5,BBG004S641N5,BURL,BURLINGTON STORES INC,US,Equity,Common Stock
124155102,cusip,ok,1,BBG00TN65975,BBG00TN65975,BFLY,BUTTERFLY NETWORK INC,US,Equity,Common Stock
12468P104,cusip,ok,1,BBG00Y6G6X31,BBG00Y6G6X31,AI,C3.AI INC-A,US,Equity,Common Stock
124857202,cusip,No identifier found.,,,,,,,,
12503M108,cusip,ok,1,BBG000QH56C1,BBG000QH56C1,CBOE,CBOE GLOBAL MARKETS INC,US,Equity,Common Stock
12504L109,cusip,ok,1,BBG000C04224,BBG000C04224,CBRE,CBRE GROUP INC - A,US,Equity,Common Stock
12508E101,cusip,No identifier found.,,,,,,,,
12510Q100,cusip,ok,1,BBG00WNSJM49,BBG00WNSJM49,CCC,CCC INTELLIGENT SOLUTIONS HO,US,Equity,Common Stock
125141101,cusip,ok,1,BBG000BFG2J1,BBG000BFG2J1,CECO,CECO ENVIRONMENTAL CORP,US,Equity,Common Stock
12514G108,cusip,ok,1,BBG001P63B80,BBG001P63B80,CDW,CDW CORP/DE,US,Equity,Common Stock
125269100,cusip,ok,1,BBG000BWJFZ4,BBG000BWJFZ4,CF,CF INDUSTRIES HOLDINGS INC,US,Equity,Common Stock
12541W209,cusip,ok,1,BBG000BTCH57,BBG000BTCH57,CHRW,C.H. ROBINSON WORLDWIDE INC,US,Equity,Common Stock
125523100,cusip,ok,1,BBG00KXRCDP0,BBG00KXRCDP0,CI,THE CIGNA GROUP,US,Equity,Common Stock
125581801,cusip,No identifier found.,,,,,,,,
12572Q105,cusip,ok,1,BBG000BHLYP4,BBG000BHLYP4,CME,CME GROUP INC,US,Equity,Common Stock
125896100,cusip,ok,1,BBG000BFVXX0,BBG000BFVXX0,CMS,CMS ENERGY CORP,US,Equity,Common Stock
126408103,cusip,ok,1,BBG000BGJRC8,BBG000BGJRC8,CSX,CSX CORP,US,Equity,Common Stock
126650100,cusip,ok,1,BBG000BGRY34,BBG000BGRY34,CVS,CVS HEALTH CORP,US,Equity,Common Stock
12685J105,cusip,ok,1,BBG000F02T51,BBG000F02T51,CABO,CABLE ONE INC,US,Equity,Common Stock
127097103,cusip,ok,1,BBG000C3GN47,BBG000C3GN47,CTRA,COTERRA ENERGY INC,US,Equity,Common Stock
127190304,cusip,ok,1,BBG000KQY8Y7,BBG000KQY8Y7,CACI,CACI INTERNATIONAL INC -CL A,US,Equity,Common Stock
127387108,cusip,ok,1,BBG000C13CD9,BBG000C13CD9,CDNS,CADENCE DESIGN SYS INC,US,Equity,Common Stock
12769G100,cusip,ok,1,BBG0074Q3NK6,BBG0074Q3NK6,CZR,CAESARS ENTERTAINMENT INC,US,Equity,Common Stock
131193104,cusip,ok,1,BBG000CPCVY1,BBG000CPCVY1,CALY,CALLAWAY GOLF COMPANY,US,Equity,Common Stock
133131102,cusip,ok,1,BBG000BB0V03,BBG000BB0V03,CPT,CAMDEN PROPERTY TRUST,US,Equity,REIT
13321L108,cusip,ok,1,BBG000DSZTN6,BBG000DSZTN6,CCJ,CAMECO CORP,US,Equity,Common Stock
134429109,cusip,ok,1,BBG000BG4202,BBG000BG4202,CPB,THE CAMPBELL'S COMPANY,US,Equity,Common Stock
136635109,cusip,ok,1,BBG000K1J931,BBG000K1J931,CSIQ,CANADIAN SOLAR INC,US,Equity,Common Stock
138098108,cusip,No identifier found.,,,,,,,,
14040H105,cusip,ok,1,BBG000BGKTF9,BBG000BGKTF9,COF,CAPITAL ONE FINANCIAL CORP,US,Equity,Common Stock
14149Y108,cusip,ok,1,BBG000D898T9,BBG000D898T9,CAH,CARDINAL HEALTH INC,US,Equity,Common Stock
14154A102,cusip,ok,1,BBG01YV6DT44,BBG01YV6DT44,CDNL,CARDINAL INFRASTRUCTURE GR-A,US,Equity,Common Stock
142152107,cusip,ok,1,BBG00255V2N4,BBG00255V2N4,CAI,CARIS LIFE SCIENCES INC,US,Equity,Common Stock
142339100,cusip,ok,1,BBG000BGGBT8,BBG000BGGBT8,CSL,CARLISLE COS INC,US,Equity,Common Stock
143130102,cusip,ok,1,BBG000BLMZK6,BBG000BLMZK6,KMX,CARMAX INC,US,Equity,Common Stock
14316J108,cusip,ok,1,BBG000BH3F20,BBG000BH3F20,CG,CARLYLE GROUP INC/THE,US,Equity,Common Stock
143658300,cusip,No identifier found.,,,,,,,,
144285103,cusip,ok,1,BBG000BGCQT9,BBG000BGCQT9,CRS,CARPENTER TECHNOLOGY,US,Equity,Common Stock
14448C104,cusip,ok,1,BBG00RP5HYS8,BBG00RP5HYS8,CARR,CARRIER GLOBAL CORP,US,Equity,Common Stock
146229109,cusip,ok,1,BBG000CTM4J9,BBG000CTM4J9,CRI,CARTER'S INC,US,Equity,Common Stock
146869102,cusip,ok,1,BBG00GCTWDJ3,BBG00GCTWDJ3,CVNA,CARVANA CO,US,Equity,Common Stock
147528103,cusip,ok,1,BBG000BF0672,BBG000BF0672,CASY,CASEY'S GENERAL STORES INC,US,Equity,Common Stock
148806102,cusip,No identifier found.,,,,,,,,
148929102,cusip,ok,1,BBG00GBR8753,BBG00GBR8753,CAVA,CAVA GROUP INC,US,Equity,Common Stock
149123101,cusip,ok,1,BBG000BF0K17,BBG000BF0K17,CAT,CATERPILLAR INC,US,Equity,Common Stock
150870103,cusip,ok,1,BBG000JYP7L8,BBG000JYP7L8,CE,CELANESE CORP,US,Equity,Common Stock
151020104,cusip,No identifier found.,,,,,,,,
15102K100,cusip,ok,1,BBG00HKBW045,BBG00HKBW045,CELC,CELCUITY INC,US,Equity,Common Stock
15118V207,cusip,ok,1,BBG000NY37X4,BBG000NY37X4,CELH,CELSIUS HOLDINGS INC,US,Equity,Common Stock
15135B101,cusip,ok,1,BBG000BDXCJ5,BBG000BDXCJ5,CNC,CENTENE CORP,US,Equity,Common Stock
15189T107,cusip,ok,1,BBG000FDBX90,BBG000FDBX90,CNP,CENTERPOINT ENERGY INC,US,Equity,Common Stock
154760409,cusip,ok,1,BBG000BG4LG3,BBG000BG4LG3,CPF,CENTRAL PACIFIC FINANCIAL CO,US,Equity,Common Stock
155038201,cusip,ok,1,BBG00JNMX8W5,BBG00JNMX8W5,CEPU,CENTRAL PUERTO-SPONSORED ADR,US,Equity,ADR
156700106,cusip,No identifier found.,,,,,,,,
15677J108,cusip,No identifier found.,,,,,,,,
156782104,cusip,No identifier found.,,,,,,,,
15687V109,cusip,ok,1,BBG00Y7BR4K3,BBG00Y7BR4K3,CERT,CERTARA INC,US,Equity,Common Stock
15872M104,cusip,No identifier found.,,,,,,,,
15912K100,cusip,No identifier found.,,,,,,,,
15961R105,cusip,No identifier found.,,,,,,,,
159864107,cusip,ok,1,BBG000BG5BL8,BBG000BG5BL8,CRL,CHARLES RIVER LABORATORIES,US,Equity,Common Stock
16119P108,cusip,ok,1,BBG000VPGNR2,BBG000VPGNR2,CHTR,CHARTER COMMUNICATIONS INC-A,US,Equity,Common Stock
163072101,cusip,ok,1,BBG000CS8TM8,BBG000CS8TM8,CAKE,CHEESECAKE FACTORY INC/THE,US,Equity,Common Stock
163086101,cusip,ok,1,BBG001MFW6D6,BBG001MFW6D6,CHEF,CHEFS' WAREHOUSE INC/THE,US,Equity,Common Stock
163092109,cusip,ok,1,BBG0014XR0N5,BBG0014XR0N5,CHGG,CHEGG INC,US,Equity,Common Stock
16359R103,cusip,ok,1,BBG000C19QW1,BBG000C19QW1,CHE,CHEMED CORP,US,Equity,Common Stock
163851108,cusip,ok,1,BBG005H82GB2,BBG005H82GB2,CC,CHEMOURS CO/THE,US,Equity,Common Stock
16411R208,cusip,ok,1,BBG000C3HSR0,BBG000C3HSR0,LNG,CHENIERE ENERGY INC,US,Equity,Common Stock
165167735,cusip,ok,1,BBG00Z6DX554,BBG00Z6DX554,EXE,EXPAND ENERGY CORP,US,Equity,Common Stock
166764100,cusip,ok,1,BBG000K4ND22,BBG000K4ND22,CVX,CHEVRON CORP,US,Equity,Common Stock
16679L109,cusip,ok,1,BBG00P19DKZ6,BBG00P19DKZ6,CHWY,CHEWY INC - CLASS A,US,Equity,Common Stock
16935C109,cusip,ok,1,BBG00QK4M9M3,BBG00QK4M9M3,CHYM,CHIME FINANCIAL INC-CL A,US,Equity,Common Stock
169656105,cusip,ok,1,BBG000QX74T1,BBG000QX74T1,CMG,CHIPOTLE MEXICAN GRILL INC,US,Equity,Common Stock
169905106,cusip,ok,1,BBG000BPBTL2,BBG000BPBTL2,CHH,CHOICE HOTELS INTL INC,US,Equity,Common Stock
171340102,cusip,ok,1,BBG000BFJT36,BBG000BFJT36,CHD,CHURCH & DWIGHT CO INC,US,Equity,Common Stock
171484108,cusip,ok,1,BBG000BGXMG9,BBG000BGXMG9,CHDN,CHURCHILL DOWNS INC,US,Equity,Common Stock
171779309,cusip,ok,1,BBG000BP1152,BBG000BP1152,CIEN,CIENA CORP,US,Equity,Common Stock
171798101,cusip,No identifier found.,,,,,,,,
172062101,cusip,ok,1,BBG000BFPK65,BBG000BFPK65,CINF,CINCINNATI FINANCIAL CORP,US,Equity,Common Stock
172573107,cusip,ok,1,BBG01T61V2V3,BBG01T61V2V3,CRCL,CIRCLE INTERNET GROUP INC,US,Equity,Common Stock
17275R102,cusip,ok,1,BBG000C3J3C9,BBG000C3J3C9,CSCO,CISCO SYSTEMS INC,US,Equity,Common Stock
172908105,cusip,ok,1,BBG000H3YXF8,BBG000H3YXF8,CTAS,CINTAS CORP,US,Equity,Common Stock
172967424,cusip,ok,1,BBG000FY4S11,BBG000FY4S11,C,CITIGROUP INC,US,Equity,Common Stock
174610105,cusip,ok,1,BBG006Q0HY77,BBG006Q0HY77,CFG,CITIZENS FINANCIAL GROUP,US,Equity,Common Stock
177376100,cusip,No identifier found.,,,,,,,,
17888H103,cusip,No identifier found.,,,,,,,,
184496107,cusip,ok,1,BBG000BFRRX8,BBG000BFRRX8,CLH,CLEAN HARBORS INC,US,Equity,Common Stock
18453H106,cusip,ok,1,BBG000SSC5C9,BBG000SSC5C9,CCO,CLEAR CHANNEL OUTDOOR HOLDIN,US,Equity,Common Stock
18467V109,cusip,ok,1,BBG011C0FS40,BBG011C0FS40,YOU,CLEAR SECURE INC -CLASS A,US,Equity,Common Stock
185123106,cusip,No identifier found.,,,,,,,,
185899101,cusip,ok,1,BBG000BFRF55,BBG000BFRF55,CLF,CLEVELAND-CLIFFS INC,US,Equity,Common Stock
189054109,cusip,ok,1,BBG000BFS7D3,BBG000BFS7D3,CLX,CLOROX COMPANY,US,Equity,Common Stock
18915M107,cusip,ok,1,BBG001WMKHH5,BBG001WMKHH5,NET,CLOUDFLARE INC - CLASS A,US,Equity,Common Stock
191098102,cusip,ok,1,BBG000BG1SX2,BBG000BG1SX2,COKE,COCA-COLA CONSOLIDATED INC,US,Equity,Common Stock
191216100,cusip,ok,1,BBG000BMX289,BBG000BMX289,KO,COCA-COLA CO/THE,US,Equity,Common Stock
192422103,cusip,ok,1,BBG000BPBVW5,BBG000BPBVW5,CGNX,COGNEX CORP,US,Equity,Common Stock
192446102,cusip,ok,1,BBG000BBDV81,BBG000BBDV81,CTSH,COGNIZANT TECH SOLUTIONS-A,US,Equity,Common Stock
192479103,cusip,No identifier found.,,,,,,,,
19247G107,cusip,ok,1,BBG000BLW102,BBG000BLW102,COHR,COHERENT CORP,US,Equity,Common Stock
19260Q107,cusip,ok,1,BBG00ZGF7771,BBG00ZGF7771,COIN,COINBASE GLOBAL INC -CLASS A,US,Equity,Common Stock
194162103,cusip,ok,1,BBG000BFQYY3,BBG000BFQYY3,CL,COLGATE-PALMOLIVE CO,US,Equity,Common Stock
194693107,cusip,ok,1,BBG000BN6P22,BBG000BN6P22,CIGI,COLLIERS INTL GR-SUBORD VOT,US,Equity,Common Stock
19626G108,cusip,No identifier found.,,,,,,,,
198516106,cusip,ok,1,BBG000BKKQ84,BBG000BKKQ84,COLM,COLUMBIA SPORTSWEAR CO,US,Equity,Common Stock
199908104,cusip,ok,1,BBG000BWN2Y9,BBG000BWN2Y9,FIX,COMFORT SYSTEMS USA INC,US,Equity,Common Stock
20030N101,cusip,ok,1,BBG000BFT2L4,BBG000BFT2L4,CMCSA,COMCAST CORP-CLASS A,US,Equity,Common Stock
200340107,cusip,ok,1,BBG000C75N77,BBG000C75N77,CMA,COMERICA INC,US,Equity,Common Stock
20337X109,cusip,ok,1,BBG004LTL7L2,BBG004LTL7L2,VISN,VISTANCE NETWORKS INC,US,Equity,Common Stock
204166102,cusip,ok,1,BBG000BG88X9,BBG000BG88X9,CVLT,COMMVAULT SYSTEMS INC,US,Equity,Common Stock
20459V105,cusip,ok,1,BBG00XTTT297,BBG00XTTT297,GPGI,GPGI INC,US,Equity,Common Stock
205887102,cusip,ok,1,BBG000BDXGP9,BBG000BDXGP9,CAG,CONAGRA BRANDS INC,US,Equity,Common Stock
20605P101,cusip,No identifier found.,,,,,,,,
20717M103,cusip,No identifier found.,,,,,,,,
20825C104,cusip,ok,1,BBG000BQQH30,BBG000BQQH30,COP,CONOCOPHILLIPS,US,Equity,Common Stock
209115104,cusip,ok,1,BBG000BHLYS1,BBG000BHLYS1,ED,CONSOLIDATED EDISON INC,US,Equity,Common Stock
21036P108,cusip,ok,1,BBG000J1QLT0,BBG000J1QLT0,STZ,CONSTELLATION BRANDS INC-A,US,Equity,Common Stock
21037T109,cusip,ok,1,BBG014KFRNP7,BBG014KFRNP7,CEG,CONSTELLATION ENERGY,US,Equity,Common Stock
21044C107,cusip,ok,1,BBG00KK0CFX9,BBG00KK0CFX9,ROAD,CONSTRUCTION PARTNERS INC-A,US,Equity,Common Stock
212015101,cusip,No identifier found.,,,,,,,,
216648402,cusip,No identifier found.,,,,,,,,
216648501,cusip,ok,1,BBG000BG3445,BBG000BG3445,COO,COOPER COS INC/THE,US,Equity,Common Stock
21676P103,cusip,ok,1,BBG000PSXT64,BBG000PSXT64,CPS,COOPER-STANDARD HOLDING,US,Equity,Common Stock
217204106,cusip,ok,1,BBG000BM9RH1,BBG000BM9RH1,CPRT,COPART INC,US,Equity,Common Stock
218352102,cusip,ok,1,BBG000BKJG33,BBG000BKJG33,CORT,CORCEPT THERAPEUTICS INC,US,Equity,Common Stock
21870Q105,cusip,No identifier found.,,,,,,,,
21871D103,cusip,No identifier found.,,,,,,,,
21873S108,cusip,ok,1,BBG011ZTRJ21,BBG011ZTRJ21,CRWV,COREWEAVE INC-CL A,US,Equity,Common Stock
21874C102,cusip,ok,1,BBG01163K2X0,BBG01163K2X0,CNM,CORE & MAIN INC-CLASS A,US,Equity,Common Stock
219350105,cusip,ok,1,BBG000BKFZM4,BBG000BKFZM4,GLW,CORNING INC,US,Equity,Common Stock
219948106,cusip,ok,1,BBG000GPXKX9,BBG000GPXKX9,CPAY,CORPAY INC,US,Equity,Common Stock
22052L104,cusip,ok,1,BBG00BN969C1,BBG00BN969C1,CTVA,CORTEVA INC,US,Equity,Common Stock
22160K105,cusip,ok,1,BBG000F6H8W8,BBG000F6H8W8,COST,COSTCO WHOLESALE CORP,US,Equity,Common Stock
22160N109,cusip,ok,1,BBG000D7JKW9,BBG000D7JKW9,CSGP,COSTAR GROUP INC,US,Equity,Common Stock
222070203,cusip,ok,1,BBG000F395V1,BBG000F395V1,COTY,COTY INC-CL A,US,Equity,Common Stock
22266L106,cusip,No identifier found.,,,,,,,,
22266T109,cusip,ok,1,BBG00XMJRPQ8,BBG00XMJRPQ8,CPNG,COUPANG INC,US,Equity,Common Stock
22284P105,cusip,ok,1,BBG000DNYKG5,BBG000DNYKG5,CVLG,COVENANT LOGISTICS GROUP INC,US,Equity,Common Stock
22410J106,cusip,ok,1,BBG000BF33K1,BBG000BF33K1,CBRL,CRACKER BARREL OLD COUNTRY,US,Equity,Common Stock
225310101,cusip,ok,1,BBG000CS0D96,BBG000CS0D96,CACC,CREDIT ACCEPTANCE CORP,US,Equity,Common Stock
225447101,cusip,No identifier found.,,,,,,,,
227046109,cusip,ok,1,BBG000BLY663,BBG000BLY663,CROX,CROCS INC,US,Equity,Common Stock
22788C105,cusip,ok,1,BBG00BLYKS03,BBG00BLYKS03,CRWD,CROWDSTRIKE HOLDINGS INC - A,US,Equity,Common Stock
22822V101,cusip,ok,1,BBG000FV1Z23,BBG000FV1Z23,CCI,CROWN CASTLE INC,US,Equity,REIT
228368106,cusip,ok,1,BBG000BF6756,BBG000BF6756,CCK,CROWN HOLDINGS INC,US,Equity,Common Stock
228903100,cusip,ok,1,BBG000BMLVJ6,BBG000BMLVJ6,AORT,ARTIVION INC,US,Equity,Common Stock
231021106,cusip,ok,1,BBG000BGPTV6,BBG000BGPTV6,CMI,CUMMINS INC,US,Equity,Common Stock
231561101,cusip,ok,1,BBG000BGSPS5,BBG000BGSPS5,CW,CURTISS-WRIGHT CORP,US,Equity,Common Stock
23282W605,cusip,ok,1,BBG000F0R4N9,BBG000F0R4N9,CYTK,CYTOKINETICS INC,US,Equity,Common Stock
23292B104,cusip,ok,1,BBG0118LTKW0,BBG0118LTKW0,HEPS,D-MARKET ELECTRONIC SERV-ADR,US,Equity,ADR
23331A109,cusip,ok,1,BBG000DQTXY6,BBG000DQTXY6,DHI,DR HORTON INC,US,Equity,Common Stock
233331107,cusip,ok,1,BBG000BB29X4,BBG000BB29X4,DTE,DTE ENERGY COMPANY,US,Equity,Common Stock
23355L106,cusip,ok,1,BBG00FN64XT9,BBG00FN64XT9,DXC,DXC TECHNOLOGY CO,US,Equity,Common Stock
235851102,cusip,ok,1,BBG000BH3JF8,BBG000BH3JF8,DHR,DANAHER CORP,US,Equity,Common Stock
237194105,cusip,ok,1,BBG000BBNYF6,BBG000BBNYF6,DRI,DARDEN RESTAURANTS INC,US,Equity,Common Stock
237266101,cusip,ok,1,BBG000BN8ZK8,BBG000BN8ZK8,DAR,DARLING INGREDIENTS INC,US,Equity,Common Stock
23804L103,cusip,ok,1,BBG003NJHZT9,BBG003NJHZT9,DDOG,DATADOG INC - CLASS A,US,Equity,Common Stock
23821D100,cusip,No identifier found.,,,,,,,,
23834J201,cusip,ok,1,BBG00Z483VQ0,BBG00Z483VQ0,DAVE,DAVE INC,US,Equity,Common Stock
23918K108,cusip,ok,1,BBG000MQ1SN9,BBG000MQ1SN9,DVA,DAVITA INC,US,Equity,Common Stock
243537107,cusip,ok,1,BBG000BKXYX5,BBG000BKXYX5,DECK,DECKERS OUTDOOR CORP,US,Equity,Common Stock
244199105,cusip,ok,1,BBG000BH1NH9,BBG000BH1NH9,DE,DEERE & CO,US,Equity,Common Stock
24477E103,cusip,ok,1,BBG01282ZJM7,BBG01282ZJM7,DH,DEFINITIVE HEALTHCARE CORP,US,Equity,Common Stock
24703L202,cusip,ok,1,BBG00DW3SZS1,BBG00DW3SZS1,DELL,DELL TECHNOLOGIES -C,US,Equity,Common Stock
247361702,cusip,ok,1,BBG000R7Z112,BBG000R7Z112,DAL,DELTA AIR LINES INC,US,Equity,Common Stock
248019101,cusip,ok,1,BBG000BH6360,BBG000BH6360,DLX,DELUXE CORP,US,Equity,Common Stock
24823R105,cusip,ok,1,BBG008P7F869,BBG008P7F869,DNLI,DENALI THERAPEUTICS INC,US,Equity,Common Stock
24906P109,cusip,ok,1,BBG000BX57K1,BBG000BX57K1,XRAY,DENTSPLY SIRONA INC,US,Equity,Common Stock
249906108,cusip,ok,1,BBG000CRQW34,BBG000CRQW34,DSGX,DESCARTES SYSTEMS GRP/THE,US,Equity,Common Stock
25179M103,cusip,ok,1,BBG000BBVJZ8,BBG000BBVJZ8,DVN,DEVON ENERGY CORP,US,Equity,Common Stock
252131107,cusip,ok,1,BBG000QTF8K1,BBG000QTF8K1,DXCM,DEXCOM INC,US,Equity,Common Stock
25278X109,cusip,ok,1,BBG002PHSYX9,BBG002PHSYX9,FANG,DIAMONDBACK ENERGY INC,US,Equity,Common Stock
252828108,cusip,ok,1,BBG00FB2NPZ0,BBG00FB2NPZ0,DNTH,DIANTHUS THERAPEUTICS INC,US,Equity,Common Stock
253393102,cusip,ok,1,BBG000F6ZWH2,BBG000F6ZWH2,DKS,DICK'S SPORTING GOODS INC,US,Equity,Common Stock
253868103,cusip,ok,1,BBG000Q5ZRM7,BBG000Q5ZRM7,DLR,DIGITAL REALTY TRUST INC,US,Equity,REIT
25400Q105,cusip,ok,1,BBG011744HH0,BBG011744HH0,DJT,TRUMP MEDIA & TECHNOLOGY GRO,US,Equity,Common Stock
25401T108,cusip,No identifier found.,,,,,,,,
25401T603,cusip,No identifier found.,,,,,,,,
25402D102,cusip,ok,1,BBG00ZGF6SS3,BBG00ZGF6SS3,DOCN,DIGITALOCEAN HOLDINGS INC,US,Equity,Common Stock
254687106,cusip,ok,1,BBG000BH4R78,BBG000BH4R78,DIS,WALT DISNEY CO/THE,US,Equity,Common Stock
254709108,cusip,No identifier found.,,,,,,,,
25470F104,cusip,No identifier found.,,,,,,,,
25470F302,cusip,No identifier found.,,,,,,,,
25470M109,cusip,No identifier found.,,,,,,,,
256086109,cusip,ok,1,BBG00YB8JBK8,BBG00YB8JBK8,DCGO,DOCGO INC,US,Equity,Common Stock
256163106,cusip,ok,1,BBG000N7KJX8,BBG000N7KJX8,DOCU,DOCUSIGN INC,US,Equity,Common Stock
25659T107,cusip,ok,1,BBG000DGLTG5,BBG000DGLTG5,DLB,DOLBY LABORATORIES INC-CL A,US,Equity,Common Stock
256677105,cusip,ok,1,BBG000NV1KK7,BBG000NV1KK7,DG,DOLLAR GENERAL CORP,US,Equity,Common Stock
256746108,cusip,ok,1,BBG000BSC0K9,BBG000BSC0K9,DLTR,DOLLAR TREE INC,US,Equity,Common Stock
25746U109,cusip,ok,1,BBG000BGVW60,BBG000BGVW60,D,DOMINION ENERGY INC,US,Equity,Common Stock
25754A201,cusip,ok,1,BBG000P458P3,BBG000P458P3,DPZ,DOMINO'S PIZZA INC,US,Equity,Common Stock
257651109,cusip,ok,1,BBG000BGZP70,BBG000BGZP70,DCI,DONALDSON CO INC,US,Equity,Common Stock
25809K105,cusip,ok,1,BBG005D7QCJ3,BBG005D7QCJ3,DASH,DOORDASH INC - A,US,Equity,Common Stock
25862V105,cusip,ok,1,BBG00ZNRRJM2,BBG00ZNRRJM2,DV,DOUBLEVERIFY HOLDINGS INC,US,Equity,Common Stock
260003108,cusip,ok,1,BBG000BHB3M6,BBG000BHB3M6,DOV,DOVER CORP,US,Equity,Common Stock
260557103,cusip,ok,1,BBG00BN96922,BBG00BN96922,DOW,DOW INC,US,Equity,Common Stock
26142R104,cusip,No identifier found.,,,,,,,,
26142V105,cusip,ok,1,BBG0134WCM78,BBG0134WCM78,DKNG,DRAFTKINGS INC-CL A,US,Equity,Common Stock
26210C104,cusip,ok,1,BBG0018SLDN0,BBG0018SLDN0,DBX,DROPBOX INC-CLASS A,US,Equity,Common Stock
26210V102,cusip,ok,1,BBG00YN8NCD6,BBG00YN8NCD6,DRVN,DRIVEN BRANDS HOLDINGS INC,US,Equity,Common Stock
264120106,cusip,No identifier found.,,,,,,,,
264411505,cusip,No identifier found.,,,,,,,,
26441C204,cusip,ok,1,BBG000BHGDH5,BBG000BHGDH5,DUK,DUKE ENERGY CORP,US,Equity,Common Stock
26484T106,cusip,No identifier found.,,,,,,,,
265504100,cusip,No identifier found.,,,,,,,,
26603R106,cusip,ok,1,BBG003D4V951,BBG003D4V951,DUOL,DUOLINGO,US,Equity,Common Stock
26614N102,cusip,No identifier found.,,,,,,,,
26614N201,cusip,ok,1,BBG00BN961G4,BBG00BN961G4,DD,DUPONT DE NEMOURS INC,US,Equity,Common Stock
26622P107,cusip,ok,1,BBG0026ZJQX7,BBG0026ZJQX7,DOCS,DOXIMITY INC-CLASS A,US,Equity,Common Stock
26701L100,cusip,ok,1,BBG01282ZHB3,BBG01282ZHB3,BROS,DUTCH BROS INC-CLASS A,US,Equity,Common Stock
267475101,cusip,ok,1,BBG000C4SKT1,BBG000C4SKT1,DY,DYCOM INDUSTRIES INC,US,Equity,Common Stock
268150109,cusip,ok,1,BBG00PNN7C40,BBG00PNN7C40,DT,DYNATRACE INC,US,Equity,Common Stock
26856L103,cusip,ok,1,BBG00DQ6VYP3,BBG00DQ6VYP3,ELF,ELF BEAUTY INC,US,Equity,Common Stock
268603107,cusip,ok,1,BBG000LC2VD4,BBG000LC2VD4,LOCO,EL POLLO LOCO HOLDINGS INC,US,Equity,Common Stock
26875P101,cusip,ok,1,BBG000BZ9223,BBG000BZ9223,EOG,EOG RESOURCES INC,US,Equity,Common Stock
26884L109,cusip,ok,1,BBG000BHZ5J9,BBG000BHZ5J9,EQT,EQT CORP,US,Equity,Common Stock
269246401,cusip,No identifier found.,,,,,,,,
26969P108,cusip,ok,1,BBG000BJW241,BBG000BJW241,EXP,EAGLE MATERIALS INC,US,Equity,Common Stock
277432100,cusip,ok,1,BBG000BLW530,BBG000BLW530,EMN,EASTMAN CHEMICAL CO,US,Equity,Common Stock
278642103,cusip,ok,1,BBG000C43RR5,BBG000C43RR5,EBAY,EBAY INC,US,Equity,Common Stock
278768106,cusip,ok,1,BBG000TGLV00,BBG000TGLV00,ECHO,ECHOSTAR CORP-A,US,Equity,Common Stock
278865100,cusip,ok,1,BBG000BHKYH4,BBG000BHKYH4,ECL,ECOLAB INC,US,Equity,Common Stock
281020107,cusip,ok,1,BBG000D7RKJ5,BBG000D7RKJ5,EIX,EDISON INTERNATIONAL,US,Equity,Common Stock
28176E108,cusip,ok,1,BBG000BRXP69,BBG000BRXP69,EW,EDWARDS LIFESCIENCES CORP,US,Equity,Common Stock
282564103,cusip,ok,1,BBG00T0XRJ75,BBG00T0XRJ75,EIKN,EIKON THERAPEUTICS INC,US,Equity,Common Stock
285512109,cusip,No identifier found.,,,,,,,,
28618M106,cusip,ok,1,BBG005C4XHR3,BBG005C4XHR3,ESI,ELEMENT SOLUTIONS INC,US,Equity,Common Stock
29082A107,cusip,ok,1,BBG000BG3TV0,BBG000BG3TV0,EMBJ,EMBRAER SA-SPON ADR,US,Equity,ADR
29082K105,cusip,ok,1,BBG014L7D4G1,BBG014L7D4G1,EMBC,EMBECTA CORP,US,Equity,Common Stock
29084Q100,cusip,ok,1,BBG000BBRPL4,BBG000BBRPL4,EME,EMCOR GROUP INC,US,Equity,Common Stock
291011104,cusip,ok,1,BBG000BHX7N2,BBG000BHX7N2,EMR,EMERSON ELECTRIC CO,US,Equity,Common Stock
29109X106,cusip,No identifier found.,,,,,,,,
29260V105,cusip,ok,1,BBG00LBLBBJ7,BBG00LBLBBJ7,DAVA,ENDAVA PLC- SPON ADR,US,Equity,ADR
29261A100,cusip,ok,1,BBG000BGBRG2,BBG000BGBRG2,EHC,ENCOMPASS HEALTH CORP,US,Equity,Common Stock
29272W109,cusip,ok,1,BBG006FCB019,BBG006FCB019,ENR,ENERGIZER HOLDINGS INC,US,Equity,Common Stock
29355A107,cusip,ok,1,BBG001R3MNY9,BBG001R3MNY9,ENPH,ENPHASE ENERGY INC,US,Equity,Common Stock
293594107,cusip,ok,1,BBG00YC53854,BBG00YC53854,ENVX,ENOVIX CORP,US,Equity,Common Stock
29362U104,cusip,ok,1,BBG000CTV4N4,BBG000CTV4N4,ENTG,ENTEGRIS INC,US,Equity,Common Stock
29364G103,cusip,ok,1,BBG000C1FQS9,BBG000C1FQS9,ETR,ENTERGY CORP,US,Equity,Common Stock
29382R107,cusip,ok,1,BBG000BTNV54,BBG000BTNV54,EVC,ENTRAVISION COMMUNICATIONS-A,US,Equity,Common Stock
29404K106,cusip,No identifier found.,,,,,,,,
29414B104,cusip,ok,1,BBG000MHTV89,BBG000MHTV89,EPAM,EPAM SYSTEMS INC,US,Equity,Common Stock
29415B103,cusip,No identifier found.,,,,,,,,
29415C101,cusip,ok,1,BBG00V1KJ6F5,BBG00V1KJ6F5,EOSE,EOS ENERGY ENTERPRISES INC,US,Equity,Common Stock
29415F104,cusip,ok,1,BBG00LN4B5N0,BBG00LN4B5N0,NVST,ENVISTA HOLDINGS CORP,US,Equity,Common Stock
294429105,cusip,ok,1,BBG000BHPL78,BBG000BHPL78,EFX,EQUIFAX INC,US,Equity,Common Stock
29444U700,cusip,ok,1,BBG000MBDGM6,BBG000MBDGM6,EQIX,EQUINIX INC,US,Equity,REIT
29452E101,cusip,ok,1,BBG00J7CBVW8,BBG00J7CBVW8,EQH,EQUITABLE HOLDINGS INC,US,Equity,Common Stock
294600101,cusip,No identifier found.,,,,,,,,
29472R108,cusip,ok,1,BBG000BB7SX7,BBG000BB7SX7,ELS,EQUITY LIFESTYLE PROPERTIES,US,Equity,REIT
29476L107,cusip,ok,1,BBG000BG8M31,BBG000BG8M31,VMRK,VIVMARK RESIDENTIAL,US,Equity,REIT
29530P102,cusip,ok,1,BBG000BBTJZ1,BBG000BBTJZ1,ERIE,ERIE INDEMNITY COMPANY-CL A,US,Equity,Common Stock
296006109,cusip,ok,1,BBG00J09YMM8,BBG00J09YMM8,ERO,ERO COPPER CORP,US,Equity,Common Stock
29664W105,cusip,No identifier found.,,,,,,,,
29667J101,cusip,ok,1,BBG003BCFHX4,BBG003BCFHX4,ESQ,ESQUIRE FINANCIAL HOLDINGS I,US,Equity,Common Stock
297178105,cusip,ok,1,BBG000CGJMB9,BBG000CGJMB9,ESS,ESSEX PROPERTY TRUST INC,US,Equity,REIT
29772L108,cusip,ok,1,BBG00H0KCMV1,BBG00H0KCMV1,ETON,ETON PHARMACEUTICALS INC,US,Equity,Common Stock
29786A106,cusip,ok,1,BBG000N7MXL8,BBG000N7MXL8,ETSY,ETSY INC,US,Equity,Common Stock
298736109,cusip,ok,1,BBG000BMNBY1,BBG000BMNBY1,EEFT,EURONET WORLDWIDE INC,US,Equity,Common Stock
29977A105,cusip,ok,1,BBG000BP30Y0,BBG000BP30Y0,EVR,EVERCORE INC - A,US,Equity,Common Stock
29978A104,cusip,No identifier found.,,,,,,,,
30034W106,cusip,ok,1,BBG00H433CR2,BBG00H433CR2,EVRG,EVERGY INC,US,Equity,Common Stock
30040P103,cusip,ok,1,BBG000J187K0,BBG000J187K0,EVTC,EVERTEC INC,US,Equity,Common Stock
30040W108,cusip,ok,1,BBG000BQ87N0,BBG000BQ87N0,ES,EVERSOURCE ENERGY,US,Equity,Common Stock
30041R108,cusip,ok,1,BBG00F17NDH7,BBG00F17NDH7,EVER,EVERQUOTE INC - CLASS A,US,Equity,Common Stock
300426103,cusip,ok,1,BBG01M600X00,BBG01M600X00,ECG,EVERUS CONSTRUCTION GROUP,US,Equity,Common Stock
30063P105,cusip,No identifier found.,,,,,,,,
30161N101,cusip,ok,1,BBG000J6XT05,BBG000J6XT05,EXC,EXELON CORP,US,Equity,Common Stock
30161Q104,cusip,ok,1,BBG000BQ4WF8,BBG000BQ4WF8,EXEL,EXELIXIS INC,US,Equity,Common Stock
302081104,cusip,ok,1,BBG000NS3P30,BBG000NS3P30,EXLS,EXLSERVICE HOLDINGS INC,US,Equity,Common Stock
30212P303,cusip,ok,1,BBG000QY3XZ2,BBG000QY3XZ2,EXPE,EXPEDIA GROUP INC,US,Equity,Common Stock
302130109,cusip,ok,1,BBG000BJ5GK2,BBG000BJ5GK2,EXPD,EXPEDITORS INTL WASH INC,US,Equity,Common Stock
30214U102,cusip,ok,1,BBG000F31Z34,BBG000F31Z34,EXPO,EXPONENT INC,US,Equity,Common Stock
30225T102,cusip,ok,1,BBG000PV27K3,BBG000PV27K3,EXR,EXTRA SPACE STORAGE INC,US,Equity,REIT
30231G102,cusip,No identifier found.,,,,,,,,
302445101,cusip,No identifier found.,,,,,,,,
302491303,cusip,ok,1,BBG000BJP882,BBG000BJP882,FMC,FMC CORP,US,Equity,Common Stock
30260D103,cusip,ok,1,BBG004SK5VL9,BBG004SK5VL9,FIGS,FIGS INC-CLASS A,US,Equity,Common Stock
302941109,cusip,ok,1,BBG000K88H58,BBG000K88H58,FCN,FTI CONSULTING INC,US,Equity,Common Stock
30303M102,cusip,ok,1,BBG000MM2P62,BBG000MM2P62,META,META PLATFORMS INC-CLASS A,US,Equity,Common Stock
303075105,cusip,ok,1,BBG000BDJL83,BBG000BDJL83,FDS,FACTSET RESEARCH SYSTEMS INC,US,Equity,Common Stock
303250104,cusip,ok,1,BBG000DW76Y6,BBG000DW76Y6,FICO,FAIR ISAAC CORP,US,Equity,Common Stock
30744W107,cusip,ok,1,BBG00LSD4456,BBG00LSD4456,FTCHQ,FARFETCH LTD-CLASS A,US,Equity,Common Stock
31188V100,cusip,ok,1,BBG004NLQHL0,BBG004NLQHL0,FSLY,FASTLY INC - CLASS A,US,Equity,Common Stock
311900104,cusip,ok,1,BBG000BJ8YN7,BBG000BJ8YN7,FAST,FASTENAL CO,US,Equity,Common Stock
313745101,cusip,ok,1,BBG000BJVN28,BBG000BJVN28,FRT,FEDERAL REALTY INVS TRUST,US,Equity,REIT
313747206,cusip,No identifier found.,,,,,,,,
31428X106,cusip,ok,1,BBG000BJF1Z8,BBG000BJF1Z8,FDX,FEDEX CORP,US,Equity,Common Stock
314352105,cusip,ok,1,BBG01ZPB91C4,BBG01ZPB91C4,FDXF,FEDEX FREIGHT HOLDING CO,US,Equity,Common Stock
31488V107,cusip,ok,1,BBG01NMRD768,BBG01NMRD768,FERG,FERGUSON ENTERPRISES INC,US,Equity,Common Stock
315616102,cusip,ok,1,BBG000CXYSZ6,BBG000CXYSZ6,FFIV,F5 INC,US,Equity,Common Stock
316092857,cusip,ok,1,BBG008229880,BBG008229880,FREL,FIDELITY MSCI RL EST INDX,US,Equity,ETP
31620M106,cusip,ok,1,BBG000BK2F42,BBG000BK2F42,FIS,FIDELITY NATIONAL INFO SERV,US,Equity,Common Stock
316773100,cusip,ok,1,BBG000BJL3N0,BBG000BJL3N0,FITB,FIFTH THIRD BANCORP,US,Equity,Common Stock
31816Q101,cusip,No identifier found.,,,,,,,,
31816X106,cusip,ok,1,BBG00NGNL3X5,BBG00NGNL3X5,FLY,FIREFLY AEROSPACE INC,US,Equity,Common Stock
31946M103,cusip,ok,1,BBG000BJCDS3,BBG000BJCDS3,FCNCA,FIRST CITIZENS BCSHS  -CL A,US,Equity,Common Stock
33616C100,cusip,ok,1,BBG0019LSQ49,BBG0019LSQ49,FRCB,FIRST REPUBLIC BANK/CA,US,Equity,Common Stock
336433107,cusip,ok,1,BBG000BFL116,BBG000BFL116,FSLR,FIRST SOLAR INC,US,Equity,Common Stock
337344105,cusip,ok,1,BBG000F9KBH8,BBG000F9KBH8,QQEW,FIRST TR NASDAQ-100 SEL EQ,US,Equity,ETP
33767E202,cusip,ok,1,BBG0093MWSL8,BBG0093MWSL8,FSV,FIRSTSERVICE CORP,US,Equity,Common Stock
337738108,cusip,ok,1,BBG000BJKPG0,BBG000BJKPG0,FISV,FISERV INC,US,Equity,Common Stock
337932107,cusip,ok,1,BBG000BB6M98,BBG000BB6M98,FE,FIRSTENERGY CORP,US,Equity,Common Stock
33829M101,cusip,ok,1,BBG001636CR2,BBG001636CR2,FIVE,FIVE BELOW,US,Equity,Common Stock
338307101,cusip,ok,1,BBG001KHJM17,BBG001KHJM17,FIVN,FIVE9 INC,US,Equity,Common Stock
339041105,cusip,No identifier found.,,,,,,,,
339750101,cusip,ok,1,BBG007GJ2F81,BBG007GJ2F81,FND,FLOOR & DECOR HOLDINGS INC-A,US,Equity,Common Stock
343389409,cusip,ok,1,BBG000C3TFS4,BBG000C3TFS4,FTK,FLOTEK INDUSTRIES INC,US,Equity,Common Stock
343412102,cusip,ok,1,BBG000BB1TH9,BBG000BB1TH9,FLR,FLUOR CORP,US,Equity,Common Stock
34354P105,cusip,ok,1,BBG000FFH4P5,BBG000FFH4P5,FLS,FLOWSERVE CORP,US,Equity,Common Stock
34379V103,cusip,ok,1,BBG012QSDSK6,BBG012QSDSK6,FLNC,FLUENCE ENERGY INC,US,Equity,Common Stock
345370860,cusip,ok,1,BBG000BQPC32,BBG000BQPC32,F,FORD MOTOR CO,US,Equity,Common Stock
34631F102,cusip,ok,1,BBG01ZJ9DR98,BBG01ZJ9DR98,FPS,FORGENT POWER SOLUTIONS-CL A,US,Equity,Common Stock
346375108,cusip,ok,1,BBG000D1Y3P1,BBG000D1Y3P1,FORM,FORMFACTOR INC,US,Equity,Common Stock
349381103,cusip,ok,1,BBG01NGH78G1,BBG01NGH78G1,FIGR,FIGURE TECHNOLOGY SOLUT-CL A,US,Equity,Common Stock
34959E109,cusip,ok,1,BBG000BCMBG4,BBG000BCMBG4,FTNT,FORTINET INC,US,Equity,Common Stock
34959J108,cusip,ok,1,BBG00BLVZ228,BBG00BLVZ228,FTV,FORTIVE CORP,US,Equity,Common Stock
34964C106,cusip,ok,1,BBG001B4BV87,BBG001B4BV87,FBIN,FORTUNE BRANDS INNOVATIONS I,US,Equity,Common Stock
34965K107,cusip,ok,1,BBG01GZF9VY6,BBG01GZF9VY6,FTRE,FORTREA HOLDINGS INC,US,Equity,Common Stock
34984V209,cusip,ok,1,BBG000PDVKL1,BBG000PDVKL1,FET,FORUM ENERGY TECHNOLOGIES IN,US,Equity,Common Stock
35137L105,cusip,ok,1,BBG00JHNJW99,BBG00JHNJW99,FOXA,FOX CORP - CLASS A,US,Equity,Common Stock
35137L204,cusip,ok,1,BBG00JHNKJY8,BBG00JHNKJY8,FOX,FOX CORP - CLASS B,US,Equity,Common Stock
35138V102,cusip,ok,1,BBG004T7VS53,BBG004T7VS53,FOXF,FOX FACTORY HOLDING CORP,US,Equity,Common Stock
354613101,cusip,ok,1,BBG000BD0TF8,BBG000BD0TF8,BEN,FRANKLIN TEMPLETON INC,US,Equity,Common Stock
356390104,cusip,ok,1,BBG000N625H8,BBG000N625H8,FRHC,FREEDOM HOLDING CORP/NV,US,Equity,Common Stock
35671D857,cusip,ok,1,BBG000BJDB15,BBG000BJDB15,FCX,FREEPORT-MCMORAN INC,US,Equity,Common Stock
358039105,cusip,ok,1,BBG001D0HB36,BBG001D0HB36,FRPT,FRESHPET INC,US,Equity,Common Stock
35905A109,cusip,ok,1,BBG00H9MNDZ2,BBG00H9MNDZ2,FTDR,FRONTDOOR INC,US,Equity,Common Stock
36164V602,cusip,ok,1,BBG00L2SFJT0,BBG00L2SFJT0,GLIBA,LIBERTY CAPITAL CORP,US,Equity,Common Stock
36164V800,cusip,ok,1,BBG01VV3SMG3,BBG01VV3SMG3,GLIBK,LIBERTY CAPITAL CORP-CL C,US,Equity,Common Stock
36262G101,cusip,ok,1,BBG00YDGX945,BBG00YDGX945,GXO,GXO LOGISTICS INC,US,Equity,Common Stock
36266G107,cusip,ok,1,BBG01BFR8YV1,BBG01BFR8YV1,GEHC,GE HEALTHCARE TECHNOLOGY,US,Equity,Common Stock
363576109,cusip,ok,1,BBG000BBHXQ3,BBG000BBHXQ3,AJG,ARTHUR J GALLAGHER & CO,US,Equity,Common Stock
36467W109,cusip,ok,1,BBG000BB5BF6,BBG000BB5BF6,GME,GAMESTOP CORP-CLASS A,US,Equity,Common Stock
364760108,cusip,ok,1,BBG000BKLH74,BBG000BKLH74,GAP,GAP INC/THE,US,Equity,Common Stock
366651107,cusip,ok,1,BBG000BB65D0,BBG000BB65D0,IT,GARTNER INC,US,Equity,Common Stock
36828A101,cusip,ok,1,BBG013G17W31,BBG013G17W31,GEV,GE VERNOVA INC,US,Equity,Common Stock
368736104,cusip,ok,1,BBG000PQ4W72,BBG000PQ4W72,GNRC,GENERAC HOLDINGS INC,US,Equity,Common Stock
369550108,cusip,ok,1,BBG000BK67C7,BBG000BK67C7,GD,GENERAL DYNAMICS CORP,US,Equity,Common Stock
369604103,cusip,No identifier found.,,,,,,,,
369604301,cusip,ok,1,BBG000BK6MB5,BBG000BK6MB5,GE,GENERAL ELECTRIC,US,Equity,Common Stock
370334104,cusip,ok,1,BBG000BKCFC2,BBG000BKCFC2,GIS,GENERAL MILLS INC,US,Equity,Common Stock
37045V100,cusip,ok,1,BBG000NDYB67,BBG000NDYB67,GM,GENERAL MOTORS CO,US,Equity,Common Stock
371559105,cusip,No identifier found.,,,,,,,,
371901109,cusip,ok,1,BBG000BKJ092,BBG000BKJ092,GNTX,GENTEX CORP,US,Equity,Common Stock
372460105,cusip,ok,1,BBG000BKL348,BBG000BKL348,GPC,GENUINE PARTS CO,US,Equity,Common Stock
375558103,cusip,ok,1,BBG000CKGBP2,BBG000CKGBP2,GILD,GILEAD SCIENCES INC,US,Equity,Common Stock
37611X100,cusip,No identifier found.,,,,,,,,
37637K108,cusip,ok,1,BBG00DHTYPH8,BBG00DHTYPH8,GTLB,GITLAB INC-CL A,US,Equity,Common Stock
377322102,cusip,ok,1,BBG000WG2LQ1,BBG000WG2LQ1,GKOS,GLAUKOS CORP,US,Equity,Common Stock
37890U108,cusip,No identifier found.,,,,,,,,
378973507,cusip,ok,1,BBG000K008L5,BBG000K008L5,GSAT,GLOBALSTAR INC,US,Equity,Common Stock
37940X102,cusip,ok,1,BBG000CX0P89,BBG000CX0P89,GPN,GLOBAL PAYMENTS INC,US,Equity,Common Stock
37954Y889,cusip,ok,1,BBG00CP9KWJ3,BBG00CP9KWJ3,CATH,GLOBAL X S&P 500 CA VAL ETF,US,Equity,ETP
379577208,cusip,ok,1,BBG002V87SD0,BBG002V87SD0,GMED,GLOBUS MEDICAL INC - A,US,Equity,Common Stock
37959E102,cusip,ok,1,BBG000BVD6X4,BBG000BVD6X4,GL,GLOBE LIFE INC,US,Equity,Common Stock
380237107,cusip,ok,1,BBG006MDLY05,BBG006MDLY05,GDDY,GODADDY INC - CLASS A,US,Equity,Common Stock
38046W105,cusip,No identifier found.,,,,,,,,
38141G104,cusip,ok,1,BBG000C6CFJ5,BBG000C6CFJ5,GS,GOLDMAN SACHS GROUP INC,US,Equity,Common Stock
38259P508,cusip,No identifier found.,,,,,,,,
38267D109,cusip,ok,1,BBG00KHHBMC5,BBG00KHHBMC5,GSHD,GOOSEHEAD INSURANCE INC -A,US,Equity,Common Stock
38388F108,cusip,No identifier found.,,,,,,,,
384109104,cusip,ok,1,BBG000BK9W84,BBG000BK9W84,GGG,GRACO INC,US,Equity,Common Stock
384556106,cusip,ok,1,BBG000BKB811,BBG000BKB811,GHM,GRAHAM CORP,US,Equity,Common Stock
384747101,cusip,ok,1,BBG01N6CGW43,BBG01N6CGW43,GRAL,GRAIL INC,US,Equity,Common Stock
384802104,cusip,ok,1,BBG000BKR1D6,BBG000BKR1D6,GWW,WW GRAINGER INC,US,Equity,Common Stock
38526M106,cusip,ok,1,BBG000FV28W9,BBG000FV28W9,LOPE,GRAND CANYON EDUCATION INC,US,Equity,Common Stock
388689101,cusip,ok,1,BBG000GQ7K93,BBG000GQ7K93,GPK,GRAPHIC PACKAGING HOLDING CO,US,Equity,Common Stock
392709101,cusip,ok,1,BBG000QGYG84,BBG000QGYG84,GRBK,GREEN BRICK PARTNERS INC,US,Equity,Common Stock
39813G109,cusip,ok,1,BBG00MDLZN92,BBG00MDLZN92,GDYN,GRID DYNAMICS HOLDINGS INC,US,Equity,Common Stock
39874R101,cusip,ok,1,BBG00P4R3079,BBG00P4R3079,GO,GROCERY OUTLET HOLDING CORP,US,Equity,Common Stock
399909100,cusip,ok,1,BBG000F646H3,BBG000F646H3,GGAL,GRUPO FINANCIERO GALICIA-ADR,US,Equity,ADR
400110102,cusip,No identifier found.,,,,,,,,
40054A108,cusip,ok,1,BBG00BTHHZ55,BBG00BTHHZ55,SUPV,GRUPO SUPERVIELLE SA-SP ADR,US,Equity,ADR
40131M109,cusip,ok,1,BBG006D97VY9,BBG006D97VY9,GH,GUARDANT HEALTH INC,US,Equity,Common Stock
40171V100,cusip,ok,1,BBG001C7PM75,BBG001C7PM75,GWRE,GUIDEWIRE SOFTWARE INC,US,Equity,Common Stock
403949100,cusip,ok,1,BBG0135B2214,BBG0135B2214,DINO,HF SINCLAIR CORP,US,Equity,Common Stock
40412C101,cusip,ok,1,BBG000QW7VC1,BBG000QW7VC1,HCA,HCA HEALTHCARE INC,US,Equity,Common Stock
40414L109,cusip,No identifier found.,,,,,,,,
40415F101,cusip,ok,1,BBG000NWKS18,BBG000NWKS18,HDB,HDFC BANK LTD-ADR,US,Equity,ADR
40416E103,cusip,ok,1,BBG000F4DVC8,BBG000F4DVC8,HCI,HCI GROUP INC,US,Equity,Common Stock
40434L105,cusip,ok,1,BBG000KHWT55,BBG000KHWT55,HPQ,HP INC,US,Equity,Common Stock
405024100,cusip,ok,1,BBG000C7TF41,BBG000C7TF41,HAE,HAEMONETICS CORP/MASS,US,Equity,Common Stock
406216101,cusip,ok,1,BBG000BKTFN2,BBG000BKTFN2,HAL,HALLIBURTON CO,US,Equity,Common Stock
40637H109,cusip,ok,1,BBG000CZ8W54,BBG000CZ8W54,HALO,HALOZYME THERAPEUTICS INC,US,Equity,Common Stock
407497106,cusip,ok,1,BBG00FX58Q66,BBG00FX58Q66,HLNE,HAMILTON LANE INC-CLASS A,US,Equity,Common Stock
410345102,cusip,No identifier found.,,,,,,,,
412822108,cusip,ok,1,BBG000BKZTP3,BBG000BKZTP3,HOG,HARLEY-DAVIDSON INC,US,Equity,Common Stock
416515104,cusip,ok,1,BBG000G0Z878,BBG000G0Z878,HIG,HARTFORD INSURANCE GROUP INC,US,Equity,Common Stock
418056107,cusip,ok,1,BBG000BKVJK4,BBG000BKVJK4,HAS,HASBRO INC,US,Equity,Common Stock
418100103,cusip,No identifier found.,,,,,,,,
42226A107,cusip,ok,1,BBG000TYXCT9,BBG000TYXCT9,HQY,HEALTHEQUITY INC,US,Equity,Common Stock
42250P103,cusip,ok,1,BBG000BKYDP9,BBG000BKYDP9,DOC,HEALTHPEAK PROPERTIES INC,US,Equity,REIT
422704106,cusip,ok,1,BBG000BL5W86,BBG000BL5W86,HL,HECLA MINING CO,US,Equity,Common Stock
422806109,cusip,ok,1,BBG000BL16Q7,BBG000BL16Q7,HEI,HEICO CORP,US,Equity,Common Stock
422806208,cusip,ok,1,BBG000F0CD91,BBG000F0CD91,HEI/A,HEICO CORP-CLASS A,US,Equity,Common Stock
423452101,cusip,ok,1,BBG000BLCPY4,BBG000BLCPY4,HP,HELMERICH & PAYNE,US,Equity,Common Stock
426281101,cusip,ok,1,BBG000BMH2Q7,BBG000BMH2Q7,JKHY,JACK HENRY & ASSOCIATES INC,US,Equity,Common Stock
427866108,cusip,ok,1,BBG000BLHRS2,BBG000BLHRS2,HSY,HERSHEY CO/THE,US,Equity,Common Stock
42809H107,cusip,No identifier found.,,,,,,,,
42824C109,cusip,ok,1,BBG0078W3NQ3,BBG0078W3NQ3,HPE,HEWLETT PACKARD ENTERPRISE,US,Equity,Common Stock
428291108,cusip,ok,1,BBG000BLMDQ9,BBG000BLMDQ9,HXL,HEXCEL CORP,US,Equity,Common Stock
431475102,cusip,No identifier found.,,,,,,,,
43283X105,cusip,ok,1,BBG00CBYY6M1,BBG00CBYY6M1,HGV,HILTON GRAND VACATIONS INC,US,Equity,Common Stock
433000106,cusip,ok,1,BBG00Q53VYM7,BBG00Q53VYM7,HIMS,HIMS & HERS HEALTH INC,US,Equity,Common Stock
43300A203,cusip,ok,1,BBG0058KMH30,BBG0058KMH30,HLT,HILTON WORLDWIDE HOLDINGS IN,US,Equity,Common Stock
43538H103,cusip,ok,1,BBG00Y3N2SC4,BBG00Y3N2SC4,HLLY,HOLLEY INC,US,Equity,Common Stock
436106108,cusip,No identifier found.,,,,,,,,
436440101,cusip,No identifier found.,,,,,,,,
437076102,cusip,ok,1,BBG000BKZB36,BBG000BKZB36,HD,HOME DEPOT INC,US,Equity,Common Stock
438333106,cusip,ok,1,BBG002TWLBL2,BBG002TWLBL2,HNST,HONEST CO INC/THE,US,Equity,Common Stock
43849R105,cusip,ok,1,BBG020QYV152,BBG020QYV152,HONA,HONEYWELL AEROSPACE INC,US,Equity,Common Stock
438516106,cusip,No identifier found.,,,,,,,,
438516205,cusip,ok,1,BBG000H556T9,BBG000H556T9,HON,HONEYWELL INTERNATIONAL INC,US,Equity,Common Stock
440452100,cusip,ok,1,BBG000BLF8D2,BBG000BLF8D2,HRL,HORMEL FOODS CORP,US,Equity,Common Stock
44107P104,cusip,ok,1,BBG000BL8804,BBG000BL8804,HST,HOST HOTELS & RESORTS INC,US,Equity,REIT
441593100,cusip,ok,1,BBG000CZTB66,BBG000CZTB66,HLI,HOULIHAN LOKEY INC,US,Equity,Common Stock
44267D107,cusip,No identifier found.,,,,,,,,
44267T102,cusip,ok,1,BBG01HTMDZ54,BBG01HTMDZ54,HHH,HOWARD HUGHES HOLDINGS INC,US,Equity,Common Stock
443201108,cusip,ok,1,BBG00DYNJGH9,BBG00DYNJGH9,HWM,HOWMET AEROSPACE INC,US,Equity,Common Stock
443510607,cusip,ok,1,BBG000BLK267,BBG000BLK267,HUBB,HUBBELL INC,US,Equity,Common Stock
443573100,cusip,ok,1,BBG000N7MZ06,BBG000N7MZ06,HUBS,HUBSPOT INC,US,Equity,Common Stock
444859102,cusip,ok,1,BBG000BLKK03,BBG000BLKK03,HUM,HUMANA INC,US,Equity,Common Stock
445658107,cusip,ok,1,BBG000BMDBZ1,BBG000BMDBZ1,JBHT,HUNT (JB) TRANSPRT SVCS INC,US,Equity,Common Stock
446150104,cusip,ok,1,BBG000BKWSR6,BBG000BKWSR6,HBAN,HUNTINGTON BANCSHARES INC,US,Equity,Common Stock
446413106,cusip,ok,1,BBG001KJ2HM9,BBG001KJ2HM9,HII,HUNTINGTON INGALLS INDUSTRIE,US,Equity,Common Stock
447462102,cusip,ok,1,BBG000PV2M48,BBG000PV2M48,HURN,HURON CONSULTING GROUP INC,US,Equity,Common Stock
448579102,cusip,ok,1,BBG000CVRFS4,BBG000CVRFS4,H,HYATT HOTELS CORP - CL A,US,Equity,Common Stock
44891N109,cusip,No identifier found.,,,,,,,,
44916Y106,cusip,ok,1,BBG01Y593H53,BBG01Y593H53,PURR,HYPERLIQUID STRATEGIES,US,Equity,Common Stock
44919P508,cusip,No identifier found.,,,,,,,,
449253103,cusip,No identifier found.,,,,,,,,
44930G107,cusip,ok,1,BBG000CQV2N4,BBG000CQV2N4,ICUI,ICU MEDICAL INC,US,Equity,Common Stock
44951W106,cusip,ok,1,BBG000PHV438,BBG000PHV438,IESC,IES HOLDINGS INC,US,Equity,Common Stock
44980X109,cusip,ok,1,BBG000DCGRL8,BBG000DCGRL8,IPGP,IPG PHOTONICS CORP,US,Equity,Common Stock
450047303,cusip,ok,1,BBG000DRSX48,BBG000DRSX48,IRS,IRSA -SP ADR,US,Equity,ADR
45104G104,cusip,ok,1,BBG000DRM643,BBG000DRM643,IBN,ICICI BANK LTD-SPON ADR,US,Equity,ADR
45167R104,cusip,ok,1,BBG000C1HN22,BBG000C1HN22,IEX,IDEX CORP,US,Equity,Common Stock
45168D104,cusip,ok,1,BBG000BLRT07,BBG000BLRT07,IDXX,IDEXX LABORATORIES INC,US,Equity,Common Stock
45174J509,cusip,ok,1,BBG00P2FSNZ9,BBG00P2FSNZ9,IHRT,IHEARTMEDIA INC - CLASS A,US,Equity,Common Stock
452308109,cusip,ok,1,BBG000BMBL90,BBG000BMBL90,ITW,ILLINOIS TOOL WORKS,US,Equity,Common Stock
452327109,cusip,ok,1,BBG000DSMS70,BBG000DSMS70,ILMN,ILLUMINA INC,US,Equity,Common Stock
452907108,cusip,No identifier found.,,,,,,,,
45337C102,cusip,ok,1,BBG000BNPSQ9,BBG000BNPSQ9,INCY,INCYTE CORP,US,Equity,Common Stock
45674M101,cusip,No identifier found.,,,,,,,,
45687V106,cusip,ok,1,BBG002R1CW27,BBG002R1CW27,IR,INGERSOLL-RAND INC,US,Equity,Common Stock
457152106,cusip,ok,1,BBG01Q381K59,BBG01Q381K59,INGM,INGRAM MICRO HOLDING CORP,US,Equity,Common Stock
45765U103,cusip,ok,1,BBG000DY3K39,BBG000DY3K39,NSIT,INSIGHT ENTERPRISES INC,US,Equity,Common Stock
457669307,cusip,ok,1,BBG000BWM5P3,BBG000BWM5P3,INSM,INSMED INC,US,Equity,Common Stock
45772F107,cusip,No identifier found.,,,,,,,,
457730109,cusip,ok,1,BBG00209SZJ7,BBG00209SZJ7,INSP,INSPIRE MEDICAL SYSTEMS INC,US,Equity,Common Stock
45780R101,cusip,ok,1,BBG005TJKDZ6,BBG005TJKDZ6,IBP,INSTALLED BUILDING PRODUCTS,US,Equity,Common Stock
45784P101,cusip,ok,1,BBG000R7XX87,BBG000R7XX87,PODD,INSULET CORP,US,Equity,Common Stock
458140100,cusip,ok,1,BBG000C0G1D1,BBG000C0G1D1,INTC,INTEL CORP,US,Equity,Common Stock
45826T509,cusip,ok,1,BBG00JF74W47,BBG00JF74W47,ITRG,INTEGRA RESOURCES CORP,US,Equity,Common Stock
45827U109,cusip,ok,1,BBG002ZHMJ49,BBG002ZHMJ49,INTA,INTAPP INC,US,Equity,Common Stock
45841N107,cusip,ok,1,BBG000LV0836,BBG000LV0836,IBKR,INTERACTIVE BROKERS GRO-CL A,US,Equity,Common Stock
45866F104,cusip,ok,1,BBG000C1FB75,BBG000C1FB75,ICE,INTERCONTINENTAL EXCHANGE IN,US,Equity,Common Stock
459200101,cusip,ok,1,BBG000BLNNH6,BBG000BLNNH6,IBM,INTL BUSINESS MACHINES CORP,US,Equity,Common Stock
459506101,cusip,ok,1,BBG000BLSL58,BBG000BLSL58,IFF,INTL FLAVORS & FRAGRANCES,US,Equity,Common Stock
460146103,cusip,ok,1,BBG000BM5SR2,BBG000BM5SR2,IP,INTERNATIONAL PAPER CO,US,Equity,Common Stock
460690100,cusip,No identifier found.,,,,,,,,
46116X101,cusip,No identifier found.,,,,,,,,
461202103,cusip,ok,1,BBG000BH5DV1,BBG000BH5DV1,INTU,INTUIT INC,US,Equity,Common Stock
46120E602,cusip,ok,1,BBG000BJPDZ1,BBG000BJPDZ1,ISRG,INTUITIVE SURGICAL INC,US,Equity,Common Stock
46137V357,cusip,ok,1,BBG00KJR2MY7,BBG00KJR2MY7,RSP,INVESCO S&P 500 EQUAL WEIGHT,US,Equity,ETP
46187W107,cusip,ok,1,BBG00FQH6BS9,BBG00FQH6BS9,INVH,INVITATION HOMES INC,US,Equity,REIT
462222100,cusip,ok,1,BBG000JH6683,BBG000JH6683,IONS,IONIS PHARMACEUTICALS INC,US,Equity,Common Stock
46222L108,cusip,ok,1,BBG00XZP0LB4,BBG00XZP0LB4,IONQ,IONQ INC,US,Equity,Common Stock
462260100,cusip,ok,1,BBG000FTLBV7,BBG000FTLBV7,IOVA,IOVANCE BIOTHERAPEUTICS INC,US,Equity,Common Stock
46266A109,cusip,ok,1,BBG006NM92X2,BBG006NM92X2,IRMD,IRADIMED CORP,US,Equity,Common Stock
46266C105,cusip,ok,1,BBG00333FYS2,BBG00333FYS2,IQV,IQVIA HOLDINGS INC,US,Equity,Common Stock
46269C102,cusip,ok,1,BBG000VC0FC1,BBG000VC0FC1,IRDM,IRIDIUM COMMUNICATIONS INC,US,Equity,Common Stock
46284V101,cusip,ok,1,BBG000KCZPC3,BBG000KCZPC3,IRM,IRON MOUNTAIN INC,US,Equity,REIT
464287200,cusip,ok,1,BBG000BVZ4F5,BBG000BVZ4F5,IVV,ISHARES CORE S&P 500 ETF,US,Equity,ETP
464287572,cusip,ok,1,BBG000DWS6F4,BBG000DWS6F4,IOO,ISHARES GLOBAL 100 ETF,US,Equity,ETP
464287614,cusip,ok,1,BBG000BTR7Z0,BBG000BTR7Z0,IWF,ISHARES RUSSELL 1000 GROWTH,US,Equity,ETP
464287648,cusip,ok,1,BBG000C17LW4,BBG000C17LW4,IWO,ISHARES RUSSELL 2000 GROWTH,US,Equity,ETP
464287655,cusip,ok,1,BBG000CGC9C4,BBG000CGC9C4,IWM,ISHARES RUSSELL 2000 ETF,US,Equity,ETP
464287671,cusip,ok,1,BBG000C18HW2,BBG000C18HW2,IUSG,ISHARES CORE S&P U.S. GROWTH,US,Equity,ETP
464288240,cusip,ok,1,BBG000TH7DF8,BBG000TH7DF8,ACWX,ISHARES MSCI ACWI EX US ETF,US,Equity,ETP
464288257,cusip,ok,1,BBG000TH6VB3,BBG000TH6VB3,ACWI,ISHARES MSCI ACWI ETF,US,Equity,ETP
464288513,cusip,ok,1,BBG000R2T3H9,BBG000R2T3H9,HYG,ISHR IBX USD HIYLD CB ETF-UI,US,Equity,ETP
46429B671,cusip,ok,1,BBG001LRJJH4,BBG001LRJJH4,MCHI,ISHARES MSCI CHINA ETF,US,Equity,ETP
46434G772,cusip,ok,1,BBG000CJLQ12,BBG000CJLQ12,EWT,ISHARES MSCI TAIWAN ETF,US,Equity,ETP
46435U853,cusip,ok,1,BBG00J2DRZT9,BBG00J2DRZT9,USHY,ISHARES BROAD USD HIGH YIELD,US,Equity,ETP
46436E718,cusip,ok,1,BBG00TZR7XN3,BBG00TZR7XN3,SGOV,ISHARES 0-3 MONTH TREASURY B,US,Equity,ETP
465741106,cusip,ok,1,BBG000BD2167,BBG000BD2167,ITRI,ITRON INC,US,Equity,Common Stock
46578C108,cusip,ok,1,BBG012WFRMG0,BBG012WFRMG0,IE,IVANHOE ELECTRIC INC / US,US,Equity,Common Stock
46625H100,cusip,ok,1,BBG000DMBXR2,BBG000DMBXR2,JPM,JPMORGAN CHASE & CO,US,Equity,Common Stock
466313103,cusip,ok,1,BBG000BJNGN9,BBG000BJNGN9,JBL,JABIL INC,US,Equity,Common Stock
46641Q654,cusip,ok,1,BBG00M8D23F9,BBG00M8D23F9,JMST,JPM ULTRA-SHORT MUNI INCOME,US,Equity,ETP
469814107,cusip,No identifier found.,,,,,,,,
46982L108,cusip,ok,1,BBG019C1BQR4,BBG019C1BQR4,J,JACOBS SOLUTIONS INC,US,Equity,Common Stock
47074L105,cusip,No identifier found.,,,,,,,,
47233W109,cusip,ok,1,BBG000BNHSP9,BBG000BNHSP9,JEF,JEFFERIES FINANCIAL GROUP IN,US,Equity,Common Stock
477143101,cusip,ok,1,BBG000BRQ6L2,BBG000BRQ6L2,JBLU,JETBLUE AIRWAYS CORP,US,Equity,Common Stock
478160104,cusip,ok,1,BBG000BMHYD1,BBG000BMHYD1,JNJ,JOHNSON & JOHNSON,US,Equity,Common Stock
48020Q107,cusip,ok,1,BBG000C2L2L0,BBG000C2L2L0,JLL,JONES LANG LASALLE INC,US,Equity,Common Stock
48203R104,cusip,No identifier found.,,,,,,,,
48238T109,cusip,ok,1,BBG000VZHLL9,BBG000VZHLL9,OPLN,OPENLANE INC,US,Equity,Common Stock
48241A105,cusip,ok,1,BBG000J600W9,BBG000J600W9,KB,KB FINANCIAL GROUP INC-ADR,US,Equity,ADR
48242W106,cusip,ok,1,BBG000P28YZ6,BBG000P28YZ6,KBR,KBR INC,US,Equity,Common Stock
482480100,cusip,ok,1,BBG000BMTFR4,BBG000BMTFR4,KLAC,KLA CORP,US,Equity,Common Stock
48251W104,cusip,ok,1,BBG000BCQ6J8,BBG000BCQ6J8,KKR,KKR & CO INC,US,Equity,Common Stock
485170302,cusip,No identifier found.,,,,,,,,
48576A100,cusip,No identifier found.,,,,,,,,
48581R205,cusip,ok,1,BBG00NNN9QQ8,BBG00NNN9QQ8,KSPI,JSC KASPI.KZ ADR,US,Equity,ADR
485924104,cusip,ok,1,BBG01RXK1PK9,BBG01RXK1PK9,KRMN,KARMAN HOLDINGS INC,US,Equity,Common Stock
487836108,cusip,No identifier found.,,,,,,,,
487836116,cusip,No identifier found.,,,,,,,,
488401100,cusip,ok,1,BBG000H3GDJ8,BBG000H3GDJ8,KMPR,KEMPER CORP,US,Equity,Common Stock
49177J102,cusip,ok,1,BBG01C79X561,BBG01C79X561,KVUE,KENVUE INC,US,Equity,Common Stock
49271V100,cusip,ok,1,BBG000TJM7F0,BBG000TJM7F0,KDP,KEURIG DR PEPPER INC,US,Equity,Common Stock
493267108,cusip,ok,1,BBG000BMQPL1,BBG000BMQPL1,KEY,KEYCORP,US,Equity,Common Stock
49338L103,cusip,ok,1,BBG0059FN811,BBG0059FN811,KEYS,KEYSIGHT TECHNOLOGIES IN,US,Equity,Common Stock
494368103,cusip,ok,1,BBG000BMW2Z0,BBG000BMW2Z0,KMB,KIMBERLY-CLARK CORP,US,Equity,Common Stock
49446R109,cusip,ok,1,BBG000CN3S73,BBG000CN3S73,KIM,KIMCO REALTY CORP,US,Equity,REIT
49456B101,cusip,ok,1,BBG0019JZ882,BBG0019JZ882,KMI,KINDER MORGAN INC,US,Equity,Common Stock
49714P108,cusip,ok,1,BBG00D8JD9Z9,BBG00D8JD9Z9,KNSL,KINSALE CAPITAL GROUP INC,US,Equity,Common Stock
49845K101,cusip,ok,1,BBG009WR3FL5,BBG009WR3FL5,KVYO,KLAVIYO INC-A,US,Equity,Common Stock
49926D109,cusip,ok,1,BBG004M8M6J1,BBG004M8M6J1,KN,KNOWLES CORP,US,Equity,Common Stock
50015M109,cusip,ok,1,BBG00BVR0D02,BBG00BVR0D02,KOD,KODIAK SCIENCES INC,US,Equity,Common Stock
500255104,cusip,ok,1,BBG000CS7CT9,BBG000CS7CT9,KSS,KOHLS CORP,US,Equity,Common Stock
50050N103,cusip,ok,1,BBG00LPTHYD5,BBG00LPTHYD5,KTB,KONTOOR BRANDS INC,US,Equity,Common Stock
500754106,cusip,ok,1,BBG005CPNTQ2,BBG005CPNTQ2,KHC,KRAFT HEINZ CO/THE,US,Equity,Common Stock
50077B207,cusip,ok,1,BBG000C1HQ43,BBG000C1HQ43,KTOS,KRATOS DEFENSE & SECURITY,US,Equity,Common Stock
501044101,cusip,ok,1,BBG000BMY992,BBG000BMY992,KR,KROGER CO,US,Equity,Common Stock
501270102,cusip,ok,1,BBG00PNFJ521,BBG00PNFJ521,KRUS,KURA SUSHI USA INC-CLASS A,US,Equity,Common Stock
50127T109,cusip,ok,1,BBG008974342,BBG008974342,KURA,KURA ONCOLOGY INC,US,Equity,Common Stock
50155Q100,cusip,ok,1,BBG012W99DN6,BBG012W99DN6,KD,KYNDRYL HOLDINGS INC,US,Equity,Common Stock
501797104,cusip,No identifier found.,,,,,,,,
50187T106,cusip,ok,1,BBG0056655S1,BBG0056655S1,LGIH,LGI HOMES INC,US,Equity,Common Stock
501889208,cusip,ok,1,BBG000PXDL44,BBG000PXDL44,LKQ,LKQ CORP,US,Equity,Common Stock
50212V100,cusip,ok,1,BBG000P2TYL8,BBG000P2TYL8,LPLA,LPL FINANCIAL HOLDINGS INC,US,Equity,Common Stock
502431109,cusip,ok,1,BBG000BLGFJ9,BBG000BLGFJ9,LHX,L3HARRIS TECHNOLOGIES INC,US,Equity,Common Stock
504922105,cusip,ok,1,BBG01MMT6PL7,BBG01MMT6PL7,LH,LABCORP HOLDINGS INC,US,Equity,Common Stock
50540R409,cusip,No identifier found.,,,,,,,,
512807108,cusip,No identifier found.,,,,,,,,
512807306,cusip,ok,1,BBG000BNFLM9,BBG000BNFLM9,LRCX,LAM RESEARCH CORP,US,Equity,Common Stock
512816109,cusip,ok,1,BBG000FGMKY1,BBG000FGMKY1,LAMR,LAMAR ADVERTISING CO-A,US,Equity,REIT
513272104,cusip,ok,1,BBG003CVMLQ2,BBG003CVMLQ2,LW,LAMB WESTON HOLDINGS INC,US,Equity,Common Stock
515098101,cusip,ok,1,BBG000BB2KN0,BBG000BB2KN0,LSTR,LANDSTAR SYSTEM INC,US,Equity,Common Stock
517834107,cusip,ok,1,BBG000JWD753,BBG000JWD753,LVS,LAS VEGAS SANDS CORP,US,Equity,Common Stock
51819L107,cusip,ok,1,BBG00ZVXLHH6,BBG00ZVXLHH6,SWIM,LATHAM GROUP INC,US,Equity,Common Stock
518415104,cusip,ok,1,BBG000C2D1C1,BBG000C2D1C1,LSCC,LATTICE SEMICONDUCTOR CORP,US,Equity,Common Stock
518439104,cusip,ok,1,BBG000FKJRC5,BBG000FKJRC5,EL,ESTEE LAUDER COMPANIES-CL A,US,Equity,Common Stock
52110M109,cusip,ok,1,BBG000BT4C39,BBG000BT4C39,LAZ,LAZARD INC,US,Equity,Common Stock
524660107,cusip,No identifier found.,,,,,,,,
52466B103,cusip,ok,1,BBG001BWP4C5,BBG001BWP4C5,LZ,LEGALZOOMCOM INC,US,Equity,Common Stock
525327102,cusip,ok,1,BBG000C23PB0,BBG000C23PB0,LDOS,LEIDOS HOLDINGS INC,US,Equity,Common Stock
525558201,cusip,ok,1,BBG000LY1HS2,BBG000LY1HS2,LMAT,LEMAITRE VASCULAR INC,US,Equity,Common Stock
52567D107,cusip,ok,1,BBG00BM5YC05,BBG00BM5YC05,LMND,LEMONADE INC,US,Equity,Common Stock
52603B107,cusip,ok,1,BBG000TVRB50,BBG000TVRB50,TREE,LENDINGTREE INC,US,Equity,Common Stock
526057104,cusip,ok,1,BBG000BN5HF7,BBG000BN5HF7,LEN,LENNAR CORP-A,US,Equity,Common Stock
526057302,cusip,ok,1,BBG000KKVD81,BBG000KKVD81,LEN/B,LENNAR CORP - B SHS,US,Equity,Common Stock
526107107,cusip,ok,1,BBG000BB5B84,BBG000BB5B84,LII,LENNOX INTERNATIONAL INC,US,Equity,Common Stock
52661A108,cusip,ok,1,BBG00ZSB4TS9,BBG00ZSB4TS9,DRS,LEONARDO DRS INC,US,Equity,Common Stock
527064109,cusip,No identifier found.,,,,,,,,
52736R102,cusip,ok,1,BBG000BQDF10,BBG000BQDF10,LEVI,LEVI STRAUSS & CO- CLASS A,US,Equity,Common Stock
530307107,cusip,No identifier found.,,,,,,,,
530307305,cusip,No identifier found.,,,,,,,,
531229409,cusip,No identifier found.,,,,,,,,
531229607,cusip,No identifier found.,,,,,,,,
531229755,cusip,ok,1,BBG01HLMBCG3,BBG01HLMBCG3,FWONK,LIBERTY MEDIA CORP-C,US,Equity,Common Stock
531229771,cusip,ok,1,BBG01HLMB809,BBG01HLMB809,FWONA,LIBERTY MEDIA CORP-CLASS A,US,Equity,Common Stock
531229854,cusip,No identifier found.,,,,,,,,
531229870,cusip,No identifier found.,,,,,,,,
53190C102,cusip,ok,1,BBG012J3H017,BBG012J3H017,LTH,LIFE TIME GROUP HOLDINGS INC,US,Equity,Common Stock
532257805,cusip,ok,1,BBG000M6G940,BBG000M6G940,LPTH,LIGHTPATH TECHNOLOGIES INC-A,US,Equity,Common Stock
532457108,cusip,ok,1,BBG000BNBDC2,BBG000BNBDC2,LLY,ELI LILLY & CO,US,Equity,Common Stock
53263P105,cusip,ok,1,BBG006G0NGC4,BBG006G0NGC4,LMB,LIMBACH HOLDINGS INC,US,Equity,Common Stock
533900106,cusip,ok,1,BBG000BB72K8,BBG000BB72K8,LECO,LINCOLN ELECTRIC HOLDINGS,US,Equity,Common Stock
534187109,cusip,ok,1,BBG000BNC3Y9,BBG000BNC3Y9,LNC,LINCOLN NATIONAL CORP,US,Equity,Common Stock
535219109,cusip,ok,1,BBG004MDWKS8,BBG004MDWKS8,LIND,LINDBLAD EXPEDITIONS HOLDING,US,Equity,Common Stock
53635B107,cusip,ok,1,BBG000QXXMF7,BBG000QXXMF7,LQDT,LIQUIDITY SERVICES INC,US,Equity,Common Stock
53635D202,cusip,ok,1,BBG001J2P905,BBG001J2P905,LQDA,LIQUIDIA CORP,US,Equity,Common Stock
536797103,cusip,ok,1,BBG000K3BC83,BBG000K3BC83,LAD,LITHIA MOTORS INC,US,Equity,Common Stock
537008104,cusip,ok,1,BBG000BGFGT8,BBG000BGFGT8,LFUS,LITTELFUSE INC,US,Equity,Common Stock
538034109,cusip,ok,1,BBG000FQ7YR4,BBG000FQ7YR4,LYV,LIVE NATION ENTERTAINMENT IN,US,Equity,Common Stock
539183103,cusip,No identifier found.,,,,,,,,
53947R105,cusip,ok,1,BBG01M86F4Y6,BBG01M86F4Y6,LOAR,LOAR HOLDINGS INC,US,Equity,Common Stock
539830109,cusip,ok,1,BBG000C1BW00,BBG000C1BW00,LMT,LOCKHEED MARTIN CORP,US,Equity,Common Stock
540424108,cusip,ok,1,BBG000C45984,BBG000C45984,L,LOEWS CORP,US,Equity,Common Stock
54142L109,cusip,No identifier found.,,,,,,,,
54150E104,cusip,ok,1,BBG00HMSHS06,BBG00HMSHS06,LOMA,LOMA NEGRA CIA IND-SPON ADR,US,Equity,ADR
546347105,cusip,ok,1,BBG000BNF508,BBG000BNF508,LPX,LOUISIANA-PACIFIC CORP,US,Equity,Common Stock
548661107,cusip,ok,1,BBG000BNDN65,BBG000BNDN65,LOW,LOWE'S COS INC,US,Equity,Common Stock
549498103,cusip,No identifier found.,,,,,,,,
550021109,cusip,ok,1,BBG000R8ZVD1,BBG000R8ZVD1,LULU,LULULEMON ATHLETICA INC,US,Equity,Common Stock
550241103,cusip,ok,1,BBG000BGLRN3,BBG000BGLRN3,LUMN,LUMEN TECHNOLOGIES INC,US,Equity,Common Stock
55024U109,cusip,ok,1,BBG0073F9RT7,BBG0073F9RT7,LITE,LUMENTUM HOLDINGS INC,US,Equity,Common Stock
55087P104,cusip,ok,1,BBG004M9ZHX5,BBG004M9ZHX5,LYFT,LYFT INC-A,US,Equity,Common Stock
55261F104,cusip,ok,1,BBG000D9KWL9,BBG000D9KWL9,MTB,M & T BANK CORP,US,Equity,Common Stock
552953101,cusip,ok,1,BBG000C2BXK4,BBG000C2BXK4,MGM,MGM RESORTS INTERNATIONAL,US,Equity,Common Stock
55306N104,cusip,ok,1,BBG000BVMG26,BBG000BVMG26,MKSI,MKS INC,US,Equity,Common Stock
553368101,cusip,ok,1,BBG00TJGL0F0,BBG00TJGL0F0,MP,MP MATERIALS CORP,US,Equity,Common Stock
553498106,cusip,ok,1,BBG000BPDXF8,BBG000BPDXF8,MSA,MSA SAFETY INC,US,Equity,Common Stock
55354G100,cusip,ok,1,BBG000RTDY25,BBG000RTDY25,MSCI,MSCI INC,US,Equity,Common Stock
55405Y100,cusip,ok,1,BBG000LJQ3H1,BBG000LJQ3H1,MTSI,MACOM TECHNOLOGY SOLUTIONS H,US,Equity,Common Stock
55406W103,cusip,ok,1,BBG00YB20ZW5,BBG00YB20ZW5,LUXE,LUXEXPERIENCE BV,US,Equity,ADR
554382101,cusip,ok,1,BBG000BL9C59,BBG000BL9C59,MAC,MACERICH CO/THE,US,Equity,REIT
55616P104,cusip,ok,1,BBG000C46HM9,BBG000C46HM9,M,MACY'S INC,US,Equity,Common Stock
55825T103,cusip,ok,1,BBG007FG0C23,BBG007FG0C23,MSGS,MADISON SQUARE GARDEN SPORTS,US,Equity,Common Stock
55826T102,cusip,ok,1,BBG00L9HLWV8,BBG00L9HLWV8,SPHR,SPHERE ENTERTAINMENT CO,US,Equity,Common Stock
558868105,cusip,ok,1,BBG000QS6NV8,BBG000QS6NV8,MDGL,MADRIGAL PHARMACEUTICALS INC,US,Equity,Common Stock
56117J100,cusip,ok,1,BBG005PXTR70,BBG005PXTR70,MBUU,MALIBU BOATS INC - A,US,Equity,Common Stock
56146T103,cusip,ok,1,BBG001QB7PK9,BBG001QB7PK9,MAMA,MAMA'S CREATIONS INC,US,Equity,Common Stock
562662106,cusip,No identifier found.,,,,,,,,
562750109,cusip,ok,1,BBG000BFV758,BBG000BFV758,MANH,MANHATTAN ASSOCIATES INC,US,Equity,Common Stock
563571405,cusip,ok,1,BBG000D2M6H4,BBG000D2M6H4,MTW,MANITOWOC COMPANY INC,US,Equity,Common Stock
565394103,cusip,ok,1,BBG00KG5VJF4,BBG00KG5VJF4,CART,MAPLEBEAR INC,US,Equity,Common Stock
565849106,cusip,No identifier found.,,,,,,,,
56585A102,cusip,ok,1,BBG001DCCGR8,BBG001DCCGR8,MPC,MARATHON PETROLEUM CORP,US,Equity,Common Stock
56600D107,cusip,ok,1,BBG00Y1DFV91,BBG00Y1DFV91,MRVI,MARAVAI LIFESCIENCES HLDGS-A,US,Equity,Common Stock
567908108,cusip,ok,1,BBG000C1SRH5,BBG000C1SRH5,HZO,MARINEMAX INC,US,Equity,Common Stock
570535104,cusip,ok,1,BBG000FC7366,BBG000FC7366,MKL,MARKEL GROUP INC,US,Equity,Common Stock
57060D108,cusip,ok,1,BBG000BJBZ23,BBG000BJBZ23,MKTX,MARKETAXESS HOLDINGS INC,US,Equity,Common Stock
571748102,cusip,ok,1,BBG000BP4MH0,BBG000BP4MH0,MRSH,MARSH & MCLENNAN COS,US,Equity,Common Stock
571903202,cusip,ok,1,BBG000BGD7W6,BBG000BGD7W6,MAR,MARRIOTT INTERNATIONAL -CL A,US,Equity,Common Stock
573284106,cusip,ok,1,BBG000BGYMH7,BBG000BGYMH7,MLM,MARTIN MARIETTA MATERIALS,US,Equity,Common Stock
573874104,cusip,ok,1,BBG00ZXBJ153,BBG00ZXBJ153,MRVL,MARVELL TECHNOLOGY INC,US,Equity,Common Stock
574599106,cusip,ok,1,BBG000BNNKG9,BBG000BNNKG9,MAS,MASCO CORP,US,Equity,Common Stock
574795100,cusip,No identifier found.,,,,,,,,
576323109,cusip,ok,1,BBG000DYXD23,BBG000DYXD23,MTZ,MASTEC INC,US,Equity,Common Stock
57636Q104,cusip,ok,1,BBG000F1ZSQ2,BBG000F1ZSQ2,MA,MASTERCARD INC - A,US,Equity,Common Stock
57638P104,cusip,ok,1,BBG01B9G42Y3,BBG01B9G42Y3,MBC,MASTERBRAND INC,US,Equity,Common Stock
576485205,cusip,ok,1,BBG000JCPGZ1,BBG000JCPGZ1,MTDR,MATADOR RESOURCES CO,US,Equity,Common Stock
57665R106,cusip,No identifier found.,,,,,,,,
57667L107,cusip,ok,1,BBG00VT0KNC3,BBG00VT0KNC3,MTCH,MATCH GROUP INC,US,Equity,Common Stock
577081102,cusip,ok,1,BBG000BNNYW1,BBG000BNNYW1,MAT,MATTEL INC,US,Equity,Common Stock
57772K101,cusip,No identifier found.,,,,,,,,
577933104,cusip,ok,1,BBG000BC5WJ4,BBG000BC5WJ4,MMS,MAXIMUS INC,US,Equity,Common Stock
578605107,cusip,ok,1,BBG0018XDT80,BBG0018XDT80,MEC,MAYVILLE ENGINEERING CO INC,US,Equity,Common Stock
579063108,cusip,No identifier found.,,,,,,,,
579780206,cusip,ok,1,BBG000G6Y5W4,BBG000G6Y5W4,MKC,MCCORMICK & CO-NON VTG SHRS,US,Equity,Common Stock
580135101,cusip,ok,1,BBG000BNSZP1,BBG000BNSZP1,MCD,MCDONALD'S CORP,US,Equity,Common Stock
58155Q103,cusip,ok,1,BBG000DYGNW7,BBG000DYGNW7,MCK,MCKESSON CORP,US,Equity,Common Stock
584021109,cusip,No identifier found.,,,,,,,,
58470H101,cusip,ok,1,BBG000BWBW76,BBG000BWBW76,MED,MEDIFAST INC,US,Equity,Common Stock
58471A105,cusip,No identifier found.,,,,,,,,
58506Q109,cusip,ok,1,BBG0065B7K59,BBG0065B7K59,MEDP,MEDPACE HOLDINGS INC,US,Equity,Common Stock
58733R102,cusip,ok,1,BBG000GQPB11,BBG000GQPB11,MELI,MERCADOLIBRE INC,US,Equity,Common Stock
58933Y105,cusip,ok,1,BBG000BPD168,BBG000BPD168,MRK,MERCK & CO. INC.,US,Equity,Common Stock
589378108,cusip,ok,1,BBG000BX5GS3,BBG000BX5GS3,MRCY,MERCURY SYSTEMS INC,US,Equity,Common Stock
590717401,cusip,ok,1,BBG000QD6LZ1,BBG000QD6LZ1,MESO,MESOBLAST LTD- SPON ADR,US,Equity,ADR
59156R108,cusip,ok,1,BBG000BB6KF5,BBG000BB6KF5,MET,METLIFE INC,US,Equity,Common Stock
592688105,cusip,ok,1,BBG000BZCKH3,BBG000BZCKH3,MTD,METTLER-TOLEDO INTERNATIONAL,US,Equity,Common Stock
594918104,cusip,ok,1,BBG000BPH459,BBG000BPH459,MSFT,MICROSOFT CORP,US,Equity,Common Stock
594972408,cusip,ok,1,BBG000GQJPZ0,BBG000GQJPZ0,MSTR,STRATEGY INC,US,Equity,Common Stock
595017104,cusip,ok,1,BBG000BHCP19,BBG000BHCP19,MCHP,MICROCHIP TECHNOLOGY INC,US,Equity,Common Stock
595112103,cusip,ok,1,BBG000C5Z1S3,BBG000C5Z1S3,MU,MICRON TECHNOLOGY INC,US,Equity,Common Stock
59516C106,cusip,ok,1,BBG00NKS36M4,BBG00NKS36M4,MVST,MICROVAST HOLDINGS INC,US,Equity,Common Stock
59522J103,cusip,ok,1,BBG000BLMY92,BBG000BLMY92,MAA,MID-AMERICA APARTMENT COMM,US,Equity,REIT
596278101,cusip,ok,1,BBG000DQN9R3,BBG000DQN9R3,MIDD,MIDDLEBY CORP,US,Equity,Common Stock
600544100,cusip,ok,1,BBG000BP46T2,BBG000BP46T2,MLKN,MILLERKNOLL INC,US,Equity,Common Stock
600551204,cusip,ok,1,BBG000BXFWH9,BBG000BXFWH9,MLR,MILLER INDUSTRIES INC/TENN,US,Equity,Common Stock
60468T105,cusip,No identifier found.,,,,,,,,
60471A101,cusip,ok,1,BBG00VHJ1K96,BBG00VHJ1K96,MIR,MIRION TECHNOLOGIES INC,US,Equity,Common Stock
604749101,cusip,ok,1,BBG00MH7T2M7,BBG00MH7T2M7,MIRM,MIRUM PHARMACEUTICALS INC,US,Equity,Common Stock
60646V105,cusip,No identifier found.,,,,,,,,
606710200,cusip,ok,1,BBG000BP3D45,BBG000BP3D45,MITK,MITEK SYSTEMS INC,US,Equity,Common Stock
60770K107,cusip,ok,1,BBG003PHHZT1,BBG003PHHZT1,MRNA,MODERNA INC,US,Equity,Common Stock
607828100,cusip,ok,1,BBG000BP7CL4,BBG000BP7CL4,MOD,MODINE MANUFACTURING CO,US,Equity,Common Stock
608190104,cusip,ok,1,BBG000FLZN98,BBG000FLZN98,MHK,MOHAWK INDUSTRIES INC,US,Equity,Common Stock
60855R100,cusip,ok,1,BBG000MBHNC8,BBG000MBHNC8,MOH,MOLINA HEALTHCARE INC,US,Equity,Common Stock
60871R209,cusip,ok,1,BBG000BS7KS3,BBG000BS7KS3,TAP,MOLSON COORS BEVERAGE CO - B,US,Equity,Common Stock
609207105,cusip,ok,1,BBG000D4LWF6,BBG000D4LWF6,MDLZ,MONDELEZ INTERNATIONAL INC-A,US,Equity,Common Stock
60937P106,cusip,ok,1,BBG0022FDRY8,BBG0022FDRY8,MDB,MONGODB INC,US,Equity,Common Stock
609839105,cusip,ok,1,BBG000C30L48,BBG000C30L48,MPWR,MONOLITHIC POWER SYSTEMS INC,US,Equity,Common Stock
61174X109,cusip,ok,1,BBG008NVB1C0,BBG008NVB1C0,MNST,MONSTER BEVERAGE CORP,US,Equity,Common Stock
612160101,cusip,ok,1,BBG014FPNGK5,BBG014FPNGK5,AIRJ,AIRJOULE TECHNOLOGIES CORP,US,Equity,Common Stock
615369105,cusip,ok,1,BBG000F86GP6,BBG000F86GP6,MCO,MOODY'S CORP,US,Equity,Common Stock
617446448,cusip,ok,1,BBG000BLZRJ2,BBG000BLZRJ2,MS,MORGAN STANLEY,US,Equity,Common Stock
617700109,cusip,ok,1,BBG000CGQ4F7,BBG000CGQ4F7,MORN,MORNINGSTAR INC,US,Equity,Common Stock
61945C103,cusip,ok,1,BBG000BFXHL6,BBG000BFXHL6,MOS,MOSAIC CO/THE,US,Equity,Common Stock
620076307,cusip,ok,1,BBG000BP8Z50,BBG000BP8Z50,MSI,MOTOROLA SOLUTIONS INC,US,Equity,Common Stock
624756102,cusip,ok,1,BBG000C6W444,BBG000C6W444,MLI,MUELLER INDUSTRIES INC,US,Equity,Common Stock
626755102,cusip,ok,1,BBG001Z0Q6T5,BBG001Z0Q6T5,MUSA,MURPHY USA INC,US,Equity,Common Stock
62886E108,cusip,ok,1,BBG000BMXK89,BBG000BMXK89,VYX,NCR VOYIX CORP,US,Equity,Common Stock
629377508,cusip,ok,1,BBG000D8RG11,BBG000D8RG11,NRG,NRG ENERGY INC,US,Equity,Common Stock
62944T105,cusip,ok,1,BBG000BQBYR3,BBG000BQBYR3,NVR,NVR INC,US,Equity,Common Stock
62945V109,cusip,No identifier found.,,,,,,,,
62955J103,cusip,ok,1,BBG000BJX8C8,BBG000BJX8C8,NOV,NOV INC,US,Equity,Common Stock
630402105,cusip,ok,1,BBG000BQ6CT5,BBG000BQ6CT5,NSSC,NAPCO SECURITY TECHNOLOGIES,US,Equity,Common Stock
631103108,cusip,ok,1,BBG000F5VVB6,BBG000F5VVB6,NDAQ,NASDAQ INC,US,Equity,Common Stock
632307104,cusip,ok,1,BBG001J1BQ86,BBG001J1BQ86,NTRA,NATERA INC,US,Equity,Common Stock
636180101,cusip,ok,1,BBG000BPYD87,BBG000BPYD87,NFG,NATIONAL FUEL GAS CO,US,Equity,Common Stock
636518102,cusip,No identifier found.,,,,,,,,
637071101,cusip,No identifier found.,,,,,,,,
63888U108,cusip,ok,1,BBG0034VYLG9,BBG0034VYLG9,NGVC,NATURAL GROCERS BY VITAMIN C,US,Equity,Common Stock
63909J108,cusip,ok,1,BBG00W7G4M12,BBG00W7G4M12,NAUT,NAUTILUS BIOTECHNOLOGY INC,US,Equity,Common Stock
63947U107,cusip,No identifier found.,,,,,,,,
63947X101,cusip,ok,1,BBG014GJ8XH2,BBG014GJ8XH2,NCNO,NCINO INC,US,Equity,Common Stock
640268108,cusip,No identifier found.,,,,,,,,
640491106,cusip,ok,1,BBG000C1BCK2,BBG000C1BCK2,NEOG,NEOGEN CORP,US,Equity,Common Stock
64110D104,cusip,ok,1,BBG000FP1N32,BBG000FP1N32,NTAP,NETAPP INC,US,Equity,Common Stock
64110L106,cusip,ok,1,BBG000CL9VN6,BBG000CL9VN6,NFLX,NETFLIX INC,US,Equity,Common Stock
64110W102,cusip,ok,1,BBG000BX72V8,BBG000BX72V8,NTES,NETEASE INC-ADR,US,Equity,ADR
64125C109,cusip,ok,1,BBG000GJS7C1,BBG000GJS7C1,NBIX,NEUROCRINE BIOSCIENCES INC,US,Equity,Common Stock
644393100,cusip,No identifier found.,,,,,,,,
647581107,cusip,No identifier found.,,,,,,,,
64829B100,cusip,No identifier found.,,,,,,,,
650111107,cusip,ok,1,BBG000FFC0B3,BBG000FFC0B3,NYT,NEW YORK TIMES CO-A,US,Equity,Common Stock
651229106,cusip,ok,1,BBG000BQC9V2,BBG000BQC9V2,NWL,NEWELL BRANDS INC,US,Equity,Common Stock
651587107,cusip,ok,1,BBG000BJ5SS8,BBG000BJ5SS8,NEU,NEWMARKET CORP,US,Equity,Common Stock
65158N102,cusip,ok,1,BBG00J24S765,BBG00J24S765,NMRK,NEWMARK GROUP INC-CLASS A,US,Equity,Common Stock
651639106,cusip,ok,1,BBG000BPWXK1,BBG000BPWXK1,NEM,NEWMONT CORP,US,Equity,Common Stock
65249B109,cusip,ok,1,BBG0035LY913,BBG0035LY913,NWSA,NEWS CORP - CLASS A,US,Equity,Common Stock
65249B208,cusip,ok,1,BBG0035M2ZB7,BBG0035M2ZB7,NWS,NEWS CORP - CLASS B,US,Equity,Common Stock
65336K103,cusip,ok,1,BBG000DZJVH0,BBG000DZJVH0,NXST,NEXSTAR MEDIA GROUP INC,US,Equity,Common Stock
65339F101,cusip,ok,1,BBG000BJSBJ0,BBG000BJSBJ0,NEE,NEXTERA ENERGY INC,US,Equity,Common Stock
65340P106,cusip,ok,1,BBG004WG63P0,BBG004WG63P0,NXE,NEXGEN ENERGY LTD,US,Equity,Common Stock
654106103,cusip,ok,1,BBG000C5HS04,BBG000C5HS04,NKE,NIKE INC -CL B,US,Equity,Common Stock
65473P105,cusip,ok,1,BBG000BPZBB6,BBG000BPZBB6,NI,NISOURCE INC,US,Equity,Common Stock
65487K100,cusip,ok,1,BBG0020BCPX5,BBG0020BCPX5,LASR,NLIGHT INC,US,Equity,Common Stock
655044105,cusip,No identifier found.,,,,,,,,
655663102,cusip,ok,1,BBG000BPWGR1,BBG000BPWGR1,NDSN,NORDSON CORP,US,Equity,Common Stock
655664100,cusip,No identifier found.,,,,,,,,
655844108,cusip,ok,1,BBG000BQ5DS5,BBG000BQ5DS5,NSC,NORFOLK SOUTHERN CORP,US,Equity,Common Stock
665859104,cusip,ok,1,BBG000BQ74K1,BBG000BQ74K1,NTRS,NORTHERN TRUST CORP,US,Equity,Common Stock
666807102,cusip,ok,1,BBG000BQ2C28,BBG000BQ2C28,NOC,NORTHROP GRUMMAN CORP,US,Equity,Common Stock
668771108,cusip,ok,1,BBG000BH2JM1,BBG000BH2JM1,GEN,GEN DIGITAL INC,US,Equity,Common Stock
670002401,cusip,ok,1,BBG000NVSBL7,BBG000NVSBL7,NVAX,NOVAVAX INC,US,Equity,Common Stock
67000B104,cusip,ok,1,BBG000JB24Q5,BBG000JB24Q5,NOVT,NOVANTA INC,US,Equity,Common Stock
670100205,cusip,ok,1,BBG000BQBKR3,BBG000BQBKR3,NVO,NOVO-NORDISK A/S-SPONS ADR,US,Equity,ADR
67020Y100,cusip,No identifier found.,,,,,,,,
670346105,cusip,ok,1,BBG000BQ8KV2,BBG000BQ8KV2,NUE,NUCOR CORP,US,Equity,Common Stock
67059N108,cusip,ok,1,BBG001NDW1Z7,BBG001NDW1Z7,NTNX,NUTANIX INC - A,US,Equity,Common Stock
67066G104,cusip,ok,1,BBG000BBJQV0,BBG000BBJQV0,NVDA,NVIDIA CORP,US,Equity,Common Stock
670703107,cusip,No identifier found.,,,,,,,,
67079K100,cusip,ok,1,BBG00YG48NM6,BBG00YG48NM6,SMR,NUSCALE POWER CORP,US,Equity,Common Stock
67103H107,cusip,ok,1,BBG000BGYWY6,BBG000BGYWY6,ORLY,O'REILLY AUTOMOTIVE INC,US,Equity,Common Stock
67181A107,cusip,No identifier found.,,,,,,,,
674599105,cusip,ok,1,BBG000BQQ2S6,BBG000BQQ2S6,OXY,OCCIDENTAL PETROLEUM CORP,US,Equity,Common Stock
679295105,cusip,ok,1,BBG001YV1SM4,BBG001YV1SM4,OKTA,OKTA INC,US,Equity,Common Stock
679369108,cusip,No identifier found.,,,,,,,,
679580100,cusip,ok,1,BBG000CHSS88,BBG000CHSS88,ODFL,OLD DOMINION FREIGHT LINE,US,Equity,Common Stock
68062P106,cusip,ok,1,BBG00T5JMRT4,BBG00T5JMRT4,OLMA,OLEMA PHARMACEUTICALS INC,US,Equity,Common Stock
680665205,cusip,ok,1,BBG000BQHTV3,BBG000BQHTV3,OLN,OLIN CORP,US,Equity,Common Stock
681116109,cusip,ok,1,BBG0098VVDT9,BBG0098VVDT9,OLLI,OLLIE'S BARGAIN OUTLET HOLDI,US,Equity,Common Stock
68134L109,cusip,No identifier found.,,,,,,,,
681919106,cusip,ok,1,BBG000BS9489,BBG000BS9489,OMC,OMNICOM GROUP,US,Equity,Common Stock
682189105,cusip,ok,1,BBG000DV7MX4,BBG000DV7MX4,ON,ON SEMICONDUCTOR,US,Equity,Common Stock
68237F108,cusip,ok,1,BBG00FY48ZN9,BBG00FY48ZN9,OFRM,ONCE UPON A FARM PBC,US,Equity,Common Stock
682680103,cusip,No identifier found.,,,,,,,,
683344105,cusip,ok,1,BBG000BPRN29,BBG000BPRN29,ONTO,ONTO INNOVATION INC,US,Equity,Common Stock
683416101,cusip,ok,1,BBG001QB7V26,BBG001QB7V26,OOMA,OOMA INC,US,Equity,Common Stock
683712103,cusip,ok,1,BBG00SHY8ZQ1,BBG00SHY8ZQ1,OPEN,OPENDOOR TECHNOLOGIES INC,US,Equity,Common Stock
683797104,cusip,ok,1,BBG000F006R9,BBG000F006R9,OPY,OPPENHEIMER HOLDINGS-CL A,US,Equity,Common Stock
68386H103,cusip,ok,1,BBG00XV5D453,BBG00XV5D453,OPFI,OPPFI INC,US,Equity,Common Stock
68389X105,cusip,ok,1,BBG000BQLTW7,BBG000BQLTW7,ORCL,ORACLE CORP,US,Equity,Common Stock
68404L201,cusip,ok,1,BBG000BQK480,BBG000BQK480,OPCH,OPTION CARE HEALTH INC,US,Equity,Common Stock
68622V106,cusip,ok,1,BBG00ZQRGW24,BBG00ZQRGW24,OGN,ORGANON & CO,US,Equity,Common Stock
68628V308,cusip,ok,1,BBG000BG8N39,BBG000BG8N39,ORN,ORION GROUP HOLDINGS INC,US,Equity,Common Stock
687793109,cusip,ok,1,BBG00YMWFTZ2,BBG00YMWFTZ2,OSCR,OSCAR HEALTH INC - CLASS A,US,Equity,Common Stock
68902V107,cusip,ok,1,BBG00RP60KV0,BBG00RP60KV0,OTIS,OTIS WORLDWIDE CORP,US,Equity,Common Stock
69007J106,cusip,No identifier found.,,,,,,,,
69007J304,cusip,ok,1,BBG004S69ZX4,BBG004S69ZX4,OUT,OUTFRONT MEDIA INC,US,Equity,REIT
690370101,cusip,ok,1,BBG000BF7BV7,BBG000BF7BV7,NXH,NEIGHBORHOOD INTELLIGENCE IN,US,Equity,Common Stock
69047Q102,cusip,ok,1,BBG00R2NHQ65,BBG00R2NHQ65,OVV,OVINTIV INC,US,Equity,Common Stock
690768403,cusip,No identifier found.,,,,,,,,
69327R101,cusip,No identifier found.,,,,,,,,
69331C108,cusip,ok,1,BBG000BQWPC5,BBG000BQWPC5,PCG,P G & E CORP,US,Equity,Common Stock
693475105,cusip,ok,1,BBG000BRD0D8,BBG000BRD0D8,PNC,PNC FINANCIAL SERVICES GROUP,US,Equity,Common Stock
693506107,cusip,ok,1,BBG000BRJ809,BBG000BRJ809,PPG,PPG INDUSTRIES INC,US,Equity,Common Stock
69351T106,cusip,ok,1,BBG000BRJL00,BBG000BRJL00,PPL,PPL CORP,US,Equity,Common Stock
69354M108,cusip,No identifier found.,,,,,,,,
69355F102,cusip,No identifier found.,,,,,,,,
693656100,cusip,ok,1,BBG000BRRG02,BBG000BRRG02,PVH,PVH CORP,US,Equity,Common Stock
69366J200,cusip,ok,1,BBG000QT15P7,BBG000QT15P7,PTCT,PTC THERAPEUTICS INC,US,Equity,Common Stock
69370C100,cusip,ok,1,BBG000C2VBB0,BBG000C2VBB0,PTC,PTC INC,US,Equity,Common Stock
693718108,cusip,ok,1,BBG000BQVTF5,BBG000BQVTF5,PCAR,PACCAR INC,US,Equity,Common Stock
69404D108,cusip,ok,1,BBG000QKXH20,BBG000QKXH20,PACB,PACIFIC BIOSCIENCES OF CALIF,US,Equity,Common Stock
695156109,cusip,ok,1,BBG000BB8SW7,BBG000BB8SW7,PKG,PACKAGING CORP OF AMERICA,US,Equity,Common Stock
69553P100,cusip,ok,1,BBG0043BYPB8,BBG0043BYPB8,PD,PAGERDUTY INC,US,Equity,Common Stock
69608A108,cusip,ok,1,BBG000N7QR55,BBG000N7QR55,PLTR,PALANTIR TECHNOLOGIES INC-A,US,Equity,Common Stock
697435105,cusip,ok,1,BBG0014GJCT9,BBG0014GJCT9,PANW,PALO ALTO NETWORKS INC,US,Equity,Common Stock
69932A204,cusip,ok,1,BBG01VS5NK99,BBG01VS5NK99,PSKY,PARAMOUNT SKYDANCE CL B,US,Equity,Common Stock
701094104,cusip,ok,1,BBG000BR3KL6,BBG000BR3KL6,PH,PARKER HANNIFIN CORP,US,Equity,Common Stock
701877102,cusip,No identifier found.,,,,,,,,
704326107,cusip,ok,1,BBG000BQSQ38,BBG000BQSQ38,PAYX,PAYCHEX INC,US,Equity,Common Stock
70432V102,cusip,ok,1,BBG0064N0ZZ5,BBG0064N0ZZ5,PAYC,PAYCOM SOFTWARE INC,US,Equity,Common Stock
70435P102,cusip,No identifier found.,,,,,,,,
70438V106,cusip,ok,1,BBG006598YS8,BBG006598YS8,PCTY,PAYLOCITY HOLDING CORP,US,Equity,Common Stock
70450Y103,cusip,ok,1,BBG0077VNXV6,BBG0077VNXV6,PYPL,PAYPAL HOLDINGS INC,US,Equity,Common Stock
705573103,cusip,ok,1,BBG000H1RYG7,BBG000H1RYG7,PEGA,PEGASYSTEMS INC,US,Equity,Common Stock
70614W100,cusip,ok,1,BBG00JG0FFZ2,BBG00JG0FFZ2,PTON,PELOTON INTERACTIVE INC-A,US,Equity,Common Stock
706915105,cusip,ok,1,BBG00GLTQCX6,BBG00GLTQCX6,PENG,PENGUIN SOLUTIONS INC,US,Equity,Common Stock
707569109,cusip,ok,1,BBG000CDZLV8,BBG000CDZLV8,PENN,PENN ENTERTAINMENT INC,US,Equity,Common Stock
70805E109,cusip,ok,1,BBG00P33SY72,BBG00P33SY72,PNTG,PENNANT GROUP INC/THE,US,Equity,Common Stock
70975L107,cusip,ok,1,BBG001BP92V1,BBG001BP92V1,PEN,PENUMBRA INC,US,Equity,Common Stock
712704105,cusip,No identifier found.,,,,,,,,
713448108,cusip,ok,1,BBG000DH7JK6,BBG000DH7JK6,PEP,PEPSICO INC,US,Equity,Common Stock
71377A103,cusip,ok,1,BBG009XW2WB8,BBG009XW2WB8,PFGC,PERFORMANCE FOOD GROUP CO,US,Equity,Common Stock
71385M107,cusip,ok,1,BBG01QXPR7H6,BBG01QXPR7H6,PRM,PERIMETER SOLUTIONS INC,US,Equity,Common Stock
714046109,cusip,ok,1,BBG000FXW512,BBG000FXW512,RVTY,REVVITY INC,US,Equity,Common Stock
71424F105,cusip,ok,1,BBG00CNYBQ76,BBG00CNYBQ76,PR,PERMIAN RESOURCES CORP-CL A,US,Equity,Common Stock
71535D106,cusip,ok,1,BBG0027NWBR8,BBG0027NWBR8,PSNL,PERSONALIS INC,US,Equity,Common Stock
71601V105,cusip,ok,1,BBG00YFGTVN8,BBG00YFGTVN8,WOOF,PETCO HEALTH AND WELLNESS CO,US,Equity,Common Stock
717081103,cusip,ok,1,BBG000BR2B91,BBG000BR2B91,PFE,PFIZER INC,US,Equity,Common Stock
71742Q106,cusip,ok,1,BBG000C31ZH2,BBG000C31ZH2,PAHC,PHIBRO ANIMAL HEALTH CORP-A,US,Equity,Common Stock
718172109,cusip,ok,1,BBG000J2XL74,BBG000J2XL74,PM,PHILIP MORRIS INTERNATIONAL,US,Equity,Common Stock
718546104,cusip,ok,1,BBG00286S4N9,BBG00286S4N9,PSX,PHILLIPS 66,US,Equity,Common Stock
71944F106,cusip,ok,1,BBG0019J4TP1,BBG0019J4TP1,PHR,PHREESIA INC,US,Equity,Common Stock
72147K108,cusip,ok,1,BBG000BFLXV3,BBG000BFLXV3,PPC,PILGRIM'S PRIDE CORP,US,Equity,Common Stock
722304102,cusip,ok,1,BBG00LBLDDR2,BBG00LBLDDR2,PDD,PDD HOLDINGS INC,US,Equity,ADR
72346Q104,cusip,No identifier found.,,,,,,,,
723484101,cusip,ok,1,BBG000BRDSX5,BBG000BRDSX5,PNW,PINNACLE WEST CAPITAL,US,Equity,Common Stock
72348N109,cusip,ok,1,BBG01Z7V4LL1,BBG01Z7V4LL1,PNFP,PINNACLE FINANCIAL PARTNERS,US,Equity,Common Stock
72352L106,cusip,ok,1,BBG002583CV8,BBG002583CV8,PINS,PINTEREST INC- CLASS A,US,Equity,Common Stock
723787107,cusip,No identifier found.,,,,,,,,
724479100,cusip,ok,1,BBG000BQTMJ9,BBG000BQTMJ9,PBI,PITNEY BOWES INC,US,Equity,Common Stock
72703H101,cusip,ok,1,BBG009H04M17,BBG009H04M17,PLNT,PLANET FITNESS INC - CL A,US,Equity,Common Stock
72703X106,cusip,ok,1,BBG00ZCV3P74,BBG00ZCV3P74,PL,PLANET LABS PBC,US,Equity,Common Stock
72815L107,cusip,ok,1,BBG00QQ8C789,BBG00QQ8C789,PLTK,PLAYTIKA HOLDING CORP,US,Equity,Common Stock
72919P202,cusip,ok,1,BBG000C1XSP8,BBG000C1XSP8,PLUG,PLUG POWER INC,US,Equity,Common Stock
72941B106,cusip,No identifier found.,,,,,,,,
731068102,cusip,ok,1,BBG000D5S4M0,BBG000D5S4M0,PII,POLARIS INC,US,Equity,Common Stock
73278L105,cusip,ok,1,BBG000BCVG28,BBG000BCVG28,POOL,POOL CORP,US,Equity,Common Stock
733174700,cusip,ok,1,BBG000BDNB35,BBG000BDNB35,BPOP,POPULAR INC,US,Equity,Common Stock
733245104,cusip,ok,1,BBG00QYZND30,BBG00QYZND30,PRCH,PORCH GROUP INC,US,Equity,Common Stock
737446104,cusip,ok,1,BBG001WTBC36,BBG001WTBC36,POST,POST HOLDINGS INC,US,Equity,Common Stock
739128106,cusip,ok,1,BBG000BRGWN4,BBG000BRGWN4,POWL,POWELL INDUSTRIES INC,US,Equity,Common Stock
74006W207,cusip,ok,1,BBG00W9LF2G5,BBG00W9LF2G5,PRAX,PRAXIS PRECISION MEDICINES I,US,Equity,Common Stock
74017N105,cusip,ok,1,BBG000QL8VH9,BBG000QL8VH9,PGEN,PRECIGEN INC,US,Equity,Common Stock
740444104,cusip,ok,1,BBG000M68PH9,BBG000M68PH9,PLPC,PREFORMED LINE PRODUCTS CO,US,Equity,Common Stock
74144T108,cusip,ok,1,BBG000BVMPN3,BBG000BVMPN3,TROW,T ROWE PRICE GROUP INC,US,Equity,Common Stock
74164F103,cusip,ok,1,BBG000BBLPH5,BBG000BBLPH5,PRIM,PRIMORIS SERVICES CORP,US,Equity,Common Stock
74164M108,cusip,ok,1,BBG000T8ZF80,BBG000T8ZF80,PRI,PRIMERICA INC,US,Equity,Common Stock
74165N105,cusip,No identifier found.,,,,,,,,
74167P108,cusip,No identifier found.,,,,,,,,
74251V102,cusip,ok,1,BBG000NSCNT7,BBG000NSCNT7,PFG,PRINCIPAL FINANCIAL GROUP,US,Equity,Common Stock
742718109,cusip,ok,1,BBG000BR2TH3,BBG000BR2TH3,PG,PROCTER & GAMBLE CO/THE,US,Equity,Common Stock
74275K108,cusip,ok,1,BBG0026ZJ304,BBG0026ZJ304,PCOR,PROCORE TECHNOLOGIES INC,US,Equity,Common Stock
743315103,cusip,ok,1,BBG000BR37X2,BBG000BR37X2,PGR,PROGRESSIVE CORP,US,Equity,Common Stock
74340E103,cusip,ok,1,BBG002H1K1H1,BBG002H1K1H1,PGNY,PROGYNY INC,US,Equity,Common Stock
74340W103,cusip,ok,1,BBG000B9Z0J8,BBG000B9Z0J8,PLD,PROLOGIS INC,US,Equity,REIT
743424103,cusip,No identifier found.,,,,,,,,
743606105,cusip,ok,1,BBG000BHY4D9,BBG000BHY4D9,PB,PROSPERITY BANCSHARES INC,US,Equity,Common Stock
74366E102,cusip,ok,1,BBG002B63KM7,BBG002B63KM7,PTGX,PROTAGONIST THERAPEUTICS INC,US,Equity,Common Stock
743713109,cusip,ok,1,BBG000BT13B3,BBG000BT13B3,PRLB,PROTO LABS INC,US,Equity,Common Stock
744320102,cusip,ok,1,BBG000HCJMF9,BBG000HCJMF9,PRU,PRUDENTIAL FINANCIAL INC,US,Equity,Common Stock
744573106,cusip,ok,1,BBG000BQZMH4,BBG000BQZMH4,PEG,PUBLIC SERVICE ENTERPRISE GP,US,Equity,Common Stock
74460D109,cusip,ok,1,BBG000BPPN67,BBG000BPPN67,PSA,PUBLIC STORAGE,US,Equity,REIT
745867101,cusip,ok,1,BBG000BR54L0,BBG000BR54L0,PHM,PULTEGROUP INC,US,Equity,Common Stock
74623V103,cusip,ok,1,BBG00YRJF1V1,BBG00YRJF1V1,PCT,PURECYCLE TECHNOLOGIES INC,US,Equity,Common Stock
74624M102,cusip,ok,1,BBG00212PVZ5,BBG00212PVZ5,P,EVERPURE INC-A,US,Equity,Common Stock
74736K101,cusip,ok,1,BBG007TJF1N7,BBG007TJF1N7,QRVO,QORVO INC,US,Equity,Common Stock
74743L100,cusip,ok,1,BBG01TRL73S5,BBG01TRL73S5,Q,QNITY ELECTRONICS INC,US,Equity,Common Stock
747525103,cusip,ok,1,BBG000CGC1X8,BBG000CGC1X8,QCOM,QUALCOMM INC,US,Equity,Common Stock
74758T303,cusip,ok,1,BBG000HT5G06,BBG000HT5G06,QLYS,QUALYS INC,US,Equity,Common Stock
74762E102,cusip,ok,1,BBG000BBL8V7,BBG000BBL8V7,PWR,QUANTA SERVICES INC,US,Equity,Common Stock
74767V109,cusip,ok,1,BBG00VJ17DS2,BBG00VJ17DS2,QS,QUANTUMSCAPE CORP,US,Equity,Common Stock
74834L100,cusip,ok,1,BBG000BN84F3,BBG000BN84F3,DGX,QUEST DIAGNOSTICS INC,US,Equity,Common Stock
74838J101,cusip,No identifier found.,,,,,,,,
74935Q107,cusip,ok,1,BBG000C1DF05,BBG000C1DF05,RBA,RB GLOBAL INC,US,Equity,Common Stock
749607107,cusip,ok,1,BBG000BS7ZF4,BBG000BS7ZF4,RLI,RLI CORP,US,Equity,Common Stock
74967X103,cusip,ok,1,BBG002293PJ4,BBG002293PJ4,RH,RH,US,Equity,Common Stock
749685103,cusip,ok,1,BBG000DCNK80,BBG000DCNK80,RPM,RPM INTERNATIONAL INC,US,Equity,Common Stock
74982T103,cusip,ok,1,BBG0160DYCH4,BBG0160DYCH4,RXO,RXO INC,US,Equity,Common Stock
750102105,cusip,ok,1,BBG00W0JYQQ4,BBG00W0JYQQ4,RXT,RACKSPACE TECHNOLOGY INC,US,Equity,Common Stock
750917106,cusip,ok,1,BBG000BR32C6,BBG000BR32C6,RMBS,RAMBUS INC,US,Equity,Common Stock
750940108,cusip,ok,1,BBG01V4YRP24,BBG01V4YRP24,RAL,RALLIANT CORP,US,Equity,Common Stock
751212101,cusip,ok,1,BBG000BS0ZF1,BBG000BS0ZF1,RL,RALPH LAUREN CORP,US,Equity,Common Stock
75134P600,cusip,ok,1,BBG00BCQJ2X3,BBG00BCQJ2X3,METC,RAMACO RESOURCES INC-A,US,Equity,Common Stock
75281A109,cusip,ok,1,BBG000FVXD63,BBG000FVXD63,RRC,RANGE RESOURCES CORP,US,Equity,Common Stock
754730109,cusip,ok,1,BBG000BS73J1,BBG000BS73J1,RJF,RAYMOND JAMES FINANCIAL INC,US,Equity,Common Stock
755111507,cusip,No identifier found.,,,,,,,,
75513E101,cusip,ok,1,BBG000BW8S60,BBG000BW8S60,RTX,RTX CORP,US,Equity,Common Stock
75524B104,cusip,ok,1,BBG000GMGNB3,BBG000GMGNB3,RBC,RBC BEARINGS INC,US,Equity,Common Stock
75585H206,cusip,No identifier found.,,,,,,,,
75606N109,cusip,No identifier found.,,,,,,,,
756109104,cusip,ok,1,BBG000DHPN63,BBG000DHPN63,O,REALTY INCOME CORP,US,Equity,REIT
75615P103,cusip,No identifier found.,,,,,,,,
75704L104,cusip,ok,1,BBG00HNGGZ88,BBG00HNGGZ88,RDVT,RED VIOLET INC,US,Equity,Common Stock
75734B100,cusip,ok,1,BBG005K1D4S0,BBG005K1D4S0,RDDT,REDDIT INC-CL A,US,Equity,Common Stock
758750103,cusip,ok,1,BBG000BRXTR8,BBG000BRXTR8,RRX,REGAL REXNORD CORP,US,Equity,Common Stock
758849103,cusip,ok,1,BBG000BL46Q4,BBG000BL46Q4,REG,REGENCY CENTERS CORP,US,Equity,REIT
75886F107,cusip,ok,1,BBG000C734W3,BBG000C734W3,REGN,REGENERON PHARMACEUTICALS,US,Equity,Common Stock
7591EP100,cusip,ok,1,BBG000Q3JN03,BBG000Q3JN03,RF,REGIONS FINANCIAL CORP,US,Equity,Common Stock
759509102,cusip,ok,1,BBG000CJ2181,BBG000CJ2181,RS,RELIANCE INC,US,Equity,Common Stock
759530108,cusip,ok,1,BBG000BVXCM1,BBG000BVXCM1,RELX,RELX PLC - SPON ADR,US,Equity,ADR
759916109,cusip,ok,1,BBG000BS48J3,BBG000BS48J3,RGEN,REPLIGEN CORP,US,Equity,Common Stock
760759100,cusip,ok,1,BBG000BPXVJ6,BBG000BPXVJ6,RSG,REPUBLIC SERVICES INC,US,Equity,Common Stock
761152107,cusip,ok,1,BBG000L4M7F1,BBG000L4M7F1,RMD,RESMED INC,US,Equity,Common Stock
76131D103,cusip,ok,1,BBG0076WG2V1,BBG0076WG2V1,QSR,RESTAURANT BRANDS INTERN,US,Equity,Common Stock
76134H101,cusip,ok,1,BBG01RK1C3P7,BBG01RK1C3P7,RHLD,RESOLUTE HOLDINGS MANAG,US,Equity,Common Stock
76155X100,cusip,ok,1,BBG00829F4P8,BBG00829F4P8,RVMD,REVOLUTION MEDICINES INC,US,Equity,Common Stock
76156B107,cusip,ok,1,BBG00M4RHBD0,BBG00M4RHBD0,RVLV,REVOLVE GROUP INC-A,US,Equity,Common Stock
76171L106,cusip,ok,1,BBG00QVJVYB5,BBG00QVJVYB5,REYN,REYNOLDS CONSUMER PRODUCTS I,US,Equity,Common Stock
762544104,cusip,ok,1,BBG00HW4CSG6,BBG00HW4CSG6,RBBN,RIBBON COMMUNICATIONS INC,US,Equity,Common Stock
765504105,cusip,ok,1,BBG01HRPF6Y9,BBG01HRPF6Y9,RR,RICHTECH ROBOTICS INC-CL B,US,Equity,Common Stock
76680R206,cusip,ok,1,BBG000J094P3,BBG000J094P3,RNG,RINGCENTRAL INC-CLASS A,US,Equity,Common Stock
767744105,cusip,No identifier found.,,,,,,,,
76954A103,cusip,ok,1,BBG00741Y1N2,BBG00741Y1N2,RIVN,RIVIAN AUTOMOTIVE INC-A,US,Equity,Common Stock
770323103,cusip,ok,1,BBG000BS5DR2,BBG000BS5DR2,RHI,ROBERT HALF INC,US,Equity,Common Stock
770700102,cusip,ok,1,BBG008NMBXN8,BBG008NMBXN8,HOOD,ROBINHOOD MARKETS INC - A,US,Equity,Common Stock
771049103,cusip,ok,1,BBG001R1GCT0,BBG001R1GCT0,RBLX,ROBLOX CORP -CLASS A,US,Equity,Common Stock
77311W101,cusip,ok,1,BBG00VY1MYW7,BBG00VY1MYW7,RKT,ROCKET COS INC-CLASS A,US,Equity,Common Stock
773121108,cusip,ok,1,BBG01V7JN3F3,BBG01V7JN3F3,RKLB,ROCKET LAB CORP,US,Equity,Common Stock
773903109,cusip,ok,1,BBG000BBCDZ2,BBG000BBCDZ2,ROK,ROCKWELL AUTOMATION INC,US,Equity,Common Stock
77543R102,cusip,ok,1,BBG001ZZPQJ6,BBG001ZZPQJ6,ROKU,ROKU INC,US,Equity,Common Stock
775711104,cusip,ok,1,BBG000BSBBP1,BBG000BSBBP1,ROL,ROLLINS INC,US,Equity,Common Stock
776696106,cusip,ok,1,BBG000F1ZSN5,BBG000F1ZSN5,ROP,ROPER TECHNOLOGIES INC,US,Equity,Common Stock
778296103,cusip,ok,1,BBG000BSBZH7,BBG000BSBZH7,ROST,ROSS STORES INC,US,Equity,Common Stock
780287108,cusip,ok,1,BBG000BS5170,BBG000BS5170,RGLD,ROYAL GOLD INC,US,Equity,Common Stock
781154109,cusip,ok,1,BBG008D32605,BBG008D32605,RBRK,RUBRIK INC-A,US,Equity,Common Stock
78351F107,cusip,ok,1,BBG011K4W134,BBG011K4W134,RYAN,RYAN SPECIALTY HOLDINGS INC,US,Equity,Common Stock
78397Q109,cusip,ok,1,BBG00YMWPMT3,BBG00YMWPMT3,SES,SES AI CORP,US,Equity,Common Stock
78409V104,cusip,ok,1,BBG000BP1Q11,BBG000BP1Q11,SPGI,S&P GLOBAL INC,US,Equity,Common Stock
78410G104,cusip,ok,1,BBG000D2M0Z7,BBG000D2M0Z7,SBAC,SBA COMMUNICATIONS CORP,US,Equity,REIT
784117103,cusip,ok,1,BBG000BSQLT9,BBG000BSQLT9,SEIC,SEI INVESTMENTS COMPANY,US,Equity,Common Stock
78440X101,cusip,No identifier found.,,,,,,,,
78442P106,cusip,ok,1,BBG000BBCQD7,BBG000BBCQD7,SLM,SLM CORP,US,Equity,Common Stock
78462F103,cusip,ok,1,BBG000BDTBL9,BBG000BDTBL9,SPY,SS SPDR S&P 500 ETF TRUST-US,US,Equity,ETP
78467J100,cusip,ok,1,BBG000RJ2J04,BBG000RJ2J04,SSNC,SS&C TECHNOLOGIES HOLDINGS,US,Equity,Common Stock
78468R663,cusip,ok,1,BBG000RFQSH8,BBG000RFQSH8,BIL,SS SPDR BB 1-3M T-BILL ETF,US,Equity,ETP
78475V103,cusip,ok,1,BBG01ZPFR6N2,BBG01ZPFR6N2,MWH,SOLV ENERGY INC-CL A,US,Equity,Common Stock
78486Q101,cusip,No identifier found.,,,,,,,,
78573M104,cusip,ok,1,BBG005WQVVH4,BBG005WQVVH4,SABR,SABRE CORP,US,Equity,Common Stock
78667J108,cusip,No identifier found.,,,,,,,,
78709Y105,cusip,ok,1,BBG000P5LMQ0,BBG000P5LMQ0,SAIA,SAIA INC,US,Equity,Common Stock
79466L302,cusip,ok,1,BBG000BN2DC2,BBG000BN2DC2,CRM,SALESFORCE INC,US,Equity,Common Stock
79589L106,cusip,ok,1,BBG0099PW5P1,BBG0099PW5P1,IOT,SAMSARA INC-CL A,US,Equity,Common Stock
799566104,cusip,ok,1,BBG00N5BMH61,BBG00N5BMH61,SANA,SANA BIOTECHNOLOGY INC,US,Equity,Common Stock
80004C200,cusip,ok,1,BBG01R388JG1,BBG01R388JG1,SNDK,SANDISK CORP,US,Equity,Common Stock
801056102,cusip,ok,1,BBG000BHBTX7,BBG000BHBTX7,SANM,SANMINA CORP,US,Equity,Common Stock
803054204,cusip,ok,1,BBG000BDSLD7,BBG000BDSLD7,SAP,SAP SE-SPONSORED ADR,US,Equity,ADR
803607100,cusip,ok,1,BBG000BCJ161,BBG000BCJ161,SRPT,SAREPTA THERAPEUTICS INC,US,Equity,Common Stock
80517M109,cusip,ok,1,BBG01F5T0KZ3,BBG01F5T0KZ3,SVV,SAVERS VALUE VILLAGE INC,US,Equity,Common Stock
806407102,cusip,ok,1,BBG000BNMMJ3,BBG000BNMMJ3,HSIC,HENRY SCHEIN INC,US,Equity,Common Stock
806857108,cusip,ok,1,BBG000BT41Q8,BBG000BT41Q8,SLB,SLB LTD,US,Equity,Common Stock
80706P103,cusip,ok,1,BBG00KT2RRM6,BBG00KT2RRM6,SRRK,SCHOLAR ROCK HOLDING CORP,US,Equity,Common Stock
808513105,cusip,ok,1,BBG000BSLZY7,BBG000BSLZY7,SCHW,SCHWAB (CHARLES) CORP,US,Equity,Common Stock
808625107,cusip,ok,1,BBG003BW05K6,BBG003BW05K6,SAIC,SCIENCE APPLICATIONS INTE,US,Equity,Common Stock
80874P109,cusip,ok,1,BBG00JR5MM31,BBG00JR5MM31,LNWO,LIGHT & WONDER INC,US,Equity,Common Stock
810186106,cusip,ok,1,BBG000BT5PG5,BBG000BT5PG5,SMG,SCOTTS MIRACLE-GRO CO,US,Equity,Common Stock
81141R100,cusip,ok,1,BBG00HTBWMG5,BBG00HTBWMG5,SE,SEA LTD-ADR,US,Equity,ADR
81181C104,cusip,No identifier found.,,,,,,,,
81211K100,cusip,No identifier found.,,,,,,,,
812578102,cusip,No identifier found.,,,,,,,,
81663L200,cusip,ok,1,BBG00XDHY5P9,BBG00XDHY5P9,WGS,GENEDX HOLDINGS CORP,US,Equity,Common Stock
816850101,cusip,ok,1,BBG000DBKR53,BBG000DBKR53,SMTC,SEMTECH CORP,US,Equity,Common Stock
816851109,cusip,ok,1,BBG000C2ZCH8,BBG000C2ZCH8,SRE,SEMPRA,US,Equity,Common Stock
81730H109,cusip,ok,1,BBG00B6F2F09,BBG00B6F2F09,S,SENTINELONE INC -CLASS A,US,Equity,Common Stock
817565104,cusip,ok,1,BBG000BTHH16,BBG000BTHH16,SCI,SERVICE CORP INTERNATIONAL,US,Equity,Common Stock
81758H106,cusip,ok,1,BBG0123N71Y3,BBG0123N71Y3,SERV,SERVE ROBOTICS INC,US,Equity,Common Stock
81761R109,cusip,No identifier found.,,,,,,,,
81762P102,cusip,ok,1,BBG000M1R011,BBG000M1R011,NOW,SERVICENOW INC,US,Equity,Common Stock
81764X103,cusip,ok,1,BBG009DVYCT2,BBG009DVYCT2,TTAN,SERVICETITAN INC-A,US,Equity,Common Stock
819047101,cusip,ok,1,BBG0063GCHH8,BBG0063GCHH8,SHAK,SHAKE SHACK INC - CLASS A,US,Equity,Common Stock
824348106,cusip,ok,1,BBG000BSXQV7,BBG000BSXQV7,SHW,SHERWIN-WILLIAMS CO/THE,US,Equity,Common Stock
82452J109,cusip,ok,1,BBG00TX393L4,BBG00TX393L4,FOUR,SHIFT4 PAYMENTS INC-CLASS A,US,Equity,Common Stock
82489T104,cusip,No identifier found.,,,,,,,,
82489W107,cusip,ok,1,BBG00YQ82275,BBG00YQ82275,SHLS,SHOALS TECHNOLOGIES GROUP -A,US,Equity,Common Stock
82509L107,cusip,ok,1,BBG008HBD923,BBG008HBD923,SHOP,SHOPIFY INC - CLASS A,US,Equity,Common Stock
82669G104,cusip,ok,1,BBG000M6TR37,BBG000M6TR37,SBNY,SIGNATURE BANK,US,Equity,Common Stock
82671G100,cusip,No identifier found.,,,,,,,,
82846H405,cusip,ok,1,BBG000BV5627,BBG000BV5627,QXO,QXO INC,US,Equity,Common Stock
828806109,cusip,ok,1,BBG000BJ2D31,BBG000BJ2D31,SPG,SIMON PROPERTY GROUP INC,US,Equity,REIT
829073105,cusip,ok,1,BBG000JLC8L8,BBG000JLC8L8,SSD,SIMPSON MANUFACTURING CO INC,US,Equity,Common Stock
829214105,cusip,ok,1,BBG000BS2ZD1,BBG000BS2ZD1,SLP,SIMULATIONS PLUS INC,US,Equity,Common Stock
829226109,cusip,No identifier found.,,,,,,,,
829401108,cusip,ok,1,BBG016X2DC85,BBG016X2DC85,SION,SIONNA THERAPEUTICS INC,US,Equity,Common Stock
82968B103,cusip,No identifier found.,,,,,,,,
82982L103,cusip,ok,1,BBG009T22D49,BBG009T22D49,SITE,SITEONE LANDSCAPE SUPPLY INC,US,Equity,Common Stock
82982T106,cusip,ok,1,BBG00QNSY1H7,BBG00QNSY1H7,SITM,SITIME CORP,US,Equity,Common Stock
83001A102,cusip,No identifier found.,,,,,,,,
830566105,cusip,No identifier found.,,,,,,,,
83066P200,cusip,No identifier found.,,,,,,,,
83066P309,cusip,ok,1,BBG00PP0KFT9,BBG00PP0KFT9,SKIL,SKILLSOFT CORP,US,Equity,Common Stock
83067L109,cusip,No identifier found.,,,,,,,,
830879102,cusip,ok,1,BBG000BT36X0,BBG000BT36X0,SKYW,SKYWEST INC,US,Equity,Common Stock
83088M102,cusip,ok,1,BBG000KLB4Q1,BBG000KLB4Q1,SWKS,SKYWORKS SOLUTIONS INC,US,Equity,Common Stock
83088V102,cusip,No identifier found.,,,,,,,,
83089J108,cusip,No identifier found.,,,,,,,,
831865209,cusip,ok,1,BBG000BC1L02,BBG000BC1L02,AOS,SMITH (A.O.) CORP,US,Equity,Common Stock
83200N103,cusip,No identifier found.,,,,,,,,
832696405,cusip,ok,1,BBG000BT1715,BBG000BT1715,SJM,JM SMUCKER CO/THE,US,Equity,Common Stock
833034101,cusip,ok,1,BBG000BT7JW9,BBG000BT7JW9,SNA,SNAP-ON INC,US,Equity,Common Stock
833445109,cusip,ok,1,BBG007DHGNJ4,BBG007DHGNJ4,SNOW,SNOWFLAKE INC,US,Equity,Common Stock
83406F102,cusip,ok,1,BBG00YB1ZD58,BBG00YB1ZD58,SOFI,SOFI TECHNOLOGIES INC,US,Equity,Common Stock
83417M104,cusip,ok,1,BBG0084BBZY6,BBG0084BBZY6,SEDG,SOLAREDGE TECHNOLOGIES INC,US,Equity,Common Stock
83417Q105,cusip,No identifier found.,,,,,,,,
83418M103,cusip,ok,1,BBG00G7D6C05,BBG00G7D6C05,SEI,SOLARIS ENERGY INFRASTRUCTUR,US,Equity,Common Stock
83443Q103,cusip,ok,1,BBG01X5744P5,BBG01X5744P5,SOLS,SOLSTICE ADV MATERIALS INC,US,Equity,Common Stock
83444M101,cusip,ok,1,BBG018YZH6T3,BBG018YZH6T3,SOLV,SOLVENTUM CORP,US,Equity,Common Stock
83601L102,cusip,ok,1,BBG008LZG0Z5,BBG008LZG0Z5,SHC,SOTERA HEALTH CO,US,Equity,Common Stock
842587107,cusip,ok,1,BBG000BT9DW0,BBG000BT9DW0,SO,SOUTHERN CO/THE,US,Equity,Common Stock
84265V105,cusip,ok,1,BBG000BSHH72,BBG000BSHH72,SCCO,SOUTHERN COPPER CORP,US,Equity,Common Stock
844741108,cusip,ok,1,BBG000BNJHS8,BBG000BNJHS8,LUV,SOUTHWEST AIRLINES CO,US,Equity,Common Stock
845467109,cusip,No identifier found.,,,,,,,,
84615Q103,cusip,ok,1,BBG000NQF3Z5,BBG000NQF3Z5,SPCX,SPACE EXPLORATION TECHN-CL A,US,Equity,Common Stock
848574109,cusip,No identifier found.,,,,,,,,
848637104,cusip,No identifier found.,,,,,,,,
85208M102,cusip,ok,1,BBG001KFKQM7,BBG001KFKQM7,SFM,SPROUTS FARMERS MARKET INC,US,Equity,Common Stock
852234103,cusip,ok,1,BBG0018SLC07,BBG0018SLC07,XYZ,BLOCK INC,US,Equity,Common Stock
85423L103,cusip,ok,1,BBG000RD8M04,BBG000RD8M04,SARO,STANDARDAERO INC,US,Equity,Common Stock
854502101,cusip,ok,1,BBG000BTQR96,BBG000BTQR96,SWK,STANLEY BLACK & DECKER INC,US,Equity,Common Stock
855244109,cusip,ok,1,BBG000CTQBF3,BBG000CTQBF3,SBUX,STARBUCKS CORP,US,Equity,Common Stock
857477103,cusip,ok,1,BBG000BKFBD7,BBG000BKFBD7,STT,STATE STREET CORP,US,Equity,Common Stock
858119100,cusip,ok,1,BBG000HGYNZ9,BBG000HGYNZ9,STLD,STEEL DYNAMICS INC,US,Equity,Common Stock
85917A100,cusip,No identifier found.,,,,,,,,
859241101,cusip,ok,1,BBG000JD6TN5,BBG000JD6TN5,STRL,STERLING INFRASTRUCTURE INC,US,Equity,Common Stock
86333M108,cusip,ok,1,BBG000QSXPZ9,BBG000QSXPZ9,LRN,STRIDE INC,US,Equity,Common Stock
863667101,cusip,ok,1,BBG000DN7P92,BBG000DN7P92,SYK,STRYKER CORP,US,Equity,Common Stock
86627T108,cusip,ok,1,BBG00X3GQL76,BBG00X3GQL76,SMMT,SUMMIT THERAPEUTICS INC,US,Equity,Common Stock
866674104,cusip,ok,1,BBG000BLJWF3,BBG000BLJWF3,SUI,SUN COMMUNITIES INC,US,Equity,REIT
867914103,cusip,No identifier found.,,,,,,,,
86800U104,cusip,No identifier found.,,,,,,,,
86800U302,cusip,ok,1,BBG000MYZDJ3,BBG000MYZDJ3,SMCI,SUPER MICRO COMPUTER INC,US,Equity,Common Stock
87043Q108,cusip,ok,1,BBG005NTTSP9,BBG005NTTSP9,SG,SWEETGREEN INC - CLASS A,US,Equity,Common Stock
87105L104,cusip,No identifier found.,,,,,,,,
871503108,cusip,No identifier found.,,,,,,,,
87151X101,cusip,ok,1,BBG00Z72HCV1,BBG00Z72HCV1,SYM,SYMBOTIC INC,US,Equity,Common Stock
871607107,cusip,ok,1,BBG000BSFRF3,BBG000BSFRF3,SNPS,SYNOPSYS INC,US,Equity,Common Stock
87161C501,cusip,No identifier found.,,,,,,,,
87165B103,cusip,ok,1,BBG00658F3P3,BBG00658F3P3,SYF,SYNCHRONY FINANCIAL,US,Equity,Common Stock
87166B102,cusip,No identifier found.,,,,,,,,
871829107,cusip,ok,1,BBG000BTVJ25,BBG000BTVJ25,SYY,SYSCO CORP,US,Equity,Common Stock
87236Y108,cusip,No identifier found.,,,,,,,,
872540109,cusip,ok,1,BBG000BV8DN6,BBG000BV8DN6,TJX,TJX COMPANIES INC,US,Equity,Common Stock
87256C101,cusip,ok,1,BBG01G9JKWV5,BBG01G9JKWV5,TKO,TKO GROUP HOLDINGS INC,US,Equity,Common Stock
872590104,cusip,ok,1,BBG000NDV1D4,BBG000NDV1D4,TMUS,T-MOBILE US INC,US,Equity,Common Stock
872657101,cusip,ok,1,BBG0145FSNR1,BBG0145FSNR1,TPG,TPG INC,US,Equity,Common Stock
87305R109,cusip,ok,1,BBG000BYQ0B1,BBG000BYQ0B1,TTMI,TTM TECHNOLOGIES,US,Equity,Common Stock
874039100,cusip,ok,1,BBG000BD8ZK0,BBG000BD8ZK0,TSM,TAIWAN SEMICONDUCTOR-SP ADR,US,Equity,ADR
874054109,cusip,ok,1,BBG000BS1YV5,BBG000BS1YV5,TTWO,TAKE-TWO INTERACTIVE SOFTWRE,US,Equity,Common Stock
874080104,cusip,ok,1,BBG0016XJ8S0,BBG0016XJ8S0,TAL,TAL EDUCATION GROUP- ADR,US,Equity,ADR
87422Q109,cusip,ok,1,BBG01GWQVVD3,BBG01GWQVVD3,TLN,TALEN ENERGY CORP,US,Equity,Common Stock
875372203,cusip,ok,1,BBG0019V9M65,BBG0019V9M65,TNDM,TANDEM DIABETES CARE INC,US,Equity,Common Stock
876030107,cusip,ok,1,BBG000BY29C7,BBG000BY29C7,TPR,TAPESTRY INC,US,Equity,Common Stock
87612E106,cusip,ok,1,BBG000H8TVT2,BBG000H8TVT2,TGT,TARGET CORP,US,Equity,Common Stock
87612G101,cusip,ok,1,BBG0015XMW40,BBG0015XMW40,TRGP,TARGA RESOURCES CORP,US,Equity,Common Stock
877619106,cusip,ok,1,BBG00TJXFDP1,BBG00TJXFDP1,TSHA,TAYSHA GENE THERAPIES INC,US,Equity,Common Stock
87918A105,cusip,ok,1,BBG0019T5SG0,BBG0019T5SG0,TDOC,TELADOC HEALTH INC,US,Equity,Common Stock
879360105,cusip,ok,1,BBG000BMT9T6,BBG000BMT9T6,TDY,TELEDYNE TECHNOLOGIES INC,US,Equity,Common Stock
879369106,cusip,ok,1,BBG000BV59Y6,BBG000BV59Y6,TFX,TELEFLEX INC,US,Equity,Common Stock
88023B103,cusip,ok,1,BBG01MZQYJF9,BBG01MZQYJF9,TEM,TEMPUS AI INC-CL A,US,Equity,Common Stock
88023U101,cusip,ok,1,BBG000PXGT62,BBG000PXGT62,SGI,SOMNIGROUP INTERNATIONAL INC,US,Equity,Common Stock
88025U109,cusip,ok,1,BBG007WX14X0,BBG007WX14X0,TXG,10X GENOMICS INC-CLASS A,US,Equity,Common Stock
88034P109,cusip,ok,1,BBG00LDC5RK5,BBG00LDC5RK5,TME,TENCENT MUSIC ENTERTAINM-ADR,US,Equity,ADR
88076W103,cusip,ok,1,BBG000R0L5J4,BBG000R0L5J4,TDC,TERADATA CORP,US,Equity,Common Stock
880770102,cusip,ok,1,BBG000BV4DR6,BBG000BV4DR6,TER,TERADYNE INC,US,Equity,Common Stock
88080T104,cusip,ok,1,BBG0122MC900,BBG0122MC900,WULF,TERAWULF INC,US,Equity,Common Stock
88160R101,cusip,ok,1,BBG000N9MNX3,BBG000N9MNX3,TSLA,TESLA INC,US,Equity,Common Stock
88162G103,cusip,ok,1,BBG000BYZ0Q5,BBG000BYZ0Q5,TTEK,TETRA TECH INC,US,Equity,Common Stock
882508104,cusip,ok,1,BBG000BVV7G1,BBG000BVV7G1,TXN,TEXAS INSTRUMENTS INC,US,Equity,Common Stock
88262P102,cusip,ok,1,BBG00YRJXKB1,BBG00YRJXKB1,TPL,TEXAS PACIFIC LAND CORP,US,Equity,Common Stock
882681109,cusip,ok,1,BBG000PSJMV7,BBG000PSJMV7,TXRH,TEXAS ROADHOUSE INC,US,Equity,Common Stock
883203101,cusip,ok,1,BBG000BVVQQ8,BBG000BVVQQ8,TXT,TEXTRON INC,US,Equity,Common Stock
88322Q108,cusip,ok,1,BBG000FVZQY1,BBG000FVZQY1,TGTX,TG THERAPEUTICS INC,US,Equity,Common Stock
88339J105,cusip,ok,1,BBG00629NGT2,BBG00629NGT2,TTD,TRADE DESK INC/THE -CLASS A,US,Equity,Common Stock
88339P101,cusip,ok,1,BBG004FPDNZ6,BBG004FPDNZ6,REAL,REALREAL INC/THE,US,Equity,Common Stock
883556102,cusip,ok,1,BBG000BVDLH9,BBG000BVDLH9,TMO,THERMO FISHER SCIENTIFIC INC,US,Equity,Common Stock
88362T103,cusip,No identifier found.,,,,,,,,
885160101,cusip,ok,1,BBG000BV6R84,BBG000BV6R84,THO,THOR INDUSTRIES INC,US,Equity,Common Stock
88546E105,cusip,No identifier found.,,,,,,,,
88556E102,cusip,ok,1,BBG001PG5WQ0,BBG001PG5WQ0,TDUP,THREDUP INC - CLASS A,US,Equity,Common Stock
88579Y101,cusip,ok,1,BBG000BP52R2,BBG000BP52R2,MMM,3M CO,US,Equity,Common Stock
886547108,cusip,No identifier found.,,,,,,,,
887432334,cusip,ok,1,BBG00QXSPRP0,BBG00QXSPRP0,TPIF,TIMOTHY PLAN INTL ETF,US,Equity,ETP
887432359,cusip,ok,1,BBG00P1J0XV4,BBG00P1J0XV4,TPLC,TIMOTHY PLN US LRG/MID CAP,US,Equity,ETP
888787108,cusip,ok,1,BBG00BTJVK94,BBG00BTJVK94,TOST,TOAST INC-CLASS A,US,Equity,Common Stock
889478103,cusip,ok,1,BBG000BVHBM1,BBG000BVHBM1,TOL,TOLL BROTHERS INC,US,Equity,Common Stock
89055F103,cusip,No identifier found.,,,,,,,,
891092108,cusip,ok,1,BBG000BVQRY3,BBG000BVQRY3,TTC,TORO CO,US,Equity,Common Stock
892356106,cusip,ok,1,BBG000BLXZN1,BBG000BLXZN1,TSCO,TRACTOR SUPPLY COMPANY,US,Equity,Common Stock
892672106,cusip,ok,1,BBG00NK8H8T2,BBG00NK8H8T2,TW,TRADEWEB MARKETS INC-CLASS A,US,Equity,Common Stock
893641100,cusip,ok,1,BBG000L8CBX4,BBG000L8CBX4,TDG,TRANSDIGM GROUP INC,US,Equity,Common Stock
89377M109,cusip,ok,1,BBG00NZ6J685,BBG00NZ6J685,TMDX,TRANSMEDICS GROUP INC,US,Equity,Common Stock
89400J107,cusip,ok,1,BBG002Q7J5Z1,BBG002Q7J5Z1,TRU,TRANSUNION,US,Equity,Common Stock
894164102,cusip,ok,1,BBG000PV2L86,BBG000PV2L86,TNL,TRAVEL + LEISURE CO,US,Equity,Common Stock
89417E109,cusip,ok,1,BBG000BJ81C1,BBG000BJ81C1,TRV,TRAVELERS COS INC/THE,US,Equity,Common Stock
89422G107,cusip,ok,1,BBG000P9D6W9,BBG000P9D6W9,TVTX,TRAVERE THERAPEUTICS INC,US,Equity,Common Stock
89469A104,cusip,No identifier found.,,,,,,,,
89531P105,cusip,ok,1,BBG000BTGKK9,BBG000BTGKK9,TREX,TREX COMPANY INC,US,Equity,Common Stock
896239100,cusip,ok,1,BBG000BNPS52,BBG000BNPS52,TRMB,TRIMBLE INC,US,Equity,Common Stock
896945201,cusip,ok,1,BBG001M8HHB7,BBG001M8HHB7,TRIP,TRIPADVISOR INC,US,Equity,Common Stock
898202106,cusip,ok,1,BBG002BC7WC5,BBG002BC7WC5,TRUP,TRUPANION INC,US,Equity,Common Stock
89832Q109,cusip,ok,1,BBG000BYYLS8,BBG000BYYLS8,TFC,TRUIST FINANCIAL CORP,US,Equity,Common Stock
89834G562,cusip,ok,1,BBG01P7FWPV7,BBG01P7FWPV7,JGRW,JENSEN QUALITY GROWTH ETF,US,Equity,ETP
90089L108,cusip,ok,1,BBG00ZSDS6T8,BBG00ZSDS6T8,TSPH,CREATEAI HOLDINGS INC,US,Equity,Common Stock
90138F102,cusip,ok,1,BBG0029ZX840,BBG0029ZX840,TWLO,TWILIO INC - A,US,Equity,Common Stock
90184D100,cusip,ok,1,BBG006KDCHJ4,BBG006KDCHJ4,TWST,TWIST BIOSCIENCE CORP,US,Equity,Common Stock
90184L102,cusip,No identifier found.,,,,,,,,
90214J101,cusip,No identifier found.,,,,,,,,
902252105,cusip,ok,1,BBG000BVWZF9,BBG000BVWZF9,TYL,TYLER TECHNOLOGIES INC,US,Equity,Common Stock
902494103,cusip,ok,1,BBG000DKCC19,BBG000DKCC19,TSN,TYSON FOODS INC-CL A,US,Equity,Common Stock
902653104,cusip,ok,1,BBG000C41023,BBG000C41023,UDR,UDR INC,US,Equity,REIT
902973304,cusip,ok,1,BBG000FFDM15,BBG000FFDM15,USB,US BANCORP,US,Equity,Common Stock
90337L108,cusip,ok,1,BBG000CSRSG6,BBG000CSRSG6,USPH,U.S. PHYSICAL THERAPY INC,US,Equity,Common Stock
90353T100,cusip,ok,1,BBG002B04MT8,BBG002B04MT8,UBER,UBER TECHNOLOGIES INC,US,Equity,Common Stock
90353W103,cusip,ok,1,BBG001R72SR9,BBG001R72SR9,UI,UBIQUITI INC,US,Equity,Common Stock
90364P105,cusip,ok,1,BBG00GKS1G03,BBG00GKS1G03,PATH,UIPATH INC - CLASS A,US,Equity,Common Stock
903731107,cusip,ok,1,BBG007N72M93,BBG007N72M93,ULS,UL SOLUTIONS INC - CLASS A,US,Equity,Common Stock
90384S303,cusip,ok,1,BBG00FWQ4VD6,BBG00FWQ4VD6,ULTA,ULTA BEAUTY INC,US,Equity,Common Stock
90400D108,cusip,ok,1,BBG001RWPDW6,BBG001RWPDW6,RARE,ULTRAGENYX PHARMACEUTICAL IN,US,Equity,Common Stock
904311107,cusip,ok,1,BBG000BXM6V2,BBG000BXM6V2,UAA,UNDER ARMOUR INC-CLASS A,US,Equity,Common Stock
904311206,cusip,ok,1,BBG009DTD8H2,BBG009DTD8H2,UA,UNDER ARMOUR INC-CLASS C,US,Equity,Common Stock
904767704,cusip,No identifier found.,,,,,,,,
907818108,cusip,ok,1,BBG000BW3299,BBG000BW3299,UNP,UNION PACIFIC CORP,US,Equity,Common Stock
910047109,cusip,ok,1,BBG000M65M61,BBG000M65M61,UAL,UNITED AIRLINES HOLDINGS INC,US,Equity,Common Stock
911312106,cusip,ok,1,BBG000L9CV04,BBG000L9CV04,UPS,UNITED PARCEL SERVICE-CL B,US,Equity,Common Stock
911363109,cusip,ok,1,BBG000BXMFC3,BBG000BXMFC3,URI,UNITED RENTALS INC,US,Equity,Common Stock
913017109,cusip,No identifier found.,,,,,,,,
91324P102,cusip,ok,1,BBG000CH5208,BBG000CH5208,UNH,UNITEDHEALTH GROUP INC,US,Equity,Common Stock
91332U101,cusip,ok,1,BBG0056JW5G6,BBG0056JW5G6,U,UNITY SOFTWARE INC,US,Equity,Common Stock
91347P105,cusip,ok,1,BBG000BLRP41,BBG000BLRP41,OLED,UNIVERSAL DISPLAY CORP,US,Equity,Common Stock
913903100,cusip,ok,1,BBG000CB8Q50,BBG000CB8Q50,UHS,UNIVERSAL HEALTH SERVICES-B,US,Equity,Common Stock
913915104,cusip,ok,1,BBG000BJSMW1,BBG000BJSMW1,UTI,UNIVERSAL TECHNICAL INSTITUT,US,Equity,Common Stock
91529Y106,cusip,ok,1,BBG000BW2QX0,BBG000BW2QX0,UNM,UNUM GROUP,US,Equity,Common Stock
91680M107,cusip,ok,1,BBG00PKCBY53,BBG00PKCBY53,UPST,UPSTART HOLDINGS INC,US,Equity,Common Stock
91688F104,cusip,ok,1,BBG00FBJ6390,BBG00FBJ6390,UPWK,UPWORK INC,US,Equity,Common Stock
918204108,cusip,ok,1,BBG000BWCKB6,BBG000BWCKB6,VFC,VF CORP,US,Equity,Common Stock
91823B109,cusip,ok,1,BBG00R24YP60,BBG00R24YP60,UWMC,UWM HOLDINGS CORP,US,Equity,Common Stock
918284100,cusip,ok,1,BBG000BWJYL8,BBG000BWJYL8,VSEC,VSE CORP,US,Equity,Common Stock
91879Q109,cusip,ok,1,BBG000BCMWM1,BBG000BCMWM1,MTN,VAIL RESORTS INC,US,Equity,Common Stock
91913Y100,cusip,ok,1,BBG000BBGGQ1,BBG000BBGGQ1,VLO,VALERO ENERGY CORP,US,Equity,Common Stock
920253101,cusip,ok,1,BBG000BWB7V4,BBG000BWB7V4,VMI,VALMONT INDUSTRIES,US,Equity,Common Stock
92047W101,cusip,ok,1,BBG003DNHV56,BBG003DNHV56,VVV,VALVOLINE INC,US,Equity,Common Stock
922042742,cusip,ok,1,BBG000GM5FZ6,BBG000GM5FZ6,VT,VANGUARD TOT WORLD STK ETF,US,Equity,ETP
92206C680,cusip,ok,1,BBG0016LBV85,BBG0016LBV85,VONG,VANGUARD RUSSELL 1000 GROWTH,US,Equity,ETP
92220P105,cusip,No identifier found.,,,,,,,,
922417100,cusip,ok,1,BBG000BDCB28,BBG000BDCB28,VECO,VEECO INSTRUMENTS INC,US,Equity,Common Stock
922475108,cusip,ok,1,BBG001CGB489,BBG001CGB489,VEEV,VEEVA SYSTEMS INC-CLASS A,US,Equity,Common Stock
92259N302,cusip,ok,1,BBG00YZ5PM63,BBG00YZ5PM63,VELO,VELO3D INC,US,Equity,Common Stock
92276F100,cusip,ok,1,BBG000FRVHB9,BBG000FRVHB9,VTR,VENTAS INC,US,Equity,REIT
922908363,cusip,ok,1,BBG0015VYNT4,BBG0015VYNT4,VOO,VANGUARD S&P 500 ETF,US,Equity,ETP
922908512,cusip,ok,1,BBG000Q1ZR82,BBG000Q1ZR82,VOE,VNGRD MRNGSTR MD-CAP VAL ETF,US,Equity,ETP
922908629,cusip,ok,1,BBG000HX76S7,BBG000HX76S7,VO,VNGRD MRNGSTR MD-CAP ETF-USD,US,Equity,ETP
922908736,cusip,ok,1,BBG000HT2CB6,BBG000HT2CB6,VUG,VANGUARD MRNGSTAR GR ETF-SUI,US,Equity,ETP
922908769,cusip,ok,1,BBG000HR9779,BBG000HR9779,VTI,VG MORNINGSTAR TS MKT ETF-US,US,Equity,ETP
92338C103,cusip,ok,1,BBG019Q32XJ9,BBG019Q32XJ9,VLTO,VERALTO CORP,US,Equity,Common Stock
92343E102,cusip,ok,1,BBG000BGKHZ3,BBG000BGKHZ3,VRSN,VERISIGN INC,US,Equity,Common Stock
92343V104,cusip,ok,1,BBG000HS77T5,BBG000HS77T5,VZ,VERIZON COMMUNICATIONS INC,US,Equity,Common Stock
92345Y106,cusip,ok,1,BBG000BCZL41,BBG000BCZL41,VRSK,VERISK ANALYTICS INC,US,Equity,Common Stock
92532F100,cusip,ok,1,BBG000C1S2X2,BBG000C1S2X2,VRTX,VERTEX PHARMACEUTICALS INC,US,Equity,Common Stock
92532W103,cusip,No identifier found.,,,,,,,,
92537N108,cusip,ok,1,BBG00L2B8KW8,BBG00L2B8KW8,VRT,VERTIV HOLDINGS CO-A,US,Equity,Common Stock
92552R406,cusip,ok,1,BBG000D79DL8,BBG000D79DL8,PRSU,PURSUIT ATTRACTIONS AND HOSP,US,Equity,Common Stock
92553P201,cusip,No identifier found.,,,,,,,,
925550105,cusip,ok,1,BBG000BP7JB0,BBG000BP7JB0,VIAV,VIAVI SOLUTIONS INC,US,Equity,Common Stock
92556H107,cusip,No identifier found.,,,,,,,,
92556H206,cusip,No identifier found.,,,,,,,,
92556V106,cusip,ok,1,BBG00Y4RQNH4,BBG00Y4RQNH4,VTRS,VIATRIS INC,US,Equity,Common Stock
925652109,cusip,ok,1,BBG00HVVB499,BBG00HVVB499,VICI,VICI PROPERTIES INC,US,Equity,REIT
925815102,cusip,ok,1,BBG000C3VHF1,BBG000C3VHF1,VICR,VICOR CORP,US,Equity,Common Stock
926400102,cusip,ok,1,BBG01103B471,BBG01103B471,VSXY,VICTORIA'S SECRET & CO,US,Equity,Common Stock
92645B103,cusip,ok,1,BBG0074JPF34,BBG0074JPF34,VCTR,VICTORY CAPITAL HOLDING - A,US,Equity,Common Stock
92686J106,cusip,ok,1,BBG006LGV869,BBG006LGV869,VKTX,VIKING THERAPEUTICS INC,US,Equity,Common Stock
92719V100,cusip,No identifier found.,,,,,,,,
92766K106,cusip,No identifier found.,,,,,,,,
927959106,cusip,No identifier found.,,,,,,,,
928254101,cusip,ok,1,BBG0064N2T78,BBG0064N2T78,VIRT,VIRTU FINANCIAL INC-CLASS A,US,Equity,Common Stock
92826C839,cusip,ok,1,BBG000PSKYX7,BBG000PSKYX7,V,VISA INC-CLASS A SHARES,US,Equity,Common Stock
92835K103,cusip,ok,1,BBG000PRQ0V9,BBG000PRQ0V9,VPG,VISHAY PRECISION GROUP,US,Equity,Common Stock
92837L109,cusip,ok,1,BBG00PMMBQS1,BBG00PMMBQS1,VIST,VISTA ENERGY SAB DE CV,US,Equity,ADR
92840M102,cusip,ok,1,BBG00DXDL6Q1,BBG00DXDL6Q1,VST,VISTRA CORP,US,Equity,Common Stock
928563402,cusip,No identifier found.,,,,,,,,
928881101,cusip,ok,1,BBG00RRGSJR4,BBG00RRGSJR4,VNT,VONTIER CORP,US,Equity,Common Stock
929042109,cusip,ok,1,BBG000BWHD54,BBG000BWHD54,VNO,VORNADO REALTY TRUST,US,Equity,REIT
929089100,cusip,ok,1,BBG000BCWKD6,BBG000BCWKD6,VOYA,VOYA FINANCIAL INC,US,Equity,Common Stock
929160109,cusip,ok,1,BBG000BWGYF8,BBG000BWGYF8,VMC,VULCAN MATERIALS CO,US,Equity,Common Stock
92918V109,cusip,No identifier found.,,,,,,,,
929236107,cusip,ok,1,BBG000BWNV93,BBG000BWNV93,WDFC,WD-40 CO,US,Equity,Common Stock
92927K102,cusip,No identifier found.,,,,,,,,
92939U106,cusip,ok,1,BBG000BWP7D9,BBG000BWP7D9,WEC,WEC ENERGY GROUP INC,US,Equity,Common Stock
929740108,cusip,ok,1,BBG000BDD940,BBG000BDD940,WAB,WABTEC CORP,US,Equity,Common Stock
931142103,cusip,ok,1,BBG000BWXBC2,BBG000BWXBC2,WMT,WALMART INC,US,Equity,Common Stock
931427108,cusip,No identifier found.,,,,,,,,
93403J106,cusip,ok,1,BBG005DWN8K8,BBG005DWN8K8,WRBY,WARBY PARKER INC-CLASS A,US,Equity,Common Stock
934423104,cusip,ok,1,BBG011386VF4,BBG011386VF4,WBD,WARNER BROS DISCOVERY INC,US,Equity,Common Stock
94106L109,cusip,ok,1,BBG000BWVSR1,BBG000BWVSR1,WM,WASTE MANAGEMENT INC,US,Equity,Common Stock
941848103,cusip,ok,1,BBG000FQRVM3,BBG000FQRVM3,WAT,WATERS CORP,US,Equity,Common Stock
942622200,cusip,ok,1,BBG000DJN7L9,BBG000DJN7L9,WSO,WATSCO INC,US,Equity,Common Stock
94419L101,cusip,ok,1,BBG001B17MV2,BBG001B17MV2,W,WAYFAIR INC- CLASS A,US,Equity,Common Stock
94946T106,cusip,No identifier found.,,,,,,,,
949746101,cusip,ok,1,BBG000BWQFY7,BBG000BWQFY7,WFC,WELLS FARGO & CO,US,Equity,Common Stock
95040Q104,cusip,ok,1,BBG000BKY1G5,BBG000BKY1G5,WELL,WELLTOWER INC,US,Equity,REIT
95058W100,cusip,ok,1,BBG000D52545,BBG000D52545,WEN,WENDY'S CO/THE,US,Equity,Common Stock
95082P105,cusip,ok,1,BBG000D0FNV3,BBG000D0FNV3,WCC,WESCO INTERNATIONAL INC,US,Equity,Common Stock
955306105,cusip,ok,1,BBG000BX24N8,BBG000BX24N8,WST,WEST PHARMACEUTICAL SERVICES,US,Equity,Common Stock
957638109,cusip,ok,1,BBG000Q1KFH4,BBG000Q1KFH4,WAL,WESTERN ALLIANCE BANCORP,US,Equity,Common Stock
958102105,cusip,ok,1,BBG000BWNFZ9,BBG000BWNFZ9,WDC,WESTERN DIGITAL CORP,US,Equity,Common Stock
959802109,cusip,ok,1,BBG000BB5373,BBG000BB5373,WU,WESTERN UNION CO,US,Equity,Common Stock
960413102,cusip,ok,1,BBG000PXZFW2,BBG000PXZFW2,WLK,WESTLAKE CORP,US,Equity,Common Stock
96145D105,cusip,No identifier found.,,,,,,,,
96208T104,cusip,ok,1,BBG000BVZP59,BBG000BVZP59,WEX,WEX INC,US,Equity,Common Stock
962166104,cusip,ok,1,BBG000BX3BL3,BBG000BX3BL3,WY,WEYERHAEUSER CO,US,Equity,REIT
963320106,cusip,ok,1,BBG000BWSV34,BBG000BWSV34,WHR,WHIRLPOOL CORP,US,Equity,Common Stock
969457100,cusip,ok,1,BBG000BWVCP8,BBG000BWVCP8,WMB,WILLIAMS COS INC,US,Equity,Common Stock
969904101,cusip,ok,1,BBG000FSMWC3,BBG000FSMWC3,WSM,WILLIAMS-SONOMA INC,US,Equity,Common Stock
970646105,cusip,ok,1,BBG000H105D2,BBG000H105D2,WLFC,WILLIS LEASE FINANCE CORP,US,Equity,Common Stock
971378104,cusip,ok,1,BBG00B0FS947,BBG00B0FS947,WSC,WILLSCOT HOLDINGS CORP,US,Equity,Common Stock
974155103,cusip,ok,1,BBG008N298Y8,BBG008N298Y8,WING,WINGSTOP INC,US,Equity,Common Stock
974250102,cusip,ok,1,BBG000BQ5GY1,BBG000BQ5GY1,WINA,WINMARK CORP,US,Equity,Common Stock
97717P104,cusip,ok,1,BBG000KLDTJ2,BBG000KLDTJ2,WT,WISDOMTREE INC,US,Equity,Common Stock
97785W106,cusip,ok,1,BBG01XLDHDP0,BBG01XLDHDP0,WOLF,WOLFSPEED INC,US,Equity,Common Stock
980745103,cusip,ok,1,BBG000BD53V2,BBG000BD53V2,WWD,WOODWARD INC,US,Equity,Common Stock
98138H101,cusip,ok,1,BBG000VC0T95,BBG000VC0T95,WDAY,WORKDAY INC-CLASS A,US,Equity,Common Stock
98156Q108,cusip,No identifier found.,,,,,,,,
98311A105,cusip,ok,1,BBG00HCY3Q67,BBG00HCY3Q67,WH,WYNDHAM HOTELS & RESORTS INC,US,Equity,Common Stock
983134107,cusip,ok,1,BBG000LD9JQ8,BBG000LD9JQ8,WYNN,WYNN RESORTS LTD,US,Equity,Common Stock
983793100,cusip,ok,1,BBG000L5CJF3,BBG000L5CJF3,XPO,XPO INC,US,Equity,Common Stock
98379L100,cusip,ok,1,BBG000R5XCX9,BBG000R5XCX9,XPEL,XPEL INC,US,Equity,Common Stock
98389B100,cusip,ok,1,BBG000BCTQ65,BBG000BCTQ65,XEL,XCEL ENERGY INC,US,Equity,Common Stock
983919101,cusip,No identifier found.,,,,,,,,
98419M100,cusip,ok,1,BBG001D8R5D0,BBG001D8R5D0,XYL,XYLEM INC,US,Equity,Common Stock
98421M106,cusip,ok,1,BBG00NNG2ZJ8,BBG00NNG2ZJ8,XRX,XEROX HOLDINGS CORP,US,Equity,Common Stock
98422E103,cusip,ok,1,BBG012V1MG52,BBG012V1MG52,XERS,XERIS BIOPHARMA HOLDINGS INC,US,Equity,Common Stock
98423F109,cusip,ok,1,BBG00BDCCV93,BBG00BDCCV93,XMTR,XOMETRY INC-A,US,Equity,Common Stock
984245100,cusip,ok,1,BBG000BHPFQ0,BBG000BHPFQ0,YPF,YPF S.A.-SPONSORED ADR,US,Equity,ADR
98585X104,cusip,ok,1,BBG00D8JC882,BBG00D8JC882,YETI,YETI HOLDINGS INC,US,Equity,Common Stock
988498101,cusip,ok,1,BBG000BH3GZ2,BBG000BH3GZ2,YUM,YUM! BRANDS INC,US,Equity,Common Stock
98850P109,cusip,ok,1,BBG00B8N0HG1,BBG00B8N0HG1,YUMC,YUM CHINA HOLDINGS INC,US,Equity,Common Stock
98919V105,cusip,No identifier found.,,,,,,,,
989207105,cusip,ok,1,BBG000CC7LQ7,BBG000CC7LQ7,ZBRA,ZEBRA TECHNOLOGIES CORP-CL A,US,Equity,Common Stock
98936J101,cusip,No identifier found.,,,,,,,,
98954M101,cusip,ok,1,BBG000D13GN8,BBG000D13GN8,ZG,ZILLOW GROUP INC - A,US,Equity,Common Stock
98954M200,cusip,ok,1,BBG009NRSWJ4,BBG009NRSWJ4,Z,ZILLOW GROUP INC - C,US,Equity,Common Stock
98956P102,cusip,ok,1,BBG000BKPL53,BBG000BKPL53,ZBH,ZIMMER BIOMET HOLDINGS INC,US,Equity,Common Stock
989701107,cusip,ok,1,BBG000BX9WL1,BBG000BX9WL1,ZION,ZIONS BANCORP NA,US,Equity,Common Stock
98978V103,cusip,ok,1,BBG0039320N9,BBG0039320N9,ZTS,ZOETIS INC,US,Equity,Common Stock
98980F104,cusip,ok,1,BBG00S1HJ3M8,BBG00S1HJ3M8,GTM,ZOOMINFO TECHNOLOGIES INC,US,Equity,Common Stock
98980G102,cusip,ok,1,BBG003338H34,BBG003338H34,ZS,ZSCALER INC,US,Equity,Common Stock
98980L101,cusip,ok,1,BBG0042V6JM8,BBG0042V6JM8,ZM,ZOOM COMMUNICATIONS INC,US,Equity,Common Stock
98986T108,cusip,No identifier found.,,,,,,,,
AN8068571086,isin,ok,1,BBG000BT41Q8,BBG000BT41Q8,SLB,SLB LTD,US,Equity,Common Stock
BMG0450A1053,isin,ok,1,BBG000HXNN20,BBG000HXNN20,ACGL,ARCH CAPITAL GROUP LTD,US,Equity,Common Stock
BMG0684D1074,isin,No identifier found.,,,,,,,,
BMG0692U1099,isin,ok,1,BBG000FLF615,BBG000FLF615,AXS,AXIS CAPITAL HOLDINGS LTD,US,Equity,Common Stock
BMG0750C1082,isin,ok,1,BBG0060CPLJ5,BBG0060CPLJ5,AXTA,AXALTA COATING SYSTEMS LTD,US,Equity,Common Stock
BMG169621056,isin,No identifier found.,,,,,,,,
BMG2004J1036,isin,ok,1,BBG000BF6LY3,BBG000BF6LY3,CCL,CARNIVAL CORP LTD,US,Equity,Common Stock
BMG3223R1088,isin,ok,1,BBG000C1XVK6,BBG000C1XVK6,EG,EVEREST GROUP LTD,US,Equity,Common Stock
BMG3922B1072,isin,ok,1,BBG000RQBFV2,BBG000RQBFV2,G,GENPACT LTD,US,Equity,Common Stock
BMG475671050,isin,No identifier found.,,,,,,,,
BMG491BT1088,isin,ok,1,BBG000BY2Y78,BBG000BY2Y78,IVZ,INVESCO LTD,US,Equity,Common Stock
BMG540501027,isin,No identifier found.,,,,,,,,
BMG667211046,isin,ok,1,BBG000BSRN78,BBG000BSRN78,NCLH,NORWEGIAN CRUISE LINE HOLDIN,US,Equity,Common Stock
BMG7496G1033,isin,ok,1,BBG000BFVZ83,BBG000BFVZ83,RNR,RENAISSANCERE HOLDINGS LTD,US,Equity,Common Stock
CH0044328745,isin,ok,1,BBG000BR14K5,BBG000BR14K5,CB,CHUBB LTD,US,Equity,Common Stock
CH0102993182,isin,No identifier found.,,,,,,,,
CH0114405324,isin,ok,1,BBG000C4LN67,BBG000C4LN67,GRMN,GARMIN LTD,US,Equity,Common Stock
CH1300646267,isin,ok,1,BBG01JZ8VL91,BBG01JZ8VL91,BG,BUNGE GLOBAL SA,US,Equity,Common Stock
G0176J109,cusip,No identifier found.,,,,,,,,
G02602103,cusip,No identifier found.,,,,,,,,
G0260P102,cusip,No identifier found.,,,,,,,,
G0378L100,cusip,No identifier found.,,,,,,,,
G0403H108,cusip,No identifier found.,,,,,,,,
G0450A105,cusip,No identifier found.,,,,,,,,
G0593M107,cusip,No identifier found.,,,,,,,,
G06242104,cusip,No identifier found.,,,,,,,,
G06973112,cusip,No identifier found.,,,,,,,,
G0750C108,cusip,No identifier found.,,,,,,,,
G11448100,cusip,No identifier found.,,,,,,,,
G1151C101,cusip,No identifier found.,,,,,,,,
G16169107,cusip,No identifier found.,,,,,,,,
G16910120,cusip,No identifier found.,,,,,,,,
G1827P106,cusip,No identifier found.,,,,,,,,
G21082105,cusip,No identifier found.,,,,,,,,
G2131A108,cusip,No identifier found.,,,,,,,,
G25457105,cusip,No identifier found.,,,,,,,,
G29018101,cusip,No identifier found.,,,,,,,,
G29183103,cusip,No identifier found.,,,,,,,,
G3075P101,cusip,No identifier found.,,,,,,,,
G31249108,cusip,No identifier found.,,,,,,,,
G3223R108,cusip,No identifier found.,,,,,,,,
G3323L100,cusip,No identifier found.,,,,,,,,
G3421J106,cusip,No identifier found.,,,,,,,,
G3643J108,cusip,No identifier found.,,,,,,,,
G3730V105,cusip,No identifier found.,,,,,,,,
G39108108,cusip,No identifier found.,,,,,,,,
G3922B107,cusip,No identifier found.,,,,,,,,
G39387108,cusip,No identifier found.,,,,,,,,
G4253H101,cusip,No identifier found.,,,,,,,,
G4388N106,cusip,No identifier found.,,,,,,,,
G46188101,cusip,No identifier found.,,,,,,,,
G4705A100,cusip,No identifier found.,,,,,,,,
G48833118,cusip,No identifier found.,,,,,,,,
G50871105,cusip,No identifier found.,,,,,,,,
G51502105,cusip,No identifier found.,,,,,,,,
G5494J103,cusip,No identifier found.,,,,,,,,
G54950103,cusip,No identifier found.,,,,,,,,
G5960L103,cusip,No identifier found.,,,,,,,,
G5S37H101,cusip,No identifier found.,,,,,,,,
G6095L109,cusip,No identifier found.,,,,,,,,
G63755105,cusip,No identifier found.,,,,,,,,
G6375R107,cusip,No identifier found.,,,,,,,,
G65163100,cusip,No identifier found.,,,,,,,,
G66721104,cusip,No identifier found.,,,,,,,,
G6674U108,cusip,No identifier found.,,,,,,,,
G6683N103,cusip,No identifier found.,,,,,,,,
G6700G107,cusip,No identifier found.,,,,,,,,
G7496G103,cusip,No identifier found.,,,,,,,,
G76279101,cusip,No identifier found.,,,,,,,,
G8068L108,cusip,No identifier found.,,,,,,,,
G87110105,cusip,No identifier found.,,,,,,,,
G8994E103,cusip,No identifier found.,,,,,,,,
G93A5A101,cusip,No identifier found.,,,,,,,,
G96115103,cusip,No identifier found.,,,,,,,,
G96629103,cusip,No identifier found.,,,,,,,,
G98239109,cusip,No identifier found.,,,,,,,,
GB00B5BT0K07,isin,No identifier found.,,,,,,,,
GB00BDSFG982,isin,ok,1,BBG00DL8NMV2,BBG00DL8NMV2,FTI,TECHNIPFMC PLC,US,Equity,Common Stock
GB00BFMBMT84,isin,ok,1,BBG00JPGYW43,BBG00JPGYW43,ST,SENSATA TECHNOLOGIES HOLDPLC,US,Equity,Common Stock
GB00BMVP7Y09,isin,ok,1,BBG00V1L5YZ5,BBG00V1L5YZ5,RPRX,ROYALTY PHARMA PLC- CL A,US,Equity,Common Stock
GB00BWFY5505,isin,No identifier found.,,,,,,,,
GB00BZ09BD16,isin,No identifier found.,,,,,,,,
H5870P102,cusip,No identifier found.,,,,,,,,
H5919C104,cusip,No identifier found.,,,,,,,,
H82027105,cusip,No identifier found.,,,,,,,,
IE0001827041,isin,ok,1,BBG000D3JXM1,BBG000D3JXM1,CRH,CRH PLC,US,Equity,Common Stock
IE00028FXN24,isin,ok,1,BBG01NK9ZXT4,BBG01NK9ZXT4,SW,SMURFIT WESTROCK PLC,US,Equity,Common Stock
IE000IVNQZ81,isin,ok,1,BBG01Q08MMR1,BBG01Q08MMR1,TEL,TE CONNECTIVITY PLC,US,Equity,Common Stock
IE000S9YS762,isin,ok,1,BBG01FND0CC1,BBG01FND0CC1,LIN,LINDE PLC,US,Equity,Common Stock
IE00B4BNMY34,isin,ok,1,BBG000D9D830,BBG000D9D830,ACN,ACCENTURE PLC-CL A,US,Equity,Common Stock
IE00B4Q5ZN47,isin,ok,1,BBG000G9CGL0,BBG000G9CGL0,JAZZ,JAZZ PHARMACEUTICALS PLC,US,Equity,Common Stock
IE00B58JVZ52,isin,No identifier found.,,,,,,,,
IE00B6330302,isin,No identifier found.,,,,,,,,
IE00B8KQN827,isin,ok,1,BBG000BJ3PD2,BBG000BJ3PD2,ETN,EATON CORP PLC,US,Equity,Common Stock
IE00BDB6Q211,isin,ok,1,BBG000DB3KT1,BBG000DB3KT1,WTW,WILLIS TOWERS WATSON PLC,US,Equity,Common Stock
IE00BFRT3W74,isin,ok,1,BBG003PS7JV1,BBG003PS7JV1,ALLE,ALLEGION PLC,US,Equity,Common Stock
IE00BFY8C754,isin,ok,1,BBG00MRHG523,BBG00MRHG523,STE,STERIS PLC,US,Equity,Common Stock
IE00BGH1M568,isin,ok,1,BBG000CNFQW6,BBG000CNFQW6,PRGO,PERRIGO CO PLC,US,Equity,Common Stock
IE00BK9ZQ967,isin,ok,1,BBG000BM6788,BBG000BM6788,TT,TRANE TECHNOLOGIES PLC,US,Equity,Common Stock
IE00BKVD2N49,isin,ok,1,BBG0113JGQF0,BBG0113JGQF0,STX,SEAGATE TECHNOLOGY HOLDINGS,US,Equity,Common Stock
IE00BLP1HW54,isin,ok,1,BBG00SSQFPK6,BBG00SSQFPK6,AON,AON PLC-CLASS A,US,Equity,Common Stock
IE00BLS09M33,isin,ok,1,BBG000C221G9,BBG000C221G9,PNR,PENTAIR PLC,US,Equity,Common Stock
IE00BQPVQZ61,isin,No identifier found.,,,,,,,,
IE00BTN1Y115,isin,ok,1,BBG000BNWG87,BBG000BNWG87,MDT,MEDTRONIC PLC,US,Equity,Common Stock
IE00BY7QL619,isin,ok,1,BBG000BVWLJ6,BBG000BVWLJ6,JCI,JOHNSON CONTROLS INTERNATION,US,Equity,Common Stock
IE00BY9D5467,isin,No identifier found.,,,,,,,,
IE00BZ12WP82,isin,No identifier found.,,,,,,,,
IL0011301780,isin,ok,1,BBG005CM7J89,BBG005CM7J89,WIX,WIX.COM LTD,US,Equity,Common Stock
IL0011684185,isin,ok,1,BBG006PWZX16,BBG006PWZX16,FROG,JFROG LTD,US,Equity,Common Stock
JE00B783TY65,isin,No identifier found.,,,,,,,,
JE00BJ1F3079,isin,No identifier found.,,,,,,,,
JE00BTDN8H13,isin,ok,1,BBG01R914LT5,BBG01R914LT5,APTV,APTIV PLC,US,Equity,Common Stock
JE00BV7DQ550,isin,ok,1,BBG00LNJRQ09,BBG00LNJRQ09,AMCR,AMCOR PLC,US,Equity,Common Stock
JE00BYSS4X48,isin,ok,1,BBG009XW8PY2,BBG009XW8PY2,NVCR,NOVOCURE LTD,US,Equity,Common Stock
K08588103,cusip,No identifier found.,,,,,,,,
KYG289231030,isin,No identifier found.,,,,,,,,
KYG393871085,isin,ok,1,BBG000C2L5G9,BBG000C2L5G9,GFS,GLOBALFOUNDRIES INC,US,Equity,Common Stock
KYG4412G1010,isin,ok,1,BBG000MM5VL9,BBG000MM5VL9,HLF,HERBALIFE LTD,US,Equity,Common Stock
KYG851581069,isin,ok,1,BBG00M4ZQDK0,BBG00M4ZQDK0,STNE,STONECO LTD-A,US,Equity,Common Stock
L02235106,cusip,No identifier found.,,,,,,,,
L1995B107,cusip,No identifier found.,,,,,,,,
L44385109,cusip,No identifier found.,,,,,,,,
L6388F110,cusip,No identifier found.,,,,,,,,
L8681T102,cusip,No identifier found.,,,,,,,,
LR0008862868,isin,ok,1,BBG000BB5792,BBG000BB5792,RCL,ROYAL CARIBBEAN CRUISES LTD,US,Equity,Common Stock
LU0974299876,isin,ok,1,BBG00564Y443,BBG00564Y443,GLOB,GLOBANT SA,US,Equity,Common Stock
LU1778762911,isin,ok,1,BBG003T4VFC2,BBG003T4VFC2,SPOT,SPOTIFY TECHNOLOGY SA,US,Equity,Common Stock
LU2369833749,isin,ok,1,BBG00ZF0FGT2,BBG00ZF0FGT2,AMBP,ARDAGH METAL PACKAGING SA,US,Equity,Common Stock
M0740A108,cusip,No identifier found.,,,,,,,,
M2029K104,cusip,No identifier found.,,,,,,,,
M20791105,cusip,No identifier found.,,,,,,,,
M2197Q107,cusip,No identifier found.,,,,,,,,
M22465104,cusip,No identifier found.,,,,,,,,
M4R82T106,cusip,No identifier found.,,,,,,,,
M6191J100,cusip,No identifier found.,,,,,,,,
M6372Q113,cusip,No identifier found.,,,,,,,,
M7518J104,cusip,No identifier found.,,,,,,,,
M7S64H106,cusip,No identifier found.,,,,,,,,
M7S64L123,cusip,No identifier found.,,,,,,,,
M7S750159,cusip,No identifier found.,,,,,,,,
M85548101,cusip,No identifier found.,,,,,,,,
M96088105,cusip,No identifier found.,,,,,,,,
M98068105,cusip,No identifier found.,,,,,,,,
N07059210,cusip,No identifier found.,,,,,,,,
N14506104,cusip,No identifier found.,,,,,,,,
N30577105,cusip,No identifier found.,,,,,,,,
N3167Y103,cusip,No identifier found.,,,,,,,,
N5749R100,cusip,No identifier found.,,,,,,,,
N62509109,cusip,No identifier found.,,,,,,,,
N97284108,cusip,No identifier found.,,,,,,,,
NL0009434992,isin,ok,1,BBG000WCFV84,BBG000WCFV84,LYB,LYONDELLBASELL INDU-CL A,US,Equity,Common Stock
NL0009538784,isin,ok,1,BBG000BND699,BBG000BND699,NXPI,NXP SEMICONDUCTORS NV,US,Equity,Common Stock
NL0011031208,isin,No identifier found.,,,,,,,,
NL0013056914,isin,ok,1,BBG00LWZDYB9,BBG00LWZDYB9,ESTC,ELASTIC NV,US,Equity,Common Stock
NL0015436031,isin,No identifier found.,,,,,,,,
P31076105,cusip,No identifier found.,,,,,,,,
PA1436583006,isin,No identifier found.,,,,,,,,
Q4982L109,cusip,No identifier found.,,,,,,,,
SG9999000020,isin,ok,1,BBG000BP5YT0,BBG000BP5YT0,FLEX,FLEX LTD,US,Equity,Common Stock
V5633W109,cusip,No identifier found.,,,,,,,,
V7780T103,cusip,No identifier found.,,,,,,,,
VGG1890L1076,isin,ok,1,BBG0029SNR63,BBG0029SNR63,CPRI,CAPRI HOLDINGS LTD,US,Equity,Common Stock
Y0547D153,cusip,No identifier found.,,,,,,,,
Y4600W108,cusip,No identifier found.,,,,,,,,
