date,JENIX,POLIX,IVV,IWF,AKRE
2015-12-01,13.930188179016113,11.363170623779297,176.74502563476562,23.276819229125977,
2015-12-02,13.835658073425293,11.302491188049316,174.91859436035156,23.101734161376953,
2015-12-03,13.663472175598145,11.114945411682129,172.43328857421875,22.756076812744141,
2015-12-04,13.94707202911377,11.374203681945801,175.80256652832031,23.238170623779297,
2015-12-07,13.899802207946777,11.31352710723877,174.71846008300781,23.117647171020508,
2015-12-08,13.825531959533691,11.341106414794922,173.57591247558594,23.060792922973633,
2015-12-09,13.758008003234863,11.192220687866211,172.20819091796875,22.794740676879883,
2015-12-10,13.781639099121094,11.215213775634766,172.64179992675781,22.867504119873047,
2015-12-11,13.552058219909668,10.996773719787598,169.20579528808594,22.401336669921875,
2015-12-14,13.626333236694336,11.100244522094727,170.28166198730469,22.53776741027832,
2015-12-15,13.683730125427246,11.18647289276123,171.9580078125,22.683313369750977,
2015-12-16,13.903180122375488,11.347428321838379,174.44328308105469,23.044879913330078,
2015-12-17,13.66938304901123,11.169225692749023,171.86625671386719,22.706052780151367,
2015-12-18,13.419153213500977,10.962283134460449,168.64706420898438,22.305826187133789,
2015-12-21,13.508785247802734,11.008271217346191,170.09817504882812,22.503665924072266,
2015-12-22,13.643238067626953,11.088748931884766,171.67440795898438,22.690126419067383,
2015-12-23,13.773957252502441,11.18647289276123,173.83439636230469,22.89251708984375,
2015-12-24,13.74781608581543,11.163478851318359,173.47966003417969,22.84504508972168,
2015-12-28,13.73287296295166,11.18647289276123,173.06864929199219,22.858732223510742,
2015-12-29,13.859858512878418,11.335930824279785,175.04995727539062,23.114395141601562,
2015-12-30,13.785158157348633,11.261201858520508,173.75703430175781,22.954607009887695,
2015-12-31,13.643238067626953,11.12324047088623,171.99403381347656,22.708084106445312,
2016-01-04,13.389270782470703,10.870306968688965,169.58460998535156,22.320018768310547,
2016-01-05,13.437824249267578,10.876056671142578,169.93719482421875,22.354259490966797,
2016-01-06,13.262286186218262,10.789829254150391,167.71246337890625,22.119148254394531,
2016-01-07,13.008321762084961,10.536897659301758,163.69947814941406,21.555322647094727,
2016-01-08,12.858931541442871,10.38743782043457,161.88613891601562,21.340755462646484,
2016-01-11,12.877602577209473,10.433425903320312,162.05403137207031,21.352170944213867,
2016-01-12,13.026996612548828,10.577136039733887,163.30494689941406,21.562168121337891,
2016-01-13,12.799172401428223,10.295461654663086,159.33395385742188,20.927585601806641,
2016-01-14,12.985916137695312,10.467916488647461,161.86094665527344,21.240312576293945,
2016-01-15,12.739414215087891,10.249477386474609,158.45245361328125,20.818027496337891,
2016-01-19,12.817850112915039,10.283966064453125,158.53643798828125,20.838565826416016,
2016-01-20,12.713272094726562,10.226483345031738,156.69784545898438,20.724431991577148,
2016-01-21,12.77303409576416,10.295461654663086,157.51219177246094,20.788349151611328,
2016-01-22,12.997115135192871,10.519652366638184,160.76119995117188,21.251728057861328,
2016-01-25,12.896282196044922,10.38743782043457,158.30976867675781,20.986940383911133,
2016-01-26,13.083019256591797,10.467916488647461,160.45895385742188,21.199234008789062,
2016-01-27,13.026996612548828,10.255226135253906,158.7379150390625,20.859109878540039,
2016-01-28,13.09422492980957,10.347198486328125,159.6026611328125,20.952707290649414,
2016-01-29,13.445297241210938,10.640369415283203,163.388916015625,21.418367385864258,
2016-02-01,13.434090614318848,10.72084903717041,163.37211608886719,21.500545501708984,
2016-02-02,13.239880561828613,10.588634490966797,160.42538452148438,21.11248779296875,
2016-02-03,13.292166709899902,10.542648315429688,161.28166198730469,21.169551849365234,
2016-02-04,13.310839653015137,10.485160827636719,161.63420104980469,21.169551849365234,
2016-02-05,13.079283714294434,10.117259979248047,158.54484558105469,20.614862442016602,
2016-02-08,12.929896354675293,9.950556755065918,156.41244506835938,20.270185470581055,
2016-02-09,13.012057304382324,9.9390602111816406,156.35365295410156,20.288440704345703,
2016-02-10,13.045673370361328,10.04253101348877,156.27810668945312,20.343221664428711,
2016-02-11,12.870137214660645,9.9678030014038086,154.33039855957031,20.160610198974609,
2016-02-12,13.109162330627441,10.111512184143066,157.45343017578125,20.496164321899414,
2016-02-16,13.277225494384766,10.289713859558105,160.07276916503906,20.893350601196289,
2016-02-17,13.449027061462402,10.496658325195312,162.72564697265625,21.279123306274414,
2016-02-18,13.437824249267578,10.404683113098145,162.07081604003906,21.162702560424805,
2016-02-19,13.445297241210938,10.473664283752441,161.97012329101562,21.196945190429688,
2016-02-22,13.602157592773438,10.605880737304688,164.31236267089844,21.479995727539062,
2016-02-23,13.445297241210938,10.479413986206055,162.31430053710938,21.256301879882812,
2016-02-24,13.505054473876953,10.52540111541748,163.05308532714844,21.363580703735352,
2016-02-25,13.688057899475098,10.657614707946777,164.96719360351562,21.607830047607422,
2016-02-26,13.654448509216309,10.640369415283203,164.67335510253906,21.589569091796875,
2016-02-29,13.512523651123047,10.536897659301758,163.29653930664062,21.418367385864258,
2016-03-01,13.792632102966309,10.853060722351074,167.22555541992188,21.966213226318359,
2016-03-02,13.78889274597168,10.807072639465332,167.96435546875,21.970775604248047,
2016-03-03,13.826249122619629,10.761087417602539,168.56040954589844,22.023277282714844,
2016-03-04,13.886004447937012,10.755337715148926,169.14805603027344,22.073492050170898,
2016-03-07,13.848653793334961,10.651866912841797,169.31596374511719,22.039260864257812,
2016-03-08,13.803835868835449,10.600130081176758,167.38508605957031,21.838367462158203,
2016-03-09,13.822509765625,10.594382286071777,168.249755859375,21.929689407348633,
2016-03-10,13.841189384460449,10.611626625061035,168.34208679199219,21.922832489013672,
2016-03-11,13.998041152954102,10.766836166381836,171.12936401367188,22.27436637878418,
2016-03-14,13.979372024536133,10.789829254150391,170.894287109375,22.292629241943359,
2016-03-15,13.986843109130859,10.801327705383301,170.60885620117188,22.237850189208984,
2016-03-16,14.085041046142578,10.899049758911133,171.70022583007812,22.395345687866211,
2016-03-17,14.208723068237305,10.956534385681152,172.78321838378906,22.495790481567383,
2016-03-18,14.276187896728516,11.008271217346191,173.42123413085938,22.587093353271484,
2016-03-21,14.302424430847168,11.06000804901123,173.67306518554688,22.619054794311523,
2016-03-22,14.287435531616211,11.04850959777832,173.57237243652344,22.646450042724609,
2016-03-23,14.272440910339355,10.97377872467041,171.5155029296875,22.505542755126953,
2016-03-24,14.306171417236328,10.996773719787598,171.41477966308594,22.505542755126953,
2016-03-28,14.306171417236328,10.968029022216797,171.52392578125,22.533037185668945,
2016-03-29,14.433605194091797,11.100244522094727,173.16099548339844,22.798809051513672,
2016-03-30,14.516064643859863,11.140482902526855,173.89143371582031,22.904195785522461,
2016-03-31,14.478581428527832,11.111742973327637,173.48838806152344,22.860660552978516,
2016-04-01,14.587272644042969,11.24970531463623,174.59657287597656,23.050832748413086,
2016-04-04,14.538551330566406,11.157730102539062,174.02566528320312,22.988967895507812,
2016-04-05,14.414861679077148,11.094496726989746,172.32145690917969,22.791933059692383,
2016-04-06,14.512313842773438,11.238207817077637,174.18522644042969,23.07832145690918,
2016-04-07,14.369888305664062,11.128988265991211,172.0780029296875,22.789634704589844,
2016-04-08,14.414861679077148,11.111742973327637,172.59011840820312,22.810258865356445,
2016-04-11,14.388628005981445,11.025513648986816,172.1031494140625,22.723199844360352,
2016-04-12,14.508567810058594,11.094496726989746,173.79902648925781,22.904195785522461,
2016-04-13,14.639747619628906,11.215213775634766,175.54530334472656,23.133306503295898,
2016-04-14,14.62100887298584,11.226711273193359,175.56201171875,23.126430511474609,
2016-04-15,14.647247314453125,11.238207817077637,175.28500366210938,23.126430511474609,
2016-04-18,14.699714660644531,11.324434280395508,176.56109619140625,23.259311676025391,
2016-04-19,14.733445167541504,11.289943695068359,177.09834289550781,23.22265625,
2016-04-20,14.699714660644531,11.278447151184082,177.23268127441406,23.208913803100586,
2016-04-21,14.643489837646484,11.272699356079102,176.35118103027344,23.131021499633789,
2016-04-22,14.61351203918457,11.111742973327637,176.32601928710938,23.053119659423828,
2016-04-25,14.606011390686035,11.10599422454834,176.01542663574219,23.0347900390625,
2016-04-26,14.579775810241699,11.094496726989746,176.30921936035156,23.027914047241211,
2016-04-27,14.587272644042969,11.065754890441895,176.6365966796875,22.970636367797852,
2016-04-28,14.459841728210449,10.939289093017578,175.10867309570312,22.769008636474609,
2016-04-29,14.396125793457031,10.876056671142578,174.16844177246094,22.649871826171875,
2016-05-02,14.486079216003418,10.996773719787598,175.52847290039062,22.856086730957031,
2016-05-03,14.392377853393555,10.904796600341797,173.99209594726562,22.677373886108398,
2016-05-04,14.351150512695312,10.812822341918945,173.00146484375,22.56281852722168,
2016-05-05,14.369888305664062,10.84156608581543,172.95115661621094,22.55824089050293,
2016-05-06,14.467337608337402,10.893302917480469,173.62272644042969,22.647588729858398,
2016-05-09,14.467337608337402,10.927793502807617,173.79066467285156,22.725494384765625,
2016-05-10,14.606011390686035,11.054258346557617,175.89784240722656,23.0050048828125,
2016-05-11,14.486079216003418,10.887554168701172,174.26078796386719,22.743814468383789,
2016-05-12,14.508567810058594,10.899049758911133,174.34469604492188,22.702571868896484,
2016-05-13,14.373639106750488,10.830068588256836,172.73286437988281,22.537614822387695,
2016-05-16,14.53105640411377,10.939289093017578,174.47909545898438,22.77360725402832,
2016-05-17,14.396125793457031,10.830068588256836,172.94271850585938,22.52845573425293,
2016-05-18,14.35489559173584,10.835818290710449,172.95951843261719,22.507827758789062,
2016-05-19,14.302424430847168,10.77833080291748,172.3466796875,22.395565032958984,
2016-05-20,14.35489559173584,10.84156608581543,173.39605712890625,22.546781539916992,
2016-05-23,14.321161270141602,10.801327705383301,173.16099548339844,22.521579742431641,
2016-05-24,14.504817962646484,10.996773719787598,175.41093444824219,22.840042114257812,
2016-05-25,14.549793243408203,11.019767761230469,176.59468078613281,22.970636367797852,
2016-05-26,14.534802436828613,11.037012100219727,176.66181945800781,22.995841979980469,
2016-05-27,14.583525657653809,11.094496726989746,177.39222717285156,23.094352722167969,
2016-05-31,14.542302131652832,11.037012100219727,177.11515808105469,23.094352722167969,
2016-06-01,14.576026916503906,11.06000804901123,177.45097351074219,23.124141693115234,
2016-06-02,14.591017723083496,11.06000804901123,178.0302734375,23.218076705932617,
2016-06-03,14.572281837463379,11.008271217346191,177.43418884277344,23.169965744018555,
2016-06-06,14.662234306335449,11.065754890441895,178.4163818359375,23.252435684204102,
2016-06-07,14.654741287231445,11.037012100219727,178.62631225585938,23.247856140136719,
2016-06-08,14.759688377380371,11.083001136779785,179.19717407226562,23.323469161987305,
2016-06-09,14.759688377380371,11.065754890441895,178.98731994628906,23.295974731445312,
2016-06-10,14.67347526550293,10.939289093017578,177.29988098144531,23.082904815673828,
2016-06-13,14.549793243408203,10.853060722351074,175.89784240722656,22.8858642578125,
2016-06-14,14.568533897399902,10.858811378479004,175.57881164550781,22.865255355834961,
2016-06-15,14.504817962646484,10.835818290710449,175.26824951171875,22.842330932617188,
2016-06-16,14.568533897399902,10.835818290710449,175.83909606933594,22.901901245117188,
2016-06-17,14.523554801940918,10.743841171264648,175.17585754394531,22.755270004272461,
2016-06-20,14.643489837646484,10.830068588256836,176.33442687988281,22.913360595703125,
2016-06-21,14.699714660644531,10.858811378479004,176.82194519042969,22.92939567565918,
2016-06-22,14.683916091918945,10.830068588256836,176.52671813964844,22.888154983520508,
2016-06-23,14.849411010742188,10.950785636901855,178.82958984375,23.165382385253906,
2016-06-24,14.352928161621094,10.519652366638184,172.25845336914062,22.354328155517578,
2016-06-27,14.11220645904541,10.335702896118164,169.23858642578125,21.983171463012695,
2016-06-28,14.292750358581543,10.536897659301758,172.40185546875,22.365785598754883,
2016-06-29,14.533464431762695,10.726597785949707,175.28675842285156,22.743814468383789,
2016-06-30,14.736576080322266,10.784079551696777,177.56431579589844,22.993553161621094,
2016-07-01,14.75914478302002,10.858811378479004,178.09573364257812,23.066865921020508,
2016-07-05,14.706486701965332,10.812822341918945,176.83883666992188,22.9752197265625,
2016-07-06,14.747859954833984,10.899049758911133,177.85108947753906,23.116682052612305,
2016-07-07,14.766670227050781,10.899049758911133,177.69927978515625,23.148876190185547,
2016-07-08,14.966012954711914,11.04850959777832,180.3985595703125,23.491607666015625,
2016-07-11,14.996102333068848,11.071502685546875,181.08183288574219,23.592815399169922,
2016-07-12,15.078847885131836,11.111742973327637,182.35556030273438,23.717023849487305,
2016-07-13,15.120220184326172,11.06000804901123,182.33872985839844,23.68712043762207,
2016-07-14,15.161596298217773,11.12324047088623,183.34251403808594,23.797531127929688,
2016-07-15,15.13902759552002,11.100244522094727,183.07258605957031,23.753826141357422,
2016-07-18,15.135266304016113,11.146232604980469,183.57872009277344,23.848134994506836,
2016-07-19,15.131507873535156,11.128988265991211,183.37626647949219,23.813632965087891,
2016-07-20,15.218011856079102,11.220963478088379,184.15229797363281,23.974639892578125,
2016-07-21,15.135266304016113,11.151980400085449,183.48587036132812,23.894138336181641,
2016-07-22,15.15031623840332,11.209465980529785,184.28727722167969,23.986141204833984,
2016-07-25,15.120220184326172,11.215213775634766,183.81484985351562,23.963142395019531,
2016-07-26,15.154074668884277,11.220963478088379,183.89080810546875,23.94244384765625,
2016-07-27,15.120220184326172,11.255455017089844,183.70524597167969,23.983842849731445,
2016-07-28,15.123984336853027,11.29569149017334,183.92459106445312,24.05284309387207,
2016-07-29,15.13902759552002,11.353176116943359,184.20295715332031,24.087352752685547,
2016-08-01,15.157839775085449,11.381917953491211,183.99203491210938,24.151754379272461,
2016-08-02,15.08637523651123,11.307188034057617,182.90385437011719,23.981540679931641,
2016-08-03,15.082609176635742,11.341679573059082,183.44374084472656,24.022945404052734,
2016-08-04,15.093890190124512,11.347428321838379,183.61241149902344,24.068952560424805,
2016-08-05,15.195449829101562,11.450901031494141,185.07174682617188,24.188558578491211,
2016-08-08,15.169118881225586,11.399166107177734,184.97052001953125,24.140254974365234,
2016-08-09,15.172882080078125,11.399166107177734,185.08860778808594,24.186260223388672,
2016-08-10,15.180402755737305,11.399166107177734,184.63308715820312,24.147151947021484,
2016-08-11,15.263148307800293,11.473896026611328,185.48507690429688,24.255260467529297,
2016-08-12,15.236821174621582,11.456649780273438,185.33328247070312,24.227666854858398,
2016-08-15,15.274434089660645,11.479643821716309,185.88999938964844,24.308162689208984,
2016-08-16,15.161596298217773,11.381917953491211,184.94523620605469,24.140254974365234,
2016-08-17,15.195449829101562,11.399166107177734,185.28265380859375,24.154050827026367,
2016-08-18,15.206731796264648,11.404911994934082,185.71282958984375,24.174755096435547,
2016-08-19,15.240583419799805,11.416409492492676,185.42607116699219,24.167861938476562,
2016-08-22,15.225537300109863,11.439404487609863,185.36701965332031,24.204656600952148,
2016-08-23,15.270673751831055,11.468144416809082,185.75502014160156,24.257564544677734,
2016-08-24,15.202968597412109,11.399166107177734,184.87779235839844,24.101152420043945,
2016-08-25,15.210494995117188,11.347428321838379,184.69218444824219,24.05284309387207,
2016-08-26,15.202968597412109,11.353176116943359,184.36318969726562,24.022945404052734,
2016-08-29,15.266909599304199,11.36467170715332,185.240478515625,24.101152420043945,
2016-08-30,15.236821174621582,11.318687438964844,184.95368957519531,24.009149551391602,
2016-08-31,15.187921524047852,11.289943695068359,184.4390869140625,23.963142395019531,
2016-09-01,15.218011856079102,11.330183029174805,184.45597839355469,24.002243041992188,
2016-09-02,15.266909599304199,11.358924865722656,185.26577758789062,24.103450775146484,
2016-09-06,15.255629539489746,11.404911994934082,185.88999938964844,24.179359436035156,
2016-09-07,15.255629539489746,11.433653831481934,185.85627746582031,24.174755096435547,
2016-09-08,15.146553993225098,11.330183029174805,185.41761779785156,24.05744743347168,
2016-09-09,14.800517082214355,11.094496726989746,180.97215270996094,23.470907211303711,
2016-09-12,15.022427558898926,11.255455017089844,183.57872009277344,23.792930603027344,
2016-09-13,14.838130950927734,11.12324047088623,180.91316223144531,23.512311935424805,
2016-09-14,14.834369659423828,11.151980400085449,180.81192016601562,23.556009292602539,
2016-09-15,14.996102333068848,11.255455017089844,182.64241027832031,23.822830200195312,
2016-09-16,14.90583324432373,11.203717231750488,181.8831787109375,23.756124496459961,
2016-09-19,14.920879364013672,11.18647289276123,181.9759521484375,23.728519439697266,
2016-09-20,14.950677871704102,11.215213775634766,181.99284362792969,23.765331268310547,
2016-09-21,15.097812652587891,11.347428321838379,184.02578735351562,24.002243041992188,
2016-09-22,15.20721435546875,11.416409492492676,185.15611267089844,24.1839599609375,
2016-09-23,15.090263366699219,11.341679573059082,184.18603515625,24.066642761230469,
2016-09-26,15.003495216369629,11.255455017089844,182.66252136230469,23.89129638671875,
2016-09-27,15.12421989440918,11.36467170715332,183.773193359375,24.06434440612793,
2016-09-28,15.143077850341797,11.324434280395508,184.73965454101562,24.092029571533203,
2016-09-29,15.044995307922363,11.238207817077637,183.07797241210938,23.886692047119141,
2016-09-30,15.135534286499023,11.29569149017334,184.451416015625,24.034351348876953,
2016-10-03,15.094036102294922,11.261201858520508,183.88333129882812,23.976667404174805,
2016-10-04,14.995950698852539,11.220963478088379,183.07797241210938,23.886692047119141,
2016-10-05,15.029904365539551,11.23245906829834,183.88333129882812,23.921291351318359,
2016-10-06,15.037445068359375,11.226711273193359,184.06143188476562,23.942062377929688,
2016-10-07,14.973316192626953,11.18647289276123,183.34075927734375,23.835929870605469,
2016-10-10,15.01480770111084,11.255455017089844,184.26486206054688,23.930522918701172,
2016-10-11,14.8299560546875,11.140482902526855,181.99276733398438,23.632892608642578,
2016-10-12,14.867688179016113,11.17497444152832,182.22160339355469,23.679037094116211,
2016-10-13,14.837502479553223,11.134737014770508,181.66206359863281,23.61212158203125,
2016-10-14,14.856365203857422,11.134737014770508,181.67901611328125,23.62135124206543,
2016-10-17,14.814868927001953,11.088748931884766,181.07710266113281,23.547523498535156,
2016-10-18,14.871458053588867,11.146232604980469,182.19618225097656,23.704414367675781,
2016-10-19,14.882776260375977,11.197967529296875,182.64558410644531,23.750555038452148,
2016-10-20,14.863908767700195,11.169225692749023,182.33183288574219,23.718255996704102,
2016-10-21,14.852591514587402,11.151980400085449,182.41664123535156,23.787469863891602,
2016-10-24,14.950677871704102,11.23245906829834,183.22203063964844,23.937448501586914,
2016-10-25,14.871458053588867,11.163478851318359,182.63710021972656,23.810546875,
2016-10-26,14.8299560546875,11.12324047088623,182.25552368164062,23.679037094116211,
2016-10-27,14.76582145690918,11.077251434326172,181.75532531738281,23.584444046020508,
2016-10-28,14.814868927001953,11.11749267578125,181.22123718261719,23.482919692993164,
2016-10-31,14.822416305541992,11.065754890441895,181.17030334472656,23.473686218261719,
2016-11-01,14.728095054626465,11.014018058776855,179.9324951171875,23.312189102172852,
2016-11-02,14.713006973266602,10.97377872467041,178.80494689941406,23.164520263671875,
2016-11-03,14.716776847839355,10.899049758911133,178.05889892578125,23.014554977416992,
2016-11-04,14.697919845581055,10.904796600341797,177.76211547851562,23.007633209228516,
2016-11-07,14.984631538391113,11.151980400085449,181.7044677734375,23.52906608581543,
2016-11-08,15.075175285339355,11.24970531463623,182.54380798339844,23.632892608642578,
2016-11-09,15.067626953125,11.358924865722656,184.56161499023438,23.799015045166016,
2016-11-10,15.075175285339355,11.278447151184082,184.92620849609375,23.695188522338867,
2016-11-11,15.029904365539551,11.238207817077637,184.59550476074219,23.695188522338867,
2016-11-14,14.894089698791504,11.12324047088623,184.64637756347656,23.577516555786133,
2016-11-15,14.977091789245605,11.18647289276123,186.11314392089844,23.759784698486328,
2016-11-16,15.056310653686523,11.266950607299805,185.87571716308594,23.842844009399414,
2016-11-17,15.143077850341797,11.36467170715332,186.71507263183594,24.004358291625977,
2016-11-18,15.075175285339355,11.29569149017334,186.342041015625,23.914375305175781,
2016-11-21,15.150627136230469,11.404911994934082,187.69857788085938,24.105869293212891,
2016-11-22,15.154403686523438,11.416409492492676,188.01223754882812,24.177389144897461,
2016-11-23,15.173263549804688,11.387667655944824,188.21568298339844,24.149703979492188,
2016-11-25,15.252487182617188,11.422157287597656,188.90243530273438,24.248916625976562,
2016-11-28,15.218532562255859,11.370421409606934,188.07159423828125,24.140478134155273,
2016-11-29,15.29398250579834,11.399166107177734,188.37677001953125,24.221231460571289,
2016-11-30,15.161943435668945,11.24970531463623,187.81724548339844,23.988201141357422,
2016-12-01,15.075175285339355,11.10599422454834,187.13899230957031,23.764406204223633,
2016-12-02,15.08271598815918,11.083001136779785,187.29159545898438,23.799015045166016,
2016-12-05,15.135534286499023,11.209465980529785,188.37677001953125,23.944364547729492,
2016-12-06,15.127992630004883,11.203717231750488,189.05506896972656,24.025117874145508,
2016-12-07,15.361885070800781,11.358924865722656,191.49676513671875,24.32044792175293,
2016-12-08,15.358119010925293,11.38306999206543,191.95460510253906,24.359661102294922,
2016-12-09,15.486385345458984,11.44056224822998,193.17546081542969,24.509637832641602,
2016-12-12,15.531656265258789,11.406065940856934,192.93806457519531,24.433504104614258,
2016-12-13,15.610881805419922,11.521047592163086,194.19287109375,24.620384216308594,
2016-12-14,15.493928909301758,11.463558197021484,192.72607421875,24.488872528076172,
2016-12-15,15.55051326751709,11.463558197021484,193.37045288085938,24.55577278137207,
2016-12-16,15.486678123474121,11.394569396972656,193.07371520996094,24.511938095092773,
2016-12-19,15.525838851928711,11.40031909942627,193.4298095703125,24.576541900634766,
2016-12-20,15.533676147460938,11.463558197021484,194.19287109375,24.657295227050781,
2016-12-21,15.467086791992188,11.411818504333496,193.71022033691406,24.595003128051758,
2016-12-22,15.459260940551758,11.360074043273926,193.42886352539062,24.50999641418457,
2016-12-23,15.471009254455566,11.371572494506836,193.55677795410156,24.549373626708984,
2016-12-27,15.494515419006348,11.377323150634766,194.10243225097656,24.623493194580078,
2016-12-28,15.380927085876465,11.29108715057373,192.50796508789062,24.447446823120117,
2016-12-29,15.392672538757324,11.285338401794434,192.49085998535156,24.45439338684082,
2016-12-30,15.318256378173828,11.199101448059082,191.84286499023438,24.2991943359375,
2017-01-03,15.396589279174805,11.314084053039551,193.19863891601562,24.482196807861328,
2017-01-04,15.439678192138672,11.406065940856934,194.36677551269531,24.672138214111328,
2017-01-05,15.416172981262207,11.388820648193359,194.187744140625,24.711517333984375,
2017-01-06,15.494515419006348,11.457809448242188,194.95509338378906,24.871347427368164,
2017-01-09,15.439678192138672,11.469305992126465,194.32414245605469,24.869035720825195,
2017-01-10,15.420089721679688,11.492300987243652,194.23886108398438,24.878303527832031,
2017-01-11,15.494515419006348,11.503801345825195,194.759033203125,24.896831512451172,
2017-01-12,15.474926948547363,11.503801345825195,194.38381958007812,24.871347427368164,
2017-01-13,15.478841781616211,11.538294792175293,194.74192810058594,24.945476531982422,
2017-01-17,15.474926948547363,11.498052597045898,194.10243225097656,24.906095504760742,
2017-01-18,15.50234317779541,11.498052597045898,194.47761535644531,24.954744338989258,
2017-01-19,15.459260940551758,11.42906379699707,193.85520935058594,24.885248184204102,
2017-01-20,15.525838851928711,11.452060699462891,194.49470520019531,24.919998168945312,
2017-01-23,15.50626277923584,11.452060699462891,194.04275512695312,24.93852424621582,
2017-01-24,15.580677032470703,11.526797294616699,195.22798156738281,25.093725204467773,
2017-01-25,15.651178359985352,11.607283592224121,196.81399536132812,25.283668518066406,
2017-01-26,15.584595680236816,11.532544136047363,196.75430297851562,25.239662170410156,
2017-01-27,15.635512351989746,11.498052597045898,196.45587158203125,25.248929977416992,
2017-01-30,15.541511535644531,11.434811592102051,195.28767395019531,25.116893768310547,
2017-01-31,15.482757568359375,11.434811592102051,195.20240783691406,25.098360061645508,
2017-02-01,15.427925109863281,11.394569396972656,195.30476379394531,25.153953552246094,
2017-02-02,15.420089721679688,11.377323150634766,195.37295532226562,25.144689559936523,
2017-02-03,15.52192497253418,11.475056648254395,196.78834533691406,25.295257568359375,
2017-02-06,15.498424530029297,11.469305992126465,196.438720703125,25.269771575927734,
2017-02-07,15.549343109130859,11.486553192138672,196.43020629882812,25.334630966186523,
2017-02-08,15.580677032470703,11.54404354095459,196.66897583007812,25.390228271484375,
2017-02-09,15.651178359985352,11.647526741027832,197.82014465332031,25.538482666015625,
2017-02-10,15.71384334564209,11.69351863861084,198.59608459472656,25.614923477172852,
2017-02-13,15.811766624450684,11.745259284973145,199.69599914550781,25.723791122436523,
2017-02-14,15.862680435180664,11.791253089904785,200.49749755859375,25.818767547607422,
2017-02-15,15.956685066223145,11.86023998260498,201.52070617675781,25.964696884155273,
2017-02-16,15.968432426452637,11.825746536254883,201.41841125488281,25.93690299987793,
2017-02-17,15.968432426452637,11.883235931396484,201.64859008789062,25.994810104370117,
2017-02-21,16.042848587036133,11.894735336303711,202.86790466308594,26.131479263305664,
2017-02-22,16.054601669311523,11.923479080200195,202.74855041503906,26.136106491088867,
2017-02-23,16.105520248413086,11.911979675292969,202.91053771972656,26.099052429199219,
2017-02-24,16.187767028808594,11.952224731445312,203.15786743164062,26.196340560913086,
2017-02-27,16.160348892211914,11.963723182678223,203.47334289550781,26.235719680786133,
2017-02-28,16.129016876220703,11.963723182678223,202.96170043945312,26.122213363647461,
2017-03-01,16.328765869140625,12.078701972961426,205.6817626953125,26.451147079467773,
2017-03-02,16.26609992980957,12.049958229064941,204.49655151367188,26.328378677368164,
2017-03-03,16.246511459350586,12.038459777832031,204.61593627929688,26.358489990234375,
2017-03-06,16.199518203735352,12.026963233947754,204.01907348632812,26.27741813659668,
2017-03-07,16.191684722900391,11.998217582702637,203.42216491699219,26.210239410400391,
2017-03-08,16.211263656616211,12.032711029052734,203.01287841796875,26.242668151855469,
2017-03-09,16.19560432434082,12.061455726623535,203.20901489257812,26.238033294677734,
2017-03-10,16.270023345947266,12.090203285217285,203.91673278808594,26.349224090576172,
2017-03-13,16.301351547241211,12.153441429138184,204.03610229492188,26.388605117797852,
2017-03-14,16.250432968139648,12.153441429138184,203.31132507324219,26.305212020874023,
2017-03-15,16.406404495239258,12.239677429199219,204.9739990234375,26.506746292114258,
2017-03-16,16.394615173339844,12.274168968200684,204.70970153808594,26.476625442504883,
2017-03-17,16.429977416992188,12.308664321899414,204.29191589355469,26.460414886474609,
2017-03-20,16.394615173339844,12.279919624328613,204.02755737304688,26.451147079467773,
2017-03-21,16.288545608520508,12.124695777893066,201.4525146484375,26.150009155273438,
2017-03-22,16.308189392089844,12.124695777893066,201.89585876464844,26.240350723266602,
2017-03-23,16.253185272216797,12.084452629089355,201.6741943359375,26.191705703735352,
2017-03-24,16.225683212280273,12.124695777893066,201.59030151367188,26.191940307617188,
2017-03-27,16.229610443115234,12.164937973022461,201.29908752441406,26.208192825317383,
2017-03-28,16.319972991943359,12.199433326721191,202.78065490722656,26.352243423461914,
2017-03-29,16.296396255493164,12.25117301940918,203.08042907714844,26.428911209106445,
2017-03-30,16.323898315429688,12.233926773071289,203.59422302246094,26.452142715454102,
2017-03-31,16.300329208374023,12.205181121826172,203.20027160644531,26.438201904296875,
2017-04-03,16.261041641235352,12.170686721801758,202.85771179199219,26.384763717651367,
2017-04-04,16.249256134033203,12.13044548034668,202.95193481445312,26.375469207763672,
2017-04-05,16.221748352050781,12.101696968078613,202.35244750976562,26.294160842895508,
2017-04-06,16.221748352050781,12.107447624206543,202.88337707519531,26.356887817382812,
2017-04-07,16.221748352050781,12.107447624206543,202.69505310058594,26.342948913574219,
2017-04-10,16.225683212280273,12.101696968078613,202.84060668945312,26.3778076171875,
2017-04-11,16.217826843261719,12.078701972961426,202.58369445800781,26.342948913574219,
2017-04-12,16.198183059692383,12.061455726623535,201.76152038574219,26.238407135009766,
2017-04-13,16.135324478149414,12.032711029052734,200.42556762695312,26.131532669067383,
2017-04-17,16.264970779418945,12.153441429138184,202.16404724121094,26.345270156860352,
2017-04-18,16.237470626831055,12.136195182800293,201.55595397949219,26.301132202148438,
2017-04-19,16.233539581298828,12.170686721801758,201.20486450195312,26.324359893798828,
2017-04-20,16.355337142944336,12.291415214538574,202.73782348632812,26.538101196289062,
2017-04-21,16.347475051879883,12.268420219421387,202.22402954101562,26.498600006103516,
2017-04-24,16.457477569580078,12.40064811706543,204.37356567382812,26.772743225097656,
2017-04-25,16.567481994628906,12.429394721984863,205.58114624023438,26.92607307434082,
2017-04-26,16.559623718261719,12.440891265869141,205.49549865722656,26.937686920166016,
2017-04-27,16.614633560180664,12.452390670776367,205.61540222167969,27.028301239013672,
2017-04-28,16.642129898071289,12.56162166595459,205.16146850585938,27.025978088378906,
2017-05-01,16.64605712890625,12.584617614746094,205.72673034667969,27.125869750976562,
2017-05-02,16.642129898071289,12.653606414794922,205.80381774902344,27.188596725463867,
2017-05-03,16.587125778198242,12.607614517211914,205.59825134277344,27.093353271484375,
2017-05-04,16.649986267089844,12.745590209960938,205.73529052734375,27.160722732543945,
2017-05-05,16.712844848632812,12.705348014831543,206.61738586425781,27.260622024536133,
2017-05-08,16.685342788696289,12.670852661132812,206.54029846191406,27.253643035888672,
2017-05-09,16.673559188842773,12.705348014831543,206.38616943359375,27.300115585327148,
2017-05-10,16.681419372558594,12.676601409912109,206.72016906738281,27.314046859741211,
2017-05-11,16.681419372558594,12.653606414794922,206.34332275390625,27.272239685058594,
2017-05-12,16.657844543457031,12.670852661132812,206.02645874023438,27.260622024536133,
2017-05-15,16.740346908569336,12.72834300994873,207.07130432128906,27.381429672241211,
2017-05-16,16.716770172119141,12.722594261169434,206.89999389648438,27.379110336303711,
2017-05-17,16.547834396362305,12.504130363464355,203.26023864746094,26.872640609741211,
2017-05-18,16.60284423828125,12.573119163513184,203.98817443847656,27.019008636474609,
2017-05-19,16.681419372558594,12.642107963562012,205.41838073730469,27.186277389526367,
2017-05-22,16.791421890258789,12.716845512390137,206.39469909667969,27.360517501831055,
2017-05-23,16.814992904663086,12.716845512390137,206.84007263183594,27.367490768432617,
2017-05-24,16.881784439086914,12.774334907531738,207.35385131835938,27.476675033569336,
2017-05-25,16.999643325805664,12.895064353942871,208.33877563476562,27.688089370727539,
2017-05-26,17.007505416870117,12.912311553955078,208.30451965332031,27.697381973266602,
2017-05-30,17.038930892944336,12.918062210083008,208.17607116699219,27.704360961914062,
2017-05-31,17.07429313659668,12.941058158874512,208.02191162109375,27.725261688232422,
2017-06-01,17.203943252563477,13.027290344238281,209.72616577148438,27.941318511962891,
2017-06-02,17.286441802978516,13.136524200439453,210.39414978027344,28.134145736694336,
2017-06-05,17.270727157592773,13.130775451660156,210.25715637207031,28.099298477172852,
2017-06-06,17.219654083251953,13.050288200378418,209.69186401367188,27.997079849243164,
2017-06-07,17.219654083251953,13.067535400390625,210.03448486328125,28.069099426269531,
2017-06-08,17.168577194213867,13.044541358947754,210.09445190429688,28.043535232543945,
2017-06-09,17.14893913269043,12.872069358825684,209.76899719238281,27.76707649230957,
2017-06-12,17.101791381835938,12.826077461242676,209.74325561523438,27.681118011474609,
2017-06-13,17.196083068847656,12.912311553955078,210.77096557617188,27.88092041015625,
2017-06-14,17.196083068847656,12.900814056396484,210.53976440429688,27.878597259521484,
2017-06-15,17.17643928527832,12.814578056335449,210.14581298828125,27.804252624511719,
2017-06-16,17.207866668701172,12.803081512451172,209.97451782226562,27.76243782043457,
2017-06-19,17.313945770263672,12.969801902770996,211.8671875,28.062126159667969,
2017-06-20,17.227512359619141,12.946806907653809,210.48835754394531,27.883241653442383,
2017-06-21,17.223581314086914,13.090532302856445,210.40269470214844,27.976171493530273,
2017-06-22,17.237770080566406,13.096282005310059,210.33424377441406,27.990108489990234,
2017-06-23,17.304784774780273,13.171019554138184,210.54829406738281,28.052837371826172,
2017-06-26,17.28901481628418,13.153770446777344,210.67677307128906,27.994754791259766,
2017-06-27,17.174703598022461,13.010044097900391,209.0911865234375,27.664861679077148,
2017-06-28,17.281135559082031,13.153770446777344,210.86343383789062,27.950618743896484,
2017-06-29,17.10374641418457,12.975552558898926,209.08259582519531,27.592844009399414,
2017-06-30,17.214118957519531,13.010044097900391,209.40950012207031,27.650917053222656,
2017-07-03,17.198362350463867,12.929557800292969,209.80526733398438,27.557991027832031,
2017-07-05,17.253543853759766,12.929557800292969,210.25265502929688,27.685773849487305,
2017-07-06,17.119518280029297,12.837573051452637,208.35995483398438,27.465444564819336,
2017-07-07,17.245660781860352,12.958304405212402,209.66757202148438,27.721914291381836,
2017-07-10,17.222002029418945,13.015795707702637,209.865478515625,27.801174163818359,
2017-07-11,17.194414138793945,13.00429630279541,209.76226806640625,27.824489593505859,
2017-07-12,17.328435897827148,13.14802360534668,211.33660888671875,28.092622756958008,
2017-07-13,17.308727264404297,13.171019554138184,211.66352844238281,28.129926681518555,
2017-07-14,17.423038482666016,13.234257698059082,212.5841064453125,28.297798156738281,
2017-07-17,17.426979064941406,13.228508949279785,212.62709045410156,28.28380012512207,
2017-07-18,17.446693420410156,13.285998344421387,212.80767822265625,28.374734878540039,
2017-07-19,17.545236587524414,13.383732795715332,213.89173889160156,28.521625518798828,
2017-07-20,17.604366302490234,13.452720642089844,213.99501037597656,28.547271728515625,
2017-07-21,17.624076843261719,13.487215042114258,213.83151245117188,28.537942886352539,
2017-07-24,17.557062149047852,13.492962837219238,213.77992248535156,28.593900680541992,
2017-07-25,17.474288940429688,13.44697093963623,214.27896118164062,28.589235305786133,
2017-07-26,17.438804626464844,13.487215042114258,214.33912658691406,28.635868072509766,
2017-07-27,17.391506195068359,13.504462242126465,214.14128112792969,28.52629280090332,
2017-07-28,17.426979064941406,13.521709442138672,213.84016418457031,28.463336944580078,
2017-07-31,17.423038482666016,13.475714683532715,213.75413513183594,28.374734878540039,
2017-08-01,17.470342636108398,13.504462242126465,214.2100830078125,28.435359954833984,
2017-08-02,17.49005126953125,13.481465339660645,214.32188415527344,28.481986999511719,
2017-08-03,17.517641067504883,13.452720642089844,213.94334411621094,28.43768310546875,
2017-08-04,17.521589279174805,13.458471298217773,214.27029418945312,28.493640899658203,
2017-08-07,17.505821228027344,13.515959739685059,214.66603088378906,28.593900680541992,
2017-08-08,17.450632095336914,13.418225288391113,214.19287109375,28.52629280090332,
2017-08-09,17.474288940429688,13.383732795715332,214.14987182617188,28.52629280090332,
2017-08-10,17.316612243652344,13.11927604675293,211.1817626953125,28.057643890380859,
2017-08-11,17.371797561645508,13.176767349243164,211.39680480957031,28.197536468505859,
2017-08-14,17.537361145019531,13.331992149353027,213.504638671875,28.514627456665039,
2017-08-15,17.553123474121094,13.31474494934082,213.48747253417969,28.528614044189453,
2017-08-16,17.647729873657227,13.366484642028809,213.87454223632812,28.617219924926758,
2017-08-17,17.415159225463867,13.11927604675293,210.60533142089844,28.148582458496094,
2017-08-18,17.340259552001953,13.079034805297852,210.13224792480469,28.097286224365234,
2017-08-21,17.367855072021484,13.073285102844238,210.42466735839844,28.134588241577148,
2017-08-22,17.501880645751953,13.251503944396973,212.49809265136719,28.491306304931641,
2017-08-23,17.348140716552734,13.188265800476074,211.76676940917969,28.353755950927734,
2017-08-24,17.320554733276367,13.211261749267578,211.37107849121094,28.304786682128906,
2017-08-25,17.344203948974609,13.199762344360352,211.7926025390625,28.31178092956543,
2017-08-28,17.356027603149414,13.217009544372559,211.83561706542969,28.381734848022461,
2017-08-29,17.391506195068359,13.228508949279785,212.10232543945312,28.456338882446289,
2017-08-30,17.411216735839844,13.31474494934082,213.1260986328125,28.663845062255859,
2017-08-31,17.533416748046875,13.40672779083252,214.33912658691406,28.890005111694336,
2017-09-01,17.497932434082031,13.429723739624023,214.70904541015625,28.917980194091797,
2017-09-05,17.411216735839844,13.395230293273926,213.16915893554688,28.736122131347656,
2017-09-06,17.43092155456543,13.423975944519043,213.88314819335938,28.794410705566406,
2017-09-07,17.545236587524414,13.492962837219238,213.88314819335938,28.887676239013672,
2017-09-08,17.529470443725586,13.44697093963623,213.52180480957031,28.80839729309082,
2017-09-11,17.698976516723633,13.527459144592285,215.85331726074219,29.085853576660156,
2017-09-12,17.695032119750977,13.556203842163086,216.62753295898438,29.132480621337891,
2017-09-13,17.639842987060547,13.556203842163086,216.72221374511719,29.127824783325195,
2017-09-14,17.687145233154297,13.504462242126465,216.644775390625,29.071868896484375,
2017-09-15,17.639842987060547,13.44697093963623,216.92007446289062,29.123157501220703,
2017-09-18,17.64378547668457,13.452720642089844,217.41047668457031,29.160465240478516,
2017-09-19,17.620136260986328,13.475714683532715,217.616943359375,29.181442260742188,
2017-09-20,17.620136260986328,13.46422004699707,217.74598693847656,29.167455673217773,
2017-09-21,17.53398323059082,13.4124755859375,217.10934448242188,29.053207397460938,
2017-09-22,17.541889190673828,13.44697093963623,217.11798095703125,29.053207397460938,
2017-09-25,17.506322860717773,13.343488693237305,216.70497131347656,28.852703094482422,
2017-09-26,17.510276794433594,13.349237442016602,216.82952880859375,28.884265899658203,
2017-09-27,17.51817512512207,13.40672779083252,217.67691040039062,29.064329147338867,
2017-09-28,17.514223098754883,13.40672779083252,217.91043090820312,29.115768432617188,
2017-09-29,17.557693481445312,13.498712539672852,218.71456909179688,29.244386672973633,
2017-10-02,17.640684127807617,13.533208847045898,219.61390686035156,29.34025764465332,
2017-10-03,17.648584365844727,13.538954734802246,220.13276672363281,29.396387100219727,
2017-10-04,17.719720840454102,13.527459144592285,220.41810607910156,29.447824478149414,
2017-10-05,17.81060791015625,13.613694190979004,221.69793701171875,29.646600723266602,
2017-10-06,17.818515777587891,13.648185729980469,221.46438598632812,29.674655914306641,
2017-10-09,17.76713752746582,13.636688232421875,221.09257507324219,29.658290863037109,
2017-10-10,17.759239196777344,13.653938293457031,221.66337585449219,29.679330825805664,
2017-10-11,17.814563751220703,13.69992733001709,221.98324584960938,29.779878616333008,
2017-10-12,17.877792358398438,13.694179534912109,221.66337585449219,29.793912887573242,
2017-10-13,17.925207138061523,13.728672981262207,221.91412353515625,29.864067077636719,
2017-10-16,17.933116912841797,13.711427688598633,222.27723693847656,29.90382194519043,
2017-10-17,18.020053863525391,13.717178344726562,222.41566467285156,29.934221267700195,
2017-10-18,18.039812088012695,13.717178344726562,222.6058349609375,29.962278366088867,
2017-10-19,18.047719955444336,13.849405288696289,222.69233703613281,29.943576812744141,
2017-10-20,18.150461196899414,13.826407432556152,223.83375549316406,30.088556289672852,
2017-10-23,18.122800827026367,13.763166427612305,222.97773742675781,29.941238403320312,
2017-10-24,18.154407501220703,13.745920181274414,223.31494140625,29.985664367675781,
2017-10-25,18.170219421386719,13.751669883728027,222.26864624023438,29.866411209106445,
2017-10-26,18.24925422668457,13.751669883728027,222.53669738769531,29.906162261962891,
2017-10-27,18.446847915649414,13.981631278991699,224.31802368164062,30.369165420532227,
2017-10-30,18.30853271484375,13.952886581420898,223.54841613769531,30.310697555541992,
2017-10-31,18.280868530273438,13.947138786315918,223.79911804199219,30.390222549438477,
2017-11-01,18.288772583007812,13.958634376525879,224.16233825683594,30.371513366699219,
2017-11-02,18.407329559326172,13.947138786315918,224.283447265625,30.392551422119141,
2017-11-03,18.438941955566406,14.00462818145752,224.98387145996094,30.567937850952148,
2017-11-06,18.399421691894531,14.010377883911133,225.36428833007812,30.626399993896484,
2017-11-07,18.403369903564453,13.929888725280762,225.25193786621094,30.621723175048828,
2017-11-08,18.450794219970703,14.027621269226074,225.64103698730469,30.731620788574219,
2017-11-09,18.391521453857422,13.964383125305176,224.81956481933594,30.572607040405273,
2017-11-10,18.375709533691406,13.952886581420898,224.66389465332031,30.591320037841797,
2017-11-13,18.431035995483398,13.941387176513672,224.9146728515625,30.635749816894531,
2017-11-14,18.438941955566406,13.935637474060059,224.46502685546875,30.600677490234375,
2017-11-15,18.320383071899414,13.878148078918457,223.25436401367188,30.404245376586914,
2017-11-16,18.47450065612793,14.04487133026123,225.12223815917969,30.719936370849609,
2017-11-17,18.434988021850586,14.016124725341797,224.50830078125,30.624059677124023,
2017-11-20,18.47450065612793,14.016124725341797,224.86280822753906,30.684858322143555,
2017-11-21,18.593059539794922,14.108110427856445,226.32414245605469,30.965473175048828,
2017-11-22,18.517974853515625,14.079365730285645,226.15988159179688,30.944423675537109,
2017-11-24,18.585153579711914,14.119607925415039,226.635498046875,31.054330825805664,
2017-11-27,18.616769790649414,14.14835262298584,226.56626892089844,31.066013336181641,
2017-11-28,18.786691665649414,14.217339515686035,228.84918212890625,31.255434036254883,
2017-11-29,18.759029388427734,14.033371925354004,228.70219421386719,30.9935302734375,
2017-11-30,18.91710090637207,14.136856079101562,230.78616333007812,31.28582763671875,
2017-12-01,18.869682312011719,14.067867279052734,230.24136352539062,31.175924301147461,
2017-12-04,18.735322952270508,13.889646530151367,229.999267578125,30.967803955078125,
2017-12-05,18.719518661499023,13.924139976501465,229.1431884765625,30.930389404296875,
2017-12-06,18.755081176757812,14.027621269226074,229.19505310058594,30.995868682861328,
2017-12-07,18.743227005004883,14.139856338500977,229.88682556152344,31.145536422729492,
2017-12-08,18.849922180175781,14.227532386779785,231.14073181152344,31.304538726806641,
2017-12-11,18.901296615600586,14.268451690673828,231.93623352050781,31.402755737304688,
2017-12-12,18.925006866455078,14.268451690673828,232.29080200195312,31.400413513183594,
2017-12-13,18.96452522277832,14.338594436645508,232.23890686035156,31.461217880249023,
2017-12-14,18.885488510131836,14.297677040100098,231.33956909179688,31.377025604248047,
2017-12-15,19.035661697387695,14.367822647094727,233.29380798339844,31.650627136230469,
2017-12-18,19.083076477050781,14.391202926635742,234.74656677246094,31.856403350830078,
2017-12-19,19.067270278930664,14.321059226989746,233.81961059570312,31.746498107910156,
2017-12-20,19.023866653442383,14.268451690673828,233.69792175292969,31.709098815917969,
2017-12-21,19.003589630126953,14.233379364013672,234.16703796386719,31.703701019287109,
2017-12-22,18.967082977294922,14.215842247009277,234.10627746582031,31.687274932861328,
2017-12-26,18.946805953979492,14.215842247009277,233.81088256835938,31.616958618164062,
2017-12-27,18.979249954223633,14.221687316894531,233.95863342285156,31.666187286376953,
2017-12-28,18.995475769042969,14.239225387573242,234.3929443359375,31.724786758422852,
2017-12-29,18.926521301269531,14.163233757019043,233.57633972167969,31.577098846435547,
2018-01-02,19.011699676513672,14.315214157104492,235.31391906738281,31.879535675048828,
2018-01-03,19.109048843383789,14.508110046386719,236.67793273925781,32.151527404785156,
2018-01-04,19.234794616699219,14.560718536376953,237.70317077636719,32.285140991210938,
2018-01-05,19.421380996704102,14.71854305267334,239.20606994628906,32.578227996826172,
2018-01-08,19.445714950561523,14.75361442565918,239.73609924316406,32.669670104980469,
2018-01-09,19.5106201171875,14.782842636108398,240.28343200683594,32.737659454345703,
2018-01-10,19.461948394775391,14.747768402099609,239.90115356445312,32.650917053222656,
2018-01-11,19.555240631103516,14.812067985534668,241.60406494140625,32.887729644775391,
2018-01-12,19.713432312011719,14.911438941955566,243.18527221679688,33.108116149902344,
2018-01-16,19.636362075805664,14.882211685180664,242.30772399902344,32.976821899414062,
2018-01-17,19.835117340087891,15.063416481018066,244.72296142578125,33.337882995605469,
2018-01-18,19.863519668579102,15.075106620788574,244.3580322265625,33.321475982666016,
2018-01-19,19.997371673583984,15.162788391113281,245.42668151855469,33.494972229003906,
2018-01-22,20.086606979370117,15.26215934753418,247.37283325195312,33.755226135253906,
2018-01-23,19.993318557739258,15.373218536376953,247.94633483886719,33.907634735107422,
2018-01-24,20.041990280151367,15.355684280395508,247.81591796875,33.8255615234375,
2018-01-25,20.143396377563477,15.390756607055664,247.91142272949219,33.846664428710938,
2018-01-26,20.366491317749023,15.507659912109375,250.78715515136719,34.254627227783203,
2018-01-29,20.204240798950195,15.367374420166016,249.12779235839844,34.017818450927734,
2018-01-30,20.029821395874023,15.244620323181152,246.43460083007812,33.717708587646484,
2018-01-31,20.050107955932617,15.273847579956055,246.86895751953125,33.771633148193359,
2018-02-01,19.997371673583984,15.221240043640137,246.55612182617188,33.659099578857422,
2018-02-02,19.587686538696289,14.899745941162109,241.11747741699219,32.981502532958984,
2018-02-05,18.812942504882812,14.350284576416016,231.14370727539062,31.689620971679688,
2018-02-06,19.068489074707031,14.572408676147461,235.67012023925781,32.376590728759766,
2018-02-07,18.995475769042969,14.432122230529785,234.21925354003906,32.160896301269531,
2018-02-08,18.318078994750977,13.906041145324707,225.55729675292969,30.869022369384766,
2018-02-09,18.638525009155273,14.209999084472656,229.07591247558594,31.368417739868164,
2018-02-12,18.902183532714844,14.338594436645508,232.12542724609375,31.863122940063477,
2018-02-13,18.950857162475586,14.344440460205078,232.80305480957031,31.98036003112793,
2018-02-14,19.157724380493164,14.59578800201416,236.00901794433594,32.465686798095703,
2018-02-15,19.384876251220703,14.823758125305176,238.93679809570312,32.920555114746094,
2018-02-16,19.437606811523438,14.812067985534668,238.99761962890625,32.892402648925781,
2018-02-20,19.283466339111328,14.765304565429688,237.53802490234375,32.789253234863281,
2018-02-21,19.182062149047852,14.695159912109375,236.31312561035156,32.660301208496094,
2018-02-22,19.271303176879883,14.724385261535645,236.63453674316406,32.728279113769531,
2018-02-23,19.494390487670898,15.010808944702148,240.41374206542969,33.248794555664062,
2018-02-26,19.758056640625,15.162788391113281,243.2286376953125,33.612201690673828,
2018-02-27,19.559295654296875,14.911438941955566,240.205322265625,33.185478210449219,
2018-02-28,19.392988204956055,14.858827590942383,237.47720336914062,32.892402648925781,
2018-03-01,19.10093879699707,14.630860328674316,234.31475830078125,32.439891815185547,
2018-03-02,19.210458755493164,14.741921424865723,235.61796569824219,32.636844635009766,
2018-03-05,19.36865234375,14.87636661529541,238.22438049316406,32.990882873535156,
2018-03-06,19.405157089233398,14.893901824951172,238.8759765625,33.115139007568359,
2018-03-07,19.433551788330078,14.946508407592773,238.78919982910156,33.173770904541016,
2018-03-08,19.587686538696289,15.010808944702148,239.90115356445312,33.347267150878906,
2018-03-09,19.871631622314453,15.285538673400879,243.97586059570312,33.919353485107422,
2018-03-12,19.843231201171875,15.326457023620605,243.77598571777344,33.931068420410156,
2018-03-13,19.782388687133789,15.203704833984375,242.19480895996094,33.687236785888672,
2018-03-14,19.664066314697266,15.186165809631348,240.95246887207031,33.574680328369141,
2018-03-15,19.708797454833984,15.238775253295898,240.70040893554688,33.546546936035156,
2018-03-16,19.704723358154297,15.29722785949707,240.91761779785156,33.551242828369141,
2018-03-19,19.456687927246094,15.051724433898926,237.68569946289062,33.040134429931641,
2018-03-20,19.424161911010742,15.075106620788574,238.10272216796875,33.176105499267578,
2018-03-21,19.330636978149414,14.999117851257324,237.66827392578125,33.028392791748047,
2018-03-22,18.814228057861328,14.589944839477539,231.68063354492188,32.165714263916016,
2018-03-23,18.468605041503906,14.280141830444336,226.75849914550781,31.490877151489258,
2018-03-26,18.952484130859375,14.771149635314941,233.01596069335938,32.419647216796875,
2018-03-27,18.720710754394531,14.350284576416016,228.93156433105469,31.669576644897461,
2018-03-28,18.675983428955078,14.326902389526367,228.32064819335938,31.50499153137207,
2018-03-29,18.911819458007812,14.60163402557373,231.59332275390625,31.998773574829102,
2018-04-02,18.53773307800293,14.280141830444336,226.21739196777344,31.225193023681641,
2018-04-03,18.806100845336914,14.426275253295898,229.15847778320312,31.587291717529297,
2018-04-04,19.033809661865234,14.648396492004395,231.82028198242188,32.008174896240234,
2018-04-05,19.135456085205078,14.747768402099609,233.43472290039062,32.231548309326172,
2018-04-06,18.724777221679688,14.408740043640137,228.27702331542969,31.49323844909668,
2018-04-09,18.7857666015625,14.467190742492676,229.26319885253906,31.587291717529297,
2018-04-10,19.058202743530273,14.724385261535645,232.98970031738281,32.149238586425781,
2018-04-11,18.907751083374023,14.630860328674316,231.72425842285156,31.991706848144531,
2018-04-12,19.05413818359375,14.736076354980469,233.70529174804688,32.252704620361328,
2018-04-13,19.046009063720703,14.671778678894043,232.98970031738281,32.165714263916016,
2018-04-16,19.31843376159668,14.771149635314941,234.92713928222656,32.433761596679688,
2018-04-17,19.546146392822266,15.010808944702148,237.44058227539062,32.948688507080078,
2018-04-18,19.53801155090332,15.03419017791748,237.54534912109375,32.998058319091797,
2018-04-19,19.42009162902832,14.911438941955566,236.26242065429688,32.727676391601562,
2018-04-20,19.245243072509766,14.765304565429688,234.27262878417969,32.363216400146484,
2018-04-23,19.261510848999023,14.776995658874512,234.27262878417969,32.337345123291016,
2018-04-24,18.948415756225586,14.525647163391113,231.17446899414062,31.716611862182617,
2018-04-25,18.932153701782227,14.543181419372559,231.63697814941406,31.754228591918945,
2018-04-26,19.196453094482422,14.95820140838623,234.01951599121094,32.2691650390625,
2018-04-27,19.216779708862305,14.964046478271484,234.22898864746094,32.292682647705078,
2018-04-30,19.050065994262695,14.812067985534668,232.4136962890625,32.083404541015625,
2018-05-01,19.119197845458984,14.911438941955566,232.86753845214844,32.273860931396484,
2018-05-02,18.964677810668945,14.806221961975098,231.24424743652344,32.116321563720703,
2018-05-03,18.956548690795898,14.841293334960938,230.746826171875,32.125743865966797,
2018-05-04,19.15985107421875,15.016654014587402,233.73149108886719,32.593639373779297,
2018-05-07,19.163921356201172,15.116024017333984,234.57810974121094,32.779399871826172,
2018-05-08,19.090734481811523,15.156942367553711,234.48202514648438,32.77703857421875,
2018-05-09,19.23304557800293,15.308920860290527,236.89077758789062,33.085067749023438,
2018-05-10,19.424161911010742,15.414135932922363,239.03767395019531,33.381324768066406,
2018-05-11,19.489221572875977,15.507659912109375,239.53517150878906,33.442455291748047,
2018-05-14,19.505487442016602,15.478433609008789,239.840576171875,33.449516296386719,
2018-05-15,19.379434585571289,15.390756607055664,238.08633422851562,33.1673583984375,
2018-05-16,19.456687927246094,15.455052375793457,239.21218872070312,33.336650848388672,
2018-05-17,19.460752487182617,15.44920825958252,239.02015686035156,33.294338226318359,
2018-05-18,19.477029800415039,15.460897445678711,238.43545532226562,33.289630889892578,
2018-05-21,19.659997940063477,15.548579216003418,240.18092346191406,33.538871765136719,
2018-05-22,19.558343887329102,15.44920825958252,239.53517150878906,33.371921539306641,
2018-05-23,19.603071212768555,15.589497566223145,240.21574401855469,33.564723968505859,
2018-05-24,19.570545196533203,15.624567985534668,239.77947998046875,33.576492309570312,
2018-05-25,19.542083740234375,15.607029914855957,239.107421875,33.548267364501953,
2018-05-29,19.322504043579102,15.519351959228516,236.44566345214844,33.313137054443359,
2018-05-30,19.574611663818359,15.694709777832031,239.60484313964844,33.668186187744141,
2018-05-31,19.477029800415039,15.636259078979492,238.01651000976562,33.489486694335938,
2018-06-01,19.700658798217773,15.846692085266113,240.46025085449219,33.903305053710938,
2018-06-04,19.822647094726562,16.016208648681641,241.57725524902344,34.161945343017578,
2018-06-05,19.871438980102539,16.027894973754883,241.79547119140625,34.2818603515625,
2018-06-06,20.074750900268555,16.150644302368164,243.87249755859375,34.561676025390625,
2018-06-07,20.009687423706055,15.992823600769043,243.71540832519531,34.401779174804688,
2018-06-08,20.111345291137695,16.086349487304688,244.39619445800781,34.509944915771484,
2018-06-11,20.078811645507812,16.098037719726562,244.80628967285156,34.578132629394531,
2018-06-12,20.10321044921875,16.197410583496094,245.137939453125,34.719219207763672,
2018-06-13,20.066612243652344,16.209104537963867,244.29147338867188,34.589893341064453,
2018-06-14,20.054418563842773,16.261707305908203,244.98091125488281,34.799163818359375,
2018-06-15,20.119470596313477,16.244173049926758,244.63185119628906,34.775642395019531,
2018-06-18,20.070682525634766,16.331851959228516,244.09944152832031,34.752124786376953,
2018-06-19,19.940559387207031,16.255861282348633,243.20050048828125,34.556972503662109,
2018-06-20,19.872838973999023,16.191564559936523,243.70671081542969,34.679248809814453,
2018-06-21,19.799400329589844,16.086349487304688,242.02235412597656,34.432361602783203,
2018-06-22,19.893238067626953,16.062967300415039,242.51982116699219,34.385330200195312,
2018-06-25,19.693330764770508,15.782393455505371,239.21218872070312,33.769294738769531,
2018-06-26,19.742282867431641,15.829154968261719,239.78302001953125,33.891563415527344,
2018-06-27,19.579092025756836,15.607029914855957,237.72247314453125,33.4730224609375,
2018-06-28,19.750448226928711,15.77070426940918,239.21307373046875,33.759883880615234,
2018-06-29,19.827959060668945,15.88176155090332,239.41477966308594,33.811611175537109,
2018-07-02,19.881002426147461,15.946062088012695,240.08990478515625,33.999710083007812,
2018-07-03,19.807563781738281,15.858379364013672,239.13409423828125,33.751621246337891,
2018-07-05,20.003393173217773,16.0045166015625,241.18595886230469,34.077072143554688,
2018-07-06,20.121709823608398,16.156492233276367,243.06233215332031,34.452033996582031,
2018-07-09,20.240026473999023,16.285089492797852,245.34202575683594,34.779838562011719,
2018-07-10,20.374656677246094,16.3084716796875,246.23638916015625,34.857666015625,
2018-07-11,20.260425567626953,16.273403167724609,244.40380859375,34.697292327880859,
2018-07-12,20.460336685180664,16.489675521850586,246.50820922851562,35.138290405273438,
2018-07-13,20.52153205871582,16.559818267822266,246.76239013671875,35.211383819580078,
2018-07-16,20.464412689208984,16.477983474731445,246.67478942871094,35.100555419921875,
2018-07-17,20.554168701171875,16.600740432739258,247.67430114746094,35.334026336669922,
2018-07-18,20.517454147338867,16.594892501831055,248.21792602539062,35.369396209716797,
2018-07-19,20.460336685180664,16.565666198730469,247.19210815429688,35.24676513671875,
2018-07-20,20.460336685180664,16.594892501831055,246.9290771484375,35.239692687988281,
2018-07-23,20.435853958129883,16.653345108032227,247.385009765625,35.24676513671875,
2018-07-24,20.537853240966797,16.659191131591797,248.62132263183594,35.345813751220703,
2018-07-25,20.750005722045898,16.916387557983398,250.92733764648438,35.817474365234375,
2018-07-26,20.815279006958008,16.723491668701172,250.05928039550781,35.451938629150391,
2018-07-27,20.635768890380859,16.483831405639648,248.45477294921875,35.053398132324219,
2018-07-30,20.415460586547852,16.22663688659668,247.060546875,34.551078796386719,
2018-07-31,20.574573516845703,16.302623748779297,248.38458251953125,34.786907196044922,
2018-08-01,20.582727432250977,16.273403167724609,248.033935546875,34.909534454345703,
2018-08-02,20.607213973999023,16.536441802978516,249.21766662597656,35.277435302734375,
2018-08-03,20.684726715087891,16.600740432739258,250.37484741210938,35.359970092773438,
2018-08-06,20.717363357543945,16.700107574462891,251.3394775390625,35.543910980224609,
2018-08-07,20.750005722045898,16.758562088012695,252.05844116210938,35.673622131347656,
2018-08-08,20.762239456176758,16.770256042480469,251.970703125,35.673622131347656,
2018-08-09,20.762239456176758,16.770256042480469,251.74287414550781,35.685413360595703,
2018-08-10,20.643928527832031,16.688413619995117,249.95405578613281,35.466091156005859,
2018-08-13,20.562334060668945,16.629966735839844,249.1123046875,35.402423858642578,
2018-08-14,20.664335250854492,16.776098251342773,250.70808410644531,35.633529663085938,
2018-08-15,20.586814880371094,16.606582641601562,248.70904541015625,35.317520141601562,
2018-08-16,20.745925903320312,16.647499084472656,250.85720825195312,35.506175994873047,
2018-08-17,20.835687637329102,16.694263458251953,251.68144226074219,35.558048248291016,
2018-08-20,20.896871566772461,16.764408111572266,252.29508972167969,35.638248443603516,
2018-08-21,20.909114837646484,16.776098251342773,252.72486877441406,35.716072082519531,
2018-08-22,20.843837738037109,16.817012786865234,252.71609497070312,35.786819458007812,
2018-08-23,20.876476287841797,16.852087020874023,252.286376953125,35.782100677490234,
2018-08-24,21.015188217163086,16.945611953735352,253.85586547851562,36.081607818603516,
2018-08-27,21.129428863525391,17.085899353027344,255.86380004882812,36.378742218017578,
2018-08-28,21.129428863525391,17.085899353027344,255.93397521972656,36.425907135009766,
2018-08-29,21.259984970092773,17.255413055419922,257.3807373046875,36.739547729492188,
2018-08-30,21.182458877563477,17.179426193237305,256.28475952148438,36.626350402832031,
2018-08-31,21.231422424316406,17.220342636108398,256.4161376953125,36.673534393310547,
2018-09-04,21.141670227050781,17.185268402099609,255.98654174804688,36.668815612792969,
2018-09-05,21.121261596679688,16.980686187744141,255.29399108886719,36.326854705810547,
2018-09-06,21.170221328735352,16.992374420166016,254.54859924316406,36.192447662353516,
2018-09-07,21.096784591674805,16.957304000854492,253.92607116699219,36.121688842773438,
2018-09-10,21.162069320678711,17.056671142578125,254.49591064453125,36.199520111083984,
2018-09-11,21.259984970092773,17.161893844604492,255.34652709960938,36.440055847167969,
2018-09-12,21.280376434326172,17.132661819458008,255.36398315429688,36.437698364257812,
2018-09-13,21.439498901367188,17.214498519897461,256.83709716796875,36.685314178466797,
2018-09-14,21.410932540893555,17.255413055419922,256.82839965820312,36.668815612792969,
2018-09-17,21.337497711181641,17.074207305908203,255.53939819335938,36.260837554931641,
2018-09-18,21.451732635498047,17.20280647277832,256.9686279296875,36.503749847412109,
2018-09-19,21.472133636474609,17.173582077026367,257.15277099609375,36.447128295898438,
2018-09-20,21.681507110595703,17.348941802978516,259.32717895507812,36.751350402832031,
2018-09-21,21.710132598876953,17.343095779418945,258.97659301757812,36.640522003173828,
2018-09-24,21.59562873840332,17.31971549987793,258.1961669921875,36.666454315185547,
2018-09-25,21.546560287475586,17.40739631652832,257.92425537109375,36.727767944335938,
2018-09-26,21.50975227355957,17.413240432739258,257.16427612304688,36.693710327148438,
2018-09-27,21.501575469970703,17.477535247802734,257.868896484375,36.892353057861328,
2018-09-28,21.55064582824707,17.500919342041016,257.78955078125,36.887630462646484,
2018-10-01,21.718305587768555,17.541833877563477,258.79354858398438,36.977485656738281,
2018-10-02,21.673322677612305,17.413240432739258,258.68792724609375,36.84979248046875,
2018-10-03,21.61607551574707,17.419084548950195,258.86407470703125,36.899459838867188,
2018-10-04,21.374809265136719,17.097593307495117,256.91781616210938,36.324790954589844,
2018-10-05,21.313468933105469,17.009910583496094,255.32388305664062,36.017353057861328,
2018-10-08,21.268482208251953,16.893003463745117,255.3326416015625,35.818698883056641,
2018-10-09,21.194877624511719,16.916387557983398,255.02444458007812,35.811607360839844,
2018-10-10,20.532411575317383,16.185720443725586,246.79916381835938,34.390312194824219,
2018-10-11,20.156190872192383,15.957749366760254,241.58578491210938,33.836917877197266,
2018-10-12,20.46697998046875,16.396152496337891,244.84419250488281,34.567668914794922,
2018-10-15,20.381105422973633,16.22663688659668,243.52323913574219,34.283897399902344,
2018-10-16,20.884086608886719,16.741025924682617,248.88632202148438,35.218025207519531,
2018-10-17,20.88818359375,16.676727294921875,248.83348083496094,35.132892608642578,
2018-10-18,20.650993347167969,16.419530868530273,245.26693725585938,34.456527709960938,
2018-10-19,20.695980072021484,16.396152496337891,245.05551147460938,34.328823089599609,
2018-10-22,20.712347030639648,16.524749755859375,244.13087463378906,34.3619384765625,
2018-10-23,20.5855712890625,16.39030647277832,242.67787170410156,34.160915374755859,
2018-10-24,20.086679458618164,15.77070426940918,235.25407409667969,32.867305755615234,
2018-10-25,20.46697998046875,16.086349487304688,239.55160522460938,33.692676544189453,
2018-10-26,20.176641464233398,15.7999267578125,235.21881103515625,32.978450775146484,
2018-10-29,20.107126235961914,15.571959495544434,233.90664672851562,32.5125732421875,
2018-10-30,20.315683364868164,15.75900936126709,237.64935302734375,32.985553741455078,
2018-10-31,20.524232864379883,16.051275253295898,240.2032470703125,33.600429534912109,
2018-11-01,20.638731002807617,16.144805908203125,242.54576110839844,34.023746490478516,
2018-11-02,20.56103515625,16.150644302368164,241.19844055175781,33.7352294921875,
2018-11-05,20.687807083129883,16.174028396606445,242.67787170410156,33.72576904296875,
2018-11-06,20.810478210449219,16.296779632568359,244.07807922363281,33.945705413818359,
2018-11-07,21.186700820922852,16.752714157104492,249.33554077148438,34.875110626220703,
2018-11-08,21.25621223449707,16.741025924682617,248.79835510253906,34.752124786376953,
2018-11-09,21.141717910766602,16.600740432739258,246.54380798339844,34.316989898681641,
2018-11-12,20.790037155151367,16.22663688659668,241.74441528320312,33.460906982421875,
2018-11-13,20.736871719360352,16.267555236816406,241.39208984375,33.432514190673828,
2018-11-14,20.58148193359375,16.156492233276367,239.71891784667969,33.160564422607422,
2018-11-15,20.847284317016602,16.3084716796875,242.140625,33.590961456298828,
2018-11-16,21.051753997802734,16.238325119018555,242.82748413085938,33.555507659912109,
2018-11-19,20.740961074829102,15.72393798828125,238.76776123046875,32.564613342285156,
2018-11-20,20.3565673828125,15.513507843017578,234.33815002441406,32.008853912353516,
2018-11-21,20.3565673828125,15.653794288635254,235.09550476074219,32.200412750244141,
2018-11-23,20.282960891723633,15.589497566223145,233.64247131347656,32.011222839355469,
2018-11-26,20.475160598754883,15.88176155090332,237.30593872070312,32.60479736328125,
2018-11-27,20.46697998046875,15.893451690673828,238.05448913574219,32.675754547119141,
2018-11-28,20.920896530151367,16.378616333007812,243.611328125,33.704483032226562,
2018-11-29,20.904537200927734,16.290933609008789,243.11814880371094,33.624088287353516,
2018-11-30,21.141717910766602,16.425378799438477,244.81776428222656,33.893672943115234,
2018-12-03,21.276668548583984,16.641654968261719,247.78544616699219,34.430503845214844,
2018-12-04,20.765499114990234,16.133113861083984,240.00068664550781,33.200756072998047,
2018-12-06,20.650993347167969,16.162336349487305,239.37544250488281,33.29534912109375,
2018-12-07,20.203033447265625,15.710052490234375,233.8978271484375,32.306838989257812,
2018-12-10,20.332172393798828,15.884006500244141,234.2501220703125,32.538581848144531,
2018-12-11,20.367792129516602,15.955989837646484,234.29409790039062,32.590621948242188,
2018-12-12,20.470211029052734,16.075960159301758,235.56230163574219,32.846023559570312,
2018-12-13,20.523645401000977,16.075960159301758,235.34207153320312,32.791637420654297,
2018-12-14,20.051637649536133,15.734045028686523,231.07978820800781,32.091625213623047,
2018-12-17,19.615240097045898,15.344142913818359,226.37953186035156,31.344877243041992,
2018-12-18,19.615240097045898,15.452116012573242,226.35299682617188,31.503757476806641,
2018-12-19,19.374786376953125,15.218175888061523,222.917236328125,30.927513122558594,
2018-12-20,19.054174423217773,14.960240364074707,219.10069274902344,30.360755920410156,
2018-12-21,18.720197677612305,14.606329917907715,214.60234069824219,29.568717956542969,
2018-12-24,18.199201583862305,14.312404632568359,209.05903625488281,28.876276016235352,
2018-12-26,18.982927322387695,15.12819766998291,219.31321716308594,30.505411148071289,
2018-12-27,19.214481353759766,15.194181442260742,221.42958068847656,30.804210662841797,
2018-12-28,19.169946670532227,15.14619255065918,221.06782531738281,30.727123260498047,
2018-12-31,19.352519989013672,15.260164260864258,223.08934020996094,31.049690246582031,
2019-01-02,19.232290267944336,15.254165649414062,223.18690490722656,31.025964736938477,
2019-01-03,18.680124282836914,14.876260757446289,217.60987854003906,30.063009262084961,
2019-01-04,19.24565315246582,15.392131805419922,225.26167297363281,31.253665924072266,
2019-01-07,19.312444686889648,15.482109069824219,226.77780151367188,31.578619003295898,
2019-01-08,19.548456192016602,15.602079391479492,229.01219177246094,31.972333908081055,
2019-01-09,19.597434997558594,15.710052490234375,230.076171875,32.147846221923828,
2019-01-10,19.704301834106445,15.770038604736328,230.98054504394531,32.311508178710938,
2019-01-11,19.677583694458008,15.710052490234375,230.85638427734375,32.235610961914062,
2019-01-14,19.552902221679688,15.614077568054199,229.73922729492188,31.984199523925781,
2019-01-15,19.788909912109375,15.824024200439453,232.22186279296875,32.482280731201172,
2019-01-16,19.793357849121094,15.812026023864746,232.8336181640625,32.505992889404297,
2019-01-17,19.967025756835938,15.949990272521973,234.54486083984375,32.774017333984375,
2019-01-18,20.260923385620117,16.123947143554688,237.68360900878906,33.219924926757812,
2019-01-22,20.042724609375,15.925995826721191,234.51826477050781,32.672019958496094,
2019-01-23,20.216390609741211,15.955989837646484,234.85520935058594,32.698112487792969,
2019-01-24,20.185220718383789,15.979982376098633,235.08570861816406,32.802478790283203,
2019-01-25,20.354434967041016,16.165937423706055,237.17820739746094,33.196201324462891,
2019-01-28,20.198583602905273,15.967988014221191,235.27194213867188,32.845169067382812,
2019-01-29,20.256467819213867,15.884006500244141,234.94386291503906,32.686256408691406,
2019-01-30,20.675050735473633,16.201927185058594,238.71206665039062,33.416778564453125,
2019-01-31,20.786371231079102,16.399879455566406,240.76914978027344,33.801013946533203,
2019-02-01,20.813089370727539,16.447866439819336,240.90214538574219,33.779670715332031,
2019-02-04,20.919956207275391,16.669809341430664,242.63107299804688,34.142566680908203,
2019-02-05,20.986753463745117,16.777782440185547,243.66847229003906,34.393985748291016,
2019-02-06,21.000114440917969,16.693805694580078,243.304931640625,34.306209564208984,
2019-02-07,20.826444625854492,16.561840057373047,241.01742553710938,33.957557678222656,
2019-02-08,20.897695541381836,16.609825134277344,241.2833251953125,34.031089782714844,
2019-02-11,20.897695541381836,16.651817321777344,241.41633605957031,34.040580749511719,
2019-02-12,21.178228378295898,16.843765258789062,244.55514526367188,34.507823944091797,
2019-02-13,21.21385383605957,16.88575553894043,245.29995727539062,34.6121826171875,
2019-02-14,21.160417556762695,16.939743041992188,244.74131774902344,34.567127227783203,
2019-02-15,21.409780502319336,17.053712844848633,247.51649475097656,34.828022003173828,
2019-02-19,21.436498641967773,17.017724990844727,247.86227416992188,34.837509155273438,
2019-02-20,21.445404052734375,17.011726379394531,248.34115600585938,34.863601684570312,
2019-02-21,21.409780502319336,16.963737487792969,247.56085205078125,34.726036071777344,
2019-02-22,21.614616394042969,17.125692367553711,248.98831176757812,35.048603057861328,
2019-02-25,21.632431030273438,17.137689590454102,249.37847900390625,35.105518341064453,
2019-02-26,21.601255416870117,17.191679000854492,249.19230651855469,35.098403930664062,
2019-02-27,21.561178207397461,17.161687850952148,249.06808471679688,35.08892822265625,
2019-02-28,21.503292083740234,17.139480590820312,248.54498291015625,35.015396118164062,
2019-03-01,21.672506332397461,17.307518005371094,250.30943298339844,35.283412933349609,
2019-03-04,21.561178207397461,17.235502243041992,249.28977966308594,35.110256195068359,
2019-03-05,21.565635681152344,17.271509170532227,248.97062683105469,35.08892822265625,
2019-03-06,21.481025695800781,17.187492370605469,247.38352966308594,34.882579803466797,
2019-03-07,21.351898193359375,17.043464660644531,245.38856506347656,34.533924102783203,
2019-03-08,21.334075927734375,16.995452880859375,244.89213562011719,34.484107971191406,
2019-03-11,21.632431030273438,17.271509170532227,248.44746398925781,35.077064514160156,
2019-03-12,21.685861587524414,17.367530822753906,249.32537841796875,35.193294525146484,
2019-03-13,21.84172248840332,17.451545715332031,251.05419921875,35.430477142333984,
2019-03-14,21.843055725097656,17.397531509399414,250.93016052246094,35.4114990234375,
2019-03-15,21.92793083190918,17.427541732788086,252.05621337890625,35.575145721435547,
2019-03-18,21.950267791748047,17.46354866027832,253.05807495117188,35.712715148925781,
2019-03-19,22.026205062866211,17.541563034057617,253.17330932617188,35.78387451171875,
2019-03-20,21.923467636108398,17.577571868896484,252.26536560058594,35.793159484863281,
2019-03-21,22.169145584106445,17.823619842529297,255.09603881835938,36.318820953369141,
2019-03-22,21.753721237182617,17.451545715332031,250.28024291992188,35.531509399414062,
2019-03-25,21.744789123535156,17.517560958862305,250.05763244628906,35.531509399414062,
2019-03-26,21.901126861572266,17.661586761474609,251.88261413574219,35.702770233154297,
2019-03-27,21.834121704101562,17.571567535400391,250.65414428710938,35.507717132568359,
2019-03-28,21.99493408203125,17.691593170166016,251.6422119140625,35.686111450195312,
2019-03-29,22.151275634765625,17.826086044311523,253.30685424804688,36.002464294433594,
2019-04-01,22.352285385131836,17.982192993164062,256.2354736328125,36.399696350097656,
2019-04-02,22.329952239990234,18.036228179931641,256.29782104492188,36.497226715087891,
2019-04-03,22.428220748901367,18.054239273071289,256.76068115234375,36.628044128417969,
2019-04-04,22.459489822387695,18.054239273071289,257.37493896484375,36.644702911376953,
2019-04-05,22.526494979858398,18.126287460327148,258.54995727539062,36.837356567382812,
2019-04-08,22.557758331298828,18.120283126831055,258.83480834960938,36.894439697265625,
2019-04-09,22.450550079345703,18.078254699707031,257.4996337890625,36.716045379638672,
2019-04-10,22.495227813720703,18.186328887939453,258.34515380859375,36.875404357910156,
2019-04-11,22.446090698242188,18.186328887939453,258.3275146484375,36.844486236572266,
2019-04-12,22.486289978027344,18.294401168823242,260.07205200195312,37.053817749023438,
2019-04-15,22.535429000854492,18.324422836303711,259.85848999023438,37.063323974609375,
2019-04-16,22.463962554931641,18.2703857421875,260.05429077148438,37.051425933837891,
2019-04-17,22.414817810058594,18.210344314575195,259.36883544921875,36.951534271240234,
2019-04-18,22.468423843383789,18.23436164855957,259.92974853515625,37.037166595458984,
2019-04-22,22.468423843383789,18.282392501831055,260.19662475585938,37.134674072265625,
2019-04-23,22.669437408447266,18.480527877807617,262.457763671875,37.562820434570312,
2019-04-24,22.656032562255859,18.462516784667969,261.90591430664062,37.477188110351562,
2019-04-25,22.504159927368164,18.60661506652832,261.74566650390625,37.484336853027344,
2019-04-26,22.638162612915039,18.720691680908203,263.01861572265625,37.717441558837891,
2019-04-29,22.584564208984375,18.756715774536133,263.30349731445312,37.743602752685547,
2019-04-30,22.629232406616211,18.741096496582031,263.43695068359375,37.600879669189453,
2019-05-01,22.432685852050781,18.482807159423828,261.53201293945312,37.3487548828125,
2019-05-02,22.338878631591797,18.422740936279297,261.05126953125,37.296421051025391,
2019-05-03,22.410350799560547,18.584922790527344,263.499267578125,37.707916259765625,
2019-05-06,22.361221313476562,18.536869049072266,262.51113891601562,37.562820434570312,
2019-05-07,21.950267791748047,18.230522155761719,258.06927490234375,36.873031616210938,
2019-05-08,21.972602844238281,18.230522155761719,257.7220458984375,36.844486236572266,
2019-05-09,21.910058975219727,18.212503433227539,257.00985717773438,36.746959686279297,
2019-05-10,21.981534957885742,18.290590286254883,258.14938354492188,36.827835083007812,
2019-05-13,21.539316177368164,17.840084075927734,251.74015808105469,35.740825653076172,
2019-05-14,21.650976181030273,17.972230911254883,253.98341369628906,36.1190185546875,
2019-05-15,21.829656600952148,18.218509674072266,255.50563049316406,36.473419189453125,
2019-05-16,21.981534957885742,18.446767807006836,257.7576904296875,36.851627349853516,
2019-05-17,21.932399749755859,18.332639694213867,256.27996826171875,36.563812255859375,
2019-05-20,21.825193405151367,18.164447784423828,254.57083129882812,36.178478240966797,
2019-05-21,22.021736145019531,18.302604675292969,256.7962646484375,36.535274505615234,
2019-05-22,22.030670166015625,18.374685287475586,256.05743408203125,36.437755584716797,
2019-05-23,21.793924331665039,18.110387802124023,252.86180114746094,35.942996978759766,
2019-05-24,21.825193405151367,18.128408432006836,253.48484802246094,36.000091552734375,
2019-05-28,21.615245819091797,18.11639404296875,251.09922790527344,35.781257629394531,
2019-05-29,21.485700607299805,17.948205947875977,249.46138000488281,35.54339599609375,
2019-05-30,21.583980560302734,18.068342208862305,250.02210998535156,35.712272644042969,
2019-05-31,21.356168746948242,17.852096557617188,246.84416198730469,35.250827789306641,
2019-06-03,21.217697143554688,17.515718460083008,246.02528381347656,34.767971038818359,
2019-06-04,21.642049789428711,17.912164688110352,251.41966247558594,35.619518280029297,
2019-06-05,21.887723922729492,18.104381561279297,253.57383728027344,35.988197326660156,
2019-06-06,22.003868103027344,18.212503433227539,255.26528930664062,36.221302032470703,
2019-06-07,22.307615280151367,18.518848419189453,257.85562133789062,36.765998840332031,
2019-06-10,22.396947860717773,18.632976531982422,259.03955078125,37.010993957519531,
2019-06-11,22.289754867553711,18.584922790527344,258.99502563476562,36.975318908691406,
2019-06-12,22.30314826965332,18.596935272216797,258.407470703125,36.899192810058594,
2019-06-13,22.365682601928711,18.632976531982422,259.59140014648438,37.065700531005859,
2019-06-14,22.277849197387695,18.644990921020508,259.26211547851562,36.984832763671875,
2019-06-17,22.228546142578125,18.669015884399414,259.50213623046875,37.096225738525391,
2019-06-18,22.407815933227539,18.765125274658203,261.92938232421875,37.506500244140625,
2019-06-19,22.466068267822266,18.873247146606445,262.63681030273438,37.640064239501953,
2019-06-20,22.824596405029297,19.125532150268555,265.12673950195312,38.019332885742188,
2019-06-21,22.779779434204102,19.071470260620117,264.72372436523438,37.969242095947266,
2019-06-24,22.829074859619141,19.071470260620117,264.45498657226562,37.811813354492188,
2019-06-25,22.609479904174805,18.777139663696289,261.89349365234375,37.275112152099609,
2019-06-26,22.542264938354492,18.687036514282227,261.59786987304688,37.31805419921875,
2019-06-27,22.622930526733398,18.741096496582031,262.6727294921875,37.492168426513672,
2019-06-28,22.717041015625,18.873247146606445,263.98922729492188,37.530345916748047,
2019-07-01,22.905265808105469,19.023416519165039,266.291015625,37.997867584228516,
2019-07-02,22.976968765258789,19.155563354492188,267.10617065429688,38.167213439941406,
2019-07-03,23.174152374267578,19.353790283203125,269.12124633789062,38.503547668457031,
2019-07-05,23.115901947021484,19.329761505126953,268.78094482421875,38.431983947753906,
2019-07-08,23.017305374145508,19.269695281982422,267.3927001953125,38.210159301757812,
2019-07-09,22.972482681274414,19.341775894165039,267.82257080078125,38.377128601074219,
2019-07-10,23.093490600585938,19.515970230102539,269.04962158203125,38.620433807373047,
2019-07-11,23.259309768676758,19.552011489868164,269.5242919921875,38.694366455078125,
2019-07-12,23.322052001953125,19.636106491088867,270.92156982421875,38.875652313232422,
2019-07-15,23.322052001953125,19.660133361816406,270.89462280273438,38.947212219238281,
2019-07-16,23.245866775512695,19.576038360595703,269.98104858398438,38.787399291992188,
2019-07-17,23.084527969360352,19.527984619140625,268.22567749023438,38.610877990722656,
2019-07-18,23.129341125488281,19.600067138671875,269.27346801757812,38.682449340820312,
2019-07-19,22.963525772094727,19.431877136230469,267.70608520507812,38.403366088867188,
2019-07-22,23.044191360473633,19.521976470947266,268.31512451171875,38.620433807373047,
2019-07-23,23.187604904174805,19.570030212402344,270.2318115234375,38.827953338623047,
2019-07-24,23.245866775512695,19.666139602661133,271.53045654296875,39.047405242919922,
2019-07-25,23.259309768676758,19.335765838623047,270.222900390625,38.777854919433594,
2019-07-26,23.429609298706055,19.702178955078125,272.06796264648438,39.161888122558594,
2019-07-29,23.443058013916016,19.582042694091797,271.57528686523438,39.040248870849609,
2019-07-30,23.371345520019531,19.347780227661133,270.91250610351562,38.916206359863281,
2019-07-31,23.030754089355469,19.113519668579102,268.00173950195312,38.479690551757812,
2019-08-01,22.909748077392578,19.08348274230957,265.57449340820312,38.274543762207031,
2019-08-02,22.726001739501953,18.897274017333984,263.69375610351562,37.871448516845703,
2019-08-05,22.026878356933594,18.27857780456543,255.767333984375,36.628692626953125,
2019-08-06,22.331626892089844,18.620962142944336,259.17965698242188,37.201171875,
2019-08-07,22.376440048217773,18.717071533203125,259.43048095703125,37.368144989013672,
2019-08-08,22.811153411865234,19.161571502685547,264.46395874023438,38.200614929199219,
2019-08-09,22.676706314086914,18.987377166748047,262.74432373046875,37.921535491943359,
2019-08-12,22.425737380981445,18.987377166748047,259.56484985351562,37.470703125,
2019-08-13,22.752891540527344,19.017410278320312,263.56829833984375,38.145744323730469,
2019-08-14,22.161327362060547,18.52485466003418,255.79417419433594,37.019886016845703,
2019-08-15,22.219585418701172,18.638984680175781,256.45697021484375,37.112918853759766,
2019-08-16,22.519847869873047,18.867240905761719,260.25442504882812,37.649604797363281,
2019-08-19,22.739446640014648,19.071470260620117,263.38021850585938,38.107578277587891,
2019-08-20,22.55122184753418,18.933313369750977,261.338134765625,37.902446746826172,
2019-08-21,22.739446640014648,19.113519668579102,263.47872924804688,38.288871765136719,
2019-08-22,22.703594207763672,19.053447723388672,263.38021850585938,38.198230743408203,
2019-08-23,22.134435653686523,18.596935272216797,256.5733642578125,37.189250946044922,
2019-08-26,22.376440048217773,18.843215942382812,259.43048095703125,37.642452239990234,
2019-08-27,22.358516693115234,18.855226516723633,258.43621826171875,37.542274475097656,
2019-08-28,22.506402969360352,18.90928840637207,260.18283081054688,37.718780517578125,
2019-08-29,22.766336441040039,19.215633392333984,263.56829833984375,38.229248046875,
2019-08-30,22.779779434204102,19.191606521606445,263.55935668945312,38.148128509521484,
2019-09-03,22.596031188964844,19.023416519165039,261.89349365234375,37.835651397705078,
2019-09-04,22.838043212890625,19.257680892944336,264.893798828125,38.2340087890625,
2019-09-05,23.1383056640625,19.527984619140625,268.36001586914062,38.811260223388672,
2019-09-06,23.178644180297852,19.497949600219727,268.5391845703125,38.768321990966797,
2019-09-09,23.120376586914062,19.269695281982422,268.66455078125,38.467769622802734,
2019-09-10,23.1383056640625,18.999387741088867,268.64657592773438,38.274543762207031,
2019-09-11,23.295160293579102,19.023416519165039,270.59017944335938,38.544101715087891,
2019-09-12,23.339977264404297,19.131536483764648,271.449951171875,38.703914642333984,
2019-09-13,23.308601379394531,19.077478408813477,271.26187133789062,38.594181060791016,
2019-09-16,23.160711288452148,18.969356536865234,270.4647216796875,38.467769622802734,
2019-09-17,23.187604904174805,19.125532150268555,271.11859130859375,38.67767333984375,
2019-09-18,23.180856704711914,19.077478408813477,271.31564331054688,38.694366455078125,
2019-09-19,23.216827392578125,19.203617095947266,271.27975463867188,38.773094177246094,
2019-09-20,23.086444854736328,19.131536483764648,269.78402709960938,38.474925994873047,
2019-09-23,23.077455520629883,19.137544631958008,269.92727661132812,38.462985992431641,
2019-09-24,22.915605545043945,18.969356536865234,267.77896118164062,38.070766448974609,
2019-09-25,23.050477981567383,18.969356536865234,269.29107666015625,38.343414306640625,
2019-09-26,22.996528625488281,19.143550872802734,268.75094604492188,38.283626556396484,
2019-09-27,22.929088592529297,18.921300888061523,267.31976318359375,37.900955200195312,
2019-09-30,23.117916107177734,18.999387741088867,268.68792724609375,38.178386688232422,
2019-10-01,22.884132385253906,18.867240905761719,265.438720703125,37.802886962890625,
2019-10-02,22.524457931518555,18.530862808227539,260.68634033203125,37.140399932861328,
2019-10-03,22.699796676635742,18.753110885620117,262.85552978515625,37.570892333984375,
2019-10-04,23.032491683959961,19.023416519165039,266.43780517578125,38.125778198242188,
2019-10-07,22.879634857177734,18.945327758789062,265.24072265625,37.979877471923828,
2019-10-08,22.542451858520508,18.711065292358398,261.1363525390625,37.379566192626953,
2019-10-09,22.731266021728516,18.945327758789062,263.61163330078125,37.80767822265625,
2019-10-10,22.866146087646484,19.047443389892578,265.4747314453125,38.0277099609375,
2019-10-11,23.140403747558594,19.23365592956543,268.12091064453125,38.403205871582031,
2019-10-14,23.113418579101562,19.221641540527344,267.94091796875,38.410381317138672,
2019-10-15,23.333723068237305,19.425870895385742,270.57806396484375,38.826534271240234,
2019-10-16,23.311237335205078,19.383821487426758,270.08306884765625,38.702159881591797,
2019-10-17,23.419143676757812,19.371810913085938,270.83908081054688,38.831321716308594,
2019-10-18,23.270772933959961,19.209625244140625,269.65997314453125,38.525180816650391,
2019-10-21,23.342714309692383,19.251670837402344,271.59515380859375,38.752388000488281,
2019-10-22,23.248291015625,18.91529655456543,270.650146484375,38.398418426513672,
2019-10-23,23.26628303527832,18.951333999633789,271.4332275390625,38.482128143310547,
2019-10-24,23.225820541381836,19.329761505126953,271.919189453125,38.783477783203125,
2019-10-25,23.216827392578125,19.389829635620117,272.99917602539062,38.929378509521484,
2019-10-28,23.369686126708984,19.558017730712891,274.52935791015625,39.268997192382812,
2019-10-29,23.392162322998047,19.473922729492188,274.4393310546875,39.130268096923828,
2019-10-30,23.522550582885742,19.606069564819336,275.30337524414062,39.343132019042969,
2019-10-31,23.446113586425781,19.600067138671875,274.49334716796875,39.257034301757812,
2019-11-01,23.625951766967773,19.702178955078125,277.17562866210938,39.579902648925781,
2019-11-04,23.69788932800293,19.684162139892578,278.21966552734375,39.644485473632812,
2019-11-05,23.589984893798828,19.624092102050781,277.88668823242188,39.527286529541016,
2019-11-06,23.621458053588867,19.636106491088867,278.01263427734375,39.541641235351562,
2019-11-07,23.684398651123047,19.684162139892578,279.00274658203125,39.668403625488281,
2019-11-08,23.738353729248047,19.73822021484375,279.62380981445312,39.826263427734375,
2019-11-11,23.612466812133789,19.732213973999023,279.16470336914062,39.819087982177734,
2019-11-12,23.630451202392578,19.816310882568359,279.64166259765625,39.948246002197266,
2019-11-13,23.69788932800293,19.876377105712891,279.79470825195312,39.996067047119141,
2019-11-14,23.769821166992188,19.930437088012695,280.1907958984375,40.103683471679688,
2019-11-15,24.026082992553711,20.104633331298828,282.26986694335938,40.443305969238281,
2019-11-18,24.008102416992188,20.134668350219727,282.39596557617188,40.512672424316406,
2019-11-19,24.0440673828125,20.230775833129883,282.33294677734375,40.596385955810547,
2019-11-20,23.918190002441406,20.158695220947266,281.28875732421875,40.460048675537109,
2019-11-21,23.900197982788086,20.104633331298828,280.88381958007812,40.326118469238281,
2019-11-22,23.972139358520508,20.116645812988281,281.48687744140625,40.361991882324219,
2019-11-25,24.142976760864258,20.296850204467773,283.611083984375,40.77813720703125,
2019-11-26,24.241886138916016,20.392959594726562,284.17816162109375,40.926433563232422,
2019-11-27,24.363277435302734,20.483058929443359,285.5462646484375,41.160816192626953,
2019-11-29,24.277864456176758,20.428997039794922,284.47512817382812,41.000576019287109,
2019-12-02,24.102521896362305,20.200742721557617,282.08993530273438,40.541370391845703,
2019-12-03,23.922679901123047,20.170709609985352,280.145751953125,40.304584503173828,
2019-12-04,24.089033126831055,20.230775833129883,281.88284301757812,40.522224426269531,
2019-12-05,24.156467437744141,20.285438537597656,282.47698974609375,40.574848175048828,
2019-12-06,24.390260696411133,20.447628021240234,284.9971923828125,40.909698486328125,
2019-12-09,24.313823699951172,20.375541687011719,284.151123046875,40.761409759521484,
2019-12-10,24.273361206054688,20.357521057128906,283.85418701171875,40.718357086181641,
2019-12-11,24.363277435302734,20.42359733581543,284.57418823242188,40.866634368896484,
2019-12-12,24.552112579345703,20.459640502929688,287.09429931640625,41.091453552246094,
2019-12-13,24.606056213378906,20.591789245605469,287.193359375,41.227775573730469,
2019-12-16,24.73643684387207,20.741964340209961,289.25778198242188,41.568290710449219,
2019-12-17,24.686985015869141,20.68189811706543,289.28494262695312,41.537109375,
2019-12-18,24.701980590820312,20.711931228637695,289.3031005859375,41.580276489257812,
2019-12-19,24.842222213745117,20.886133193969727,290.54409790039062,41.834453582763672,
2019-12-20,24.977624893188477,20.976236343383789,292.02972412109375,42.014308929443359,
2019-12-23,25.050167083740234,20.958215713500977,292.23800659179688,42.105422973632812,
2019-12-24,25.006637573242188,20.976236343383789,292.27426147460938,42.100635528564453,
2019-12-26,25.079181671142578,21.07835578918457,293.78701782226562,42.405170440673828,
2019-12-27,25.122711181640625,21.09637451171875,293.7327880859375,42.400382995605469,
2019-12-30,24.958282470703125,20.916168212890625,292.14739990234375,42.11260986328125,
2019-12-31,25.030818939208984,20.958215713500977,292.8087158203125,42.184558868408203,
2020-01-02,25.185573577880859,21.234533309936523,295.59866333007812,42.767265319824219,
2020-01-03,25.030818939208984,21.108388900756836,293.32504272460938,42.457920074462891,
2020-01-06,25.117864608764648,21.22852897644043,294.4844970703125,42.728889465332031,
2020-01-07,25.011478424072266,21.132417678833008,293.67840576171875,42.640171051025391,
2020-01-08,25.1759033203125,21.312625885009766,295.17303466796875,42.992652893066406,
2020-01-09,25.291961669921875,21.528875350952148,297.16583251953125,43.34515380859375,
2020-01-10,25.248439788818359,21.51685905456543,296.34164428710938,43.268424987792969,
2020-01-13,25.383846282958984,21.733112335205078,298.41598510742188,43.661693572998047,
2020-01-14,25.374172210693359,21.649015426635742,297.95404052734375,43.508220672607422,
2020-01-15,25.466056823730469,21.739118576049805,298.62435913085938,43.680873870849609,
2020-01-16,25.669168472290039,21.955366134643555,301.10638427734375,44.088523864746094,
2020-01-17,25.804571151733398,22.111549377441406,302.10275268554688,44.258781433105469,
2020-01-21,25.790063858032227,22.093528747558594,301.45059204101562,44.234809875488281,
2020-01-22,25.794891357421875,22.09953498840332,301.5140380859375,44.265979766845703,
2020-01-23,25.741704940795898,22.057487487792969,301.88540649414062,44.342697143554688,
2020-01-24,25.538591384887695,21.871267318725586,299.14059448242188,43.942253112792969,
2020-01-27,25.214590072631836,21.564916610717773,294.28524780273438,43.186897277832031,
2020-01-28,25.316143035888672,21.835231781005859,297.41952514648438,43.728824615478516,
2020-01-29,25.272619247436523,21.8292236328125,297.21115112304688,43.824745178222656,
2020-01-30,25.296804428100586,21.955366134643555,298.10797119140625,43.908683776855469,
2020-01-31,24.774511337280273,21.492832183837891,292.8087158203125,43.138942718505859,
2020-02-03,25.001806259155273,21.8292236328125,294.9102783203125,43.654495239257812,
2020-02-04,25.34998893737793,22.129570007324219,299.48492431640625,44.520156860351562,
2020-02-05,25.654657363891602,22.141584396362305,302.81842041015625,44.702392578125,
2020-02-06,25.582120895385742,22.273736953735352,303.97796630859375,44.968563079833984,
2020-02-07,25.369338989257812,22.165613174438477,302.329345703125,44.7767333984375,
2020-02-10,25.524084091186523,22.405887603759766,304.5667724609375,45.258708953857422,
2020-02-11,25.562774658203125,22.339811325073242,305.12832641601562,45.285102844238281,
2020-02-12,25.727199554443359,22.526025772094727,307.08505249023438,45.673553466796875,
2020-02-13,25.649818420410156,22.574085235595703,306.70452880859375,45.637592315673828,
2020-02-14,25.727199554443359,22.742279052734375,307.1484375,45.803043365478516,
2020-02-18,25.620805740356445,22.79033088684082,306.4146728515625,45.793464660644531,
2020-02-19,25.712686538696289,22.94050407409668,307.88214111328125,46.109981536865234,
2020-02-20,25.591791152954102,22.778316497802734,306.62301635742188,45.824638366699219,
2020-02-21,25.412860870361328,22.399883270263672,303.47064208984375,45.105251312255859,
2020-02-24,24.561733245849609,21.630992889404297,293.34317016601562,43.472251892089844,
2020-02-25,23.850854873657227,20.994258880615234,284.54733276367188,42.172561645507812,
2020-02-26,23.875036239624023,21.01228141784668,283.45120239257812,42.1773681640625,
2020-02-27,22.994892120361328,20.183319091796875,270.5880126953125,40.249416351318359,
2020-02-28,22.772436141967773,20.261409759521484,268.05166625976562,40.2781982421875,
2020-03-02,23.700937271118164,21.168460845947266,281.17755126953125,42.122215270996094,
2020-03-03,23.004562377929688,20.453632354736328,273.11553955078125,40.848903656005859,
2020-03-04,24.058799743652344,21.22852897644043,285.1180419921875,42.618583679199219,
2020-03-05,23.376932144165039,20.555749893188477,275.16268920898438,41.208587646484375,
2020-03-06,23.106117248535156,20.171308517456055,270.5789794921875,40.575553894042969,
2020-03-09,21.761726379394531,18.915857315063477,248.92910766601562,37.698009490966797,
2020-03-10,22.709571838378906,19.925022125244141,262.2904052734375,39.767436981201172,
2020-03-11,21.742380142211914,18.975927352905273,249.53602600097656,37.909030914306641,
2020-03-12,19.996606826782227,17.390094757080078,225.52180480957031,34.448806762695312,
2020-03-13,21.674646377563477,19.035995483398438,245.98506164550781,37.530158996582031,
2020-03-16,19.489702224731445,16.693288803100586,217.5140380859375,33.105960845947266,
2020-03-17,20.795812606811523,17.606342315673828,231.346435546875,35.031497955322266,
2020-03-18,19.955820083618164,16.837455749511719,218.46516418457031,33.398502349853516,
2020-03-19,19.771318435668945,17.059711456298828,219.27137756347656,33.551975250244141,
2020-03-20,18.771093368530273,16.326864242553711,209.39756774902344,32.127597808837891,
2020-03-23,17.882551193237305,15.990476608276367,203.50045776367188,31.5640869140625,
2020-03-24,19.518833160400391,17.360057830810547,222.73173522949219,34.446407318115234,
2020-03-25,19.766464233398438,17.354049682617188,225.57661437988281,34.709766387939453,
2020-03-26,21.043436050415039,18.423288345336914,239.158447265625,36.778099060058594,
2020-03-27,20.334548950195312,17.666412353515625,231.74766540527344,35.529876708984375,
2020-03-30,21.072574615478516,18.38123893737793,239.14930725097656,36.751655578613281,
2020-03-31,20.727834701538086,18.195022583007812,235.53968811035156,36.232158660888672,
2020-04-01,19.926689147949219,17.408113479614258,224.96589660644531,34.671279907226562,
2020-04-02,20.349115371704102,17.654397964477539,230.24365234375,35.320644378662109,
2020-04-03,20.120903015136719,17.372072219848633,226.98948669433594,34.774700164794922,
2020-04-06,21.485282897949219,18.741653442382812,242.28497314453125,37.30963134765625,
2020-04-07,21.368751525878906,18.561445236206055,242.38531494140625,37.232666015625,
2020-04-08,22.067937850952148,19.084049224853516,250.67105102539062,38.387088775634766,
2020-04-09,22.291282653808594,19.276273727416992,254.42662048339844,38.716583251953125,
2020-04-13,22.009672164916992,19.114086151123047,251.98361206054688,38.610748291015625,
2020-04-14,22.737981796264648,19.792871475219727,259.63140869140625,40.106712341308594,
2020-04-15,22.349544525146484,19.420440673828125,253.92526245117188,39.575187683105469,
2020-04-16,22.5777587890625,19.588634490966797,255.27423095703125,40.046581268310547,
2020-04-17,23.053585052490234,20.087209701538086,262.13812255859375,40.763290405273438,
2020-04-20,22.723417282104492,19.919013977050781,257.4710693359375,40.238983154296875,
2020-04-21,22.097072601318359,19.19818115234375,249.63189697265625,38.824806213378906,
2020-04-22,22.60688591003418,19.822902679443359,255.28337097167969,39.887836456298828,
2020-04-23,22.616596221923828,19.744813919067383,255.21049499511719,39.844551086425781,
2020-04-24,22.951622009277344,20.027139663696289,258.78372192382812,40.489116668701172,
2020-04-27,23.286645889282227,20.195335388183594,262.69424438476562,40.936454772949219,
2020-04-28,23.111858367919922,19.780857086181641,261.28134155273438,40.424167633056641,
2020-04-29,23.548847198486328,20.615821838378906,268.10858154296875,41.614681243896484,
2020-04-30,23.281793594360352,20.765993118286133,265.40139770507812,41.554538726806641,
2020-05-01,22.767114639282227,20.279430389404297,258.44644165039062,40.465057373046875,
2020-05-04,22.849660873413086,20.537729263305664,259.44924926757812,40.808982849121094,
2020-05-05,23.160408020019531,20.89814567565918,261.73715209960938,41.359748840332031,
2020-05-06,23.092422485351562,20.856100082397461,260.01425170898438,41.403026580810547,
2020-05-07,23.218669891357422,21.318634033203125,263.09518432617188,41.944160461425781,
2020-05-08,23.432308197021484,21.432764053344727,267.49795532226562,42.504550933837891,
2020-05-11,23.519710540771484,21.606964111328125,267.48883056640625,42.829231262207031,
2020-05-12,23.126422882080078,21.162450790405273,262.03793334960938,41.975433349609375,
2020-05-13,22.670011520385742,20.82005500793457,257.5440673828125,41.347709655761719,
2020-05-14,22.844804763793945,20.940195083618164,260.62503051757812,41.785438537597656,
2020-05-15,22.966190338134766,21.150436401367188,261.75527954101562,42.122142791748047,
2020-05-18,23.597394943237305,21.546895980834961,269.84970092773438,43.081760406494141,
2020-05-19,23.359474182128906,21.51685905456543,267.069580078125,42.826820373535156,
2020-05-20,23.466302871704102,21.991409301757812,271.627197265625,43.560359954833984,
2020-05-21,23.296360015869141,21.817209243774414,269.64004516601562,43.2813720703125,
2020-05-22,23.296360015869141,21.973388671875,270.18704223632812,43.456951141357422,
2020-05-26,23.548847198486328,21.907312393188477,273.61444091796875,43.538707733154297,
2020-05-27,23.893575668334961,21.979396820068359,277.6068115234375,43.899471282958984,
2020-05-28,23.956697463989258,22.117555618286133,277.05996704101562,43.974033355712891,
2020-05-29,24.014961242675781,22.369846343994141,278.18109130859375,44.329975128173828,
2020-06-01,24.000394821166992,22.435920715332031,279.54840087890625,44.611366271972656,
2020-06-02,24.204320907592773,22.628147125244141,281.87283325195312,44.892780303955078,
2020-06-03,24.466516494750977,22.676202774047852,285.66473388671875,45.282382965087891,
2020-06-04,24.233455657958984,22.291757583618164,284.7076416015625,44.801376342773438,
2020-06-05,24.791833877563477,22.832378387451172,292.12753295898438,45.79705810546875,
2020-06-08,24.986049652099609,22.982553482055664,295.70068359375,46.189102172851562,
2020-06-09,24.752992630004883,22.9224853515625,293.52218627929688,46.234783172607422,
2020-06-10,24.806398391723633,23.150749206542969,291.790283203125,46.494537353515625,
2020-06-11,23.471157073974609,21.877277374267578,274.90875244140625,43.969219207763672,
2020-06-12,23.732301712036133,22.279743194580078,278.34518432617188,44.41656494140625,
2020-06-15,23.917438507080078,22.435920715332031,280.8997802734375,44.891765594482422,
2020-06-16,24.331573486328125,22.832378387451172,286.30010986328125,45.819538116455078,
2020-06-17,24.282859802246094,22.886442184448242,285.00958251953125,45.846038818359375,
2020-06-18,24.25849723815918,22.976545333862305,285.229248046875,45.930385589599609,
2020-06-19,24.102582931518555,22.946512222290039,283.4901123046875,45.829177856445312,
2020-06-22,24.239009857177734,23.240850448608398,285.52212524414062,46.335220336914062,
2020-06-23,24.438762664794922,23.39703369140625,286.6845703125,46.655735015869141,
2020-06-24,23.858980178833008,22.766305923461914,279.44442749023438,45.532772064208984,
2020-06-25,24.126943588256836,23.12672233581543,282.37350463867188,46.055690765380859,
2020-06-26,23.634857177734375,22.508007049560547,275.63677978515625,44.980953216552734,
2020-06-29,24.000270843505859,22.640157699584961,279.77401733398438,45.433963775634766,
2020-06-30,24.321828842163086,23.114707946777344,283.462646484375,46.255702972412109,
2020-07-01,24.443639755249023,23.366998672485352,285.403076171875,46.903942108154297,
2020-07-02,24.619033813476562,23.463109970092773,286.9041748046875,47.125633239746094,
2020-07-06,24.925979614257812,23.793491363525391,291.306884765625,48.123279571533203,
2020-07-07,24.682378768920898,23.613283157348633,288.30471801757812,47.771465301513672,
2020-07-08,24.843151092529297,23.907623291015625,290.45562744140625,48.429328918457031,
2020-07-09,24.701869964599609,23.943666458129883,288.98208618164062,48.6341552734375,
2020-07-10,24.848030090332031,23.913629531860352,291.89263916015625,48.776340484619141,
2020-07-13,24.765199661254883,23.34296989440918,289.30233764648438,47.790744781494141,
2020-07-14,25.042913436889648,23.631303787231445,293.05514526367188,48.330524444580078,
2020-07-15,25.281652450561523,23.841547012329102,295.79193115234375,48.545001983642578,
2020-07-16,25.193950653076172,23.613283157348633,294.76669311523438,48.195579528808594,
2020-07-17,25.262161254882812,23.841547012329102,295.6363525390625,48.357025146484375,
2020-07-20,25.369348526000977,24.406200408935547,298.08013916015625,49.56915283203125,
2020-07-21,25.447305679321289,24.129880905151367,298.62017822265625,49.111293792724609,
2020-07-22,25.651941299438477,24.322103500366211,300.37759399414062,49.412525177001953,
2020-07-23,25.427812576293945,23.817516326904297,296.74386596679688,48.308841705322266,
2020-07-24,25.306011199951172,23.643318176269531,294.84921264648438,48.031723022460938,
2020-07-27,25.500898361206055,23.979707717895508,297.01840209960938,48.749828338623047,
2020-07-28,25.310886383056641,23.721410751342773,295.1878662109375,48.275096893310547,
2020-07-29,25.598342895507812,24.039777755737305,298.7392578125,48.918525695800781,
2020-07-30,25.681159973144531,23.979707717895508,297.71408081054688,49.075157165527344,
2020-07-31,25.749374389648438,24.135889053344727,300.05734252929688,49.853504180908203,
2020-08-03,25.95887565612793,24.388177871704102,302.15338134765625,50.496917724609375,
2020-08-04,25.983236312866211,24.322103500366211,303.24246215820312,50.651142120361328,
2020-08-05,26.114788055419922,24.556373596191406,305.21051025390625,50.945137023925781,
2020-08-06,26.075813293457031,24.910783767700195,307.27902221679688,51.417449951171875,
2020-08-07,26.192737579345703,24.712554931640625,307.49880981445312,50.916217803955078,
2020-08-10,26.246335983276367,24.490299224853516,308.4232177734375,50.655963897705078,
2020-08-11,26.080684661865234,24.183942794799805,305.84207153320312,49.904109954833984,
2020-08-12,26.402240753173828,24.526342391967773,310.10736083984375,50.945137023925781,
2020-08-13,26.475332260131836,24.65849494934082,309.57662963867188,51.205387115478516,
2020-08-14,26.431476593017578,24.54435920715332,309.549072265625,51.108997344970703,
2020-08-17,26.49969482421875,24.742586135864258,310.5467529296875,51.631927490234375,
2020-08-18,26.606880187988281,24.916790008544922,311.205810546875,52.056045532226562,
2020-08-19,26.485076904296875,24.886754989624023,309.94265747070312,51.810245513916016,
2020-08-20,26.58251953125,25.241161346435547,310.89453125,52.391002655029297,
2020-08-21,26.684837341308594,25.157068252563477,311.98382568359375,52.660903930664062,
2020-08-24,26.908952713012695,25.277206420898438,315.18731689453125,52.909107208251953,
2020-08-25,26.957677841186523,25.649635314941406,316.23080444335938,53.311550140380859,
2020-08-26,27.103839874267578,26.538665771484375,319.44354248046875,54.417636871337891,
2020-08-27,27.186664581298828,26.556684494018555,320.13922119140625,54.354961395263672,
2020-08-28,27.36693000793457,26.730886459350586,322.189453125,54.641738891601562,
2020-08-31,27.254873275756836,26.562690734863281,321.06362915039062,54.923675537109375,
2020-09-01,27.362064361572266,26.820989608764648,324.07501220703125,55.783966064453125,
2020-09-02,27.907739639282227,27.355607986450195,328.81631469726562,56.347858428955078,
2020-09-03,26.962551116943359,26.19025993347168,317.44815063476562,53.591079711914062,
2020-09-04,26.757915496826172,25.607589721679688,314.84869384765625,52.762111663818359,
2020-09-08,26.187871932983398,24.802658081054688,306.29049682617188,50.802955627441406,
2020-09-09,26.670219421386719,25.481441497802734,312.28582763671875,52.231960296630859,
2020-09-10,26.217107772827148,25.072973251342773,306.83065795898438,51.210205078125,
2020-09-11,26.32916259765625,24.928804397583008,306.97705078125,50.978874206542969,
2020-09-14,26.660469055175781,25.283214569091797,311.05929565429688,51.824718475341797,
2020-09-15,26.738426208496094,25.631616592407227,312.64276123046875,52.400638580322266,
2020-09-16,26.655595779418945,25.241161346435547,311.39797973632812,51.740375518798828,
2020-09-17,26.423471450805664,24.964847564697266,308.72531127929688,51.060817718505859,
2020-09-18,26.149803161621094,24.754602432250977,305.10980224609375,50.525833129882812,
2020-09-21,25.851701736450195,24.652484893798828,301.71401977539062,50.561985015869141,
2020-09-22,26.061838150024414,25.042932510375977,304.77105712890625,51.3692626953125,
2020-09-23,25.744190216064453,24.448249816894531,297.6783447265625,49.971889495849609,
2020-09-24,25.6806640625,24.382171630859375,298.45989990234375,50.143321990966797,
2020-09-25,26.086280822753906,24.868736267089844,303.31466674804688,51.22027587890625,
2020-09-28,26.457677841186523,25.187101364135742,308.35330200195312,52.082317352294922,
2020-09-29,26.369712829589844,25.247171401977539,306.65234375,51.947097778320312,
2020-09-30,26.653154373168945,25.415370941162109,308.99700927734375,52.3720703125,
2020-10-01,26.785104751586914,25.631616592407227,311.00140380859375,53.036106109619141,
2020-10-02,26.574970245361328,25.187101364135742,308.06832885742188,51.968818664550781,
2020-10-05,26.990354537963867,25.601577758789062,313.44720458984375,52.987823486328125,
2020-10-06,26.643377304077148,25.193105697631836,308.99700927734375,52.147514343261719,
2020-10-07,27.102743148803711,25.559532165527344,314.3665771484375,53.113399505615234,
2020-10-08,27.268901824951172,25.751750946044922,317.19866943359375,53.323463439941406,
2020-10-09,27.57188606262207,26.142206192016602,319.98468017578125,54.134788513183594,
2020-10-12,27.938409805297852,26.544670104980469,325.207275390625,55.342144012451172,
2020-10-13,27.777145385742188,26.544670104980469,323.09243774414062,55.303516387939453,
2020-10-14,27.630537033081055,26.280364990234375,321.06964111328125,54.864036560058594,
2020-10-15,27.615879058837891,26.166231155395508,320.67428588867188,54.564609527587891,
2020-10-16,27.694063186645508,26.328420639038086,320.3892822265625,54.335220336914062,
2020-10-19,27.234691619873047,25.859878540039062,315.58041381835938,53.528717041015625,
2020-10-20,27.361757278442383,25.980016708374023,316.82171630859375,53.666347503662109,
2020-10-21,27.361757278442383,26.142206192016602,316.20562744140625,53.533538818359375,
2020-10-22,27.474153518676758,26.274358749389648,318.00775146484375,53.497329711914062,
2020-10-23,27.576780319213867,26.460573196411133,319.01919555664062,53.760524749755859,
2020-10-26,27.063655853271484,25.853874206542969,313.16229248046875,52.893653869628906,
2020-10-27,27.068540573120117,26.034080505371094,312.09564208984375,53.168926239013672,
2020-10-28,26.037403106689453,24.940816879272461,301.47567749023438,51.174388885498047,
2020-10-29,26.213329315185547,25.283214569091797,304.48239135742188,51.794971466064453,
2020-10-30,26.027633666992188,24.862724304199219,301.23666381835938,50.606945037841797,
2020-11-02,26.325733184814453,25.042932510375977,304.67547607421875,50.894290924072266,
2020-11-03,26.819314956665039,25.49345588684082,310.11871337890625,51.797386169433594,
2020-11-04,27.317773818969727,26.7188720703125,316.96884155273438,54.062358856201172,
2020-11-05,27.640316009521484,27.265504837036133,323.16607666015625,55.293853759765625,
2020-11-06,27.713607788085938,27.235467910766602,323.138427734375,55.346973419189453,
2020-11-09,28.089900970458984,26.953142166137695,327.17489624023438,54.393165588378906,
2020-11-10,28.045927047729492,26.436546325683594,326.751953125,53.598743438720703,
2020-11-11,28.275609970092773,26.808975219726562,329.105712890625,54.600826263427734,
2020-11-12,28.094793319702148,26.598731994628906,325.97039794921875,54.282093048095703,
2020-11-13,28.456424713134766,26.863040924072266,330.40225219726562,54.694995880126953,
2020-11-16,28.700761795043945,26.911096572875977,334.50311279296875,54.982353210449219,
2020-11-17,28.612804412841797,26.869045257568359,332.80209350585938,54.885761260986328,
2020-11-18,28.300043106079102,26.526647567749023,328.79315185546875,54.383514404296875,
2020-11-19,28.412437438964844,26.700851440429688,330.12643432617188,54.743297576904297,
2020-11-20,28.231622695922852,26.520645141601562,327.9105224609375,54.441474914550781,
2020-11-23,28.246280670166016,26.640779495239258,329.87811279296875,54.458362579345703,
2020-11-24,28.563930511474609,26.875055313110352,335.1558837890625,55.023403167724609,
2020-11-25,28.47108268737793,26.917102813720703,334.67779541015625,55.284187316894531,
2020-11-27,28.554162979125977,27.085294723510742,335.58810424804688,55.718830108642578,
2020-11-30,28.568822860717773,27.073280334472656,334.06173706054688,55.837158203125,
2020-12-01,28.857149124145508,27.361616134643555,337.73968505859375,56.397357940673828,
2020-12-02,28.906021118164062,27.247482299804688,338.45681762695312,56.257312774658203,
2020-12-03,28.930446624755859,27.172037124633789,338.39242553710938,56.254898071289062,
2020-12-04,29.189456939697266,27.366731643676758,341.2979736328125,56.617103576660156,
2020-12-07,29.072172164916992,27.39715576171875,340.66363525390625,56.812686920166016,
2020-12-08,29.248096466064453,27.427576065063477,341.610595703125,57.022762298583984,
2020-12-09,29.072172164916992,26.995597839355469,338.62228393554688,56.042388916015625,
2020-12-10,28.969549179077148,26.98951530456543,338.43841552734375,56.216251373291016,
2020-12-11,28.993980407714844,26.934755325317383,338.01547241210938,56.1341552734375,
2020-12-14,28.803386688232422,27.05035400390625,336.48248291015625,56.311672210693359,
2020-12-15,29.118282318115234,27.16595458984375,341.06307983398438,56.964698791503906,
2020-12-16,29.139743804931641,27.342395782470703,341.60797119140625,57.271854400634766,
2020-12-17,29.525981903076172,27.6466064453125,343.51040649414062,57.803936004638672,
2020-12-18,29.509885787963867,27.762208938598633,342.15280151367188,57.753147125244141,
2020-12-21,29.391876220703125,27.622268676757812,341.02606201171875,57.714454650878906,
2020-12-22,29.322135925292969,27.683113098144531,340.37045288085938,57.978080749511719,
2020-12-23,29.257762908935547,27.470165252685547,340.6658935546875,57.598358154296875,
2020-12-24,29.402603149414062,27.585763931274414,341.986572265625,57.869239807128906,
2020-12-28,29.649379730224609,27.774374008178711,344.96026611328125,58.348114013671875,
2020-12-29,29.56889533996582,27.756122589111328,344.29531860351562,58.227195739746094,
2020-12-30,29.525981903076172,27.713533401489258,344.74783325195312,58.188480377197266,
2020-12-31,29.729835510253906,27.926479339599609,346.67800903320312,58.321521759033203,
2021-01-04,29.257762908935547,27.482332229614258,341.90347290039062,57.49920654296875,
2021-01-05,29.332870483398438,27.597932815551758,344.16604614257812,57.799098968505859,
2021-01-06,29.365053176879883,27.366731643676758,346.24398803710938,57.155754089355469,
2021-01-07,29.579626083374023,27.847385406494141,351.369384765625,58.454540252685547,
2021-01-08,29.724470138549805,28.157676696777344,353.37350463867188,59.059169769287109,
2021-01-11,29.483070373535156,27.768289566040039,351.064697265625,58.350536346435547,
2021-01-12,29.343591690063477,27.470165252685547,351.1201171875,58.227195739746094,
2021-01-13,29.359685897827148,27.549261093139648,352.00674438476562,58.507747650146484,
2021-01-14,29.129016876220703,27.117279052734375,350.78765869140625,57.980499267578125,
2021-01-15,29.096830368041992,27.111198425292969,348.25723266601562,57.668506622314453,
2021-01-19,29.268489837646484,27.421489715576172,350.98150634765625,58.333606719970703,
2021-01-20,29.681554794311523,28.011659622192383,355.81158447265625,59.574337005615234,
2021-01-21,29.649379730224609,28.029912948608398,356.1256103515625,59.905681610107422,
2021-01-22,29.531347274780273,27.908224105834961,354.91571044921875,59.879066467285156,
2021-01-25,29.713739395141602,27.950817108154297,356.32876586914062,60.316841125488281,
2021-01-26,29.837121963500977,27.962984085083008,355.8023681640625,60.249114990234375,
2021-01-27,29.209487915039062,27.123363494873047,347.12130737304688,58.744766235351562,
2021-01-28,29.488433837890625,27.640520095825195,350.0579833984375,59.066436767578125,
2021-01-29,28.898342132568359,27.202459335327148,343.10397338867188,57.861991882324219,
2021-02-01,29.279216766357422,27.756122589111328,348.718994140625,59.085784912109375,
2021-02-02,29.542072296142578,28.20026969909668,353.66903686523438,60.070133209228516,
2021-02-03,29.617177963256836,28.321950912475586,353.94607543945312,59.932277679443359,
2021-02-04,29.772747039794922,28.772182464599609,357.95413208007812,60.568370819091797,
2021-02-05,29.901496887207031,29.003381729125977,359.35784912109375,60.8150634765625,
2021-02-08,30.003423690795898,29.052057266235352,362.06378173828125,61.175437927246094,
2021-02-09,29.981964111328125,29.149402618408203,361.759033203125,61.141571044921875,
2021-02-10,29.992694854736328,29.149402618408203,361.61123657226562,61.039997100830078,
2021-02-11,29.998056411743164,29.338014602661133,362.22079467773438,61.279422760009766,
2021-02-12,30.04096794128418,29.563129425048828,364.03079223632812,61.598674774169922,
2021-02-16,29.955144882202148,29.630056381225586,363.74456787109375,61.308464050292969,
2021-02-17,29.976596832275391,29.520542144775391,363.79071044921875,61.136737823486328,
2021-02-18,30.030241012573242,29.374519348144531,362.24850463867188,60.928733825683594,
2021-02-19,29.649379730224609,28.985128402709961,361.56515502929688,60.561115264892578,
2021-02-22,29.365053176879883,28.534900665283203,358.81301879882812,59.26959228515625,
2021-02-23,29.381141662597656,28.504478454589844,359.19161987304688,59.1075439453125,
2021-02-24,29.617177963256836,28.808687210083008,363.13504028320312,59.504199981689453,
2021-02-25,29.123651504516602,28.011659622192383,354.42633056640625,57.67333984375,
2021-02-26,28.984174728393555,27.999490737915039,352.57003784179688,57.845050811767578,
2021-03-01,29.509885787963867,28.583574295043945,361.121826171875,59.378425598144531,
2021-03-02,29.391876220703125,28.358457565307617,358.34194946289062,58.616584777832031,
2021-03-03,28.989538192749023,27.567512512207031,353.55816650390625,57.025165557861328,
2021-03-04,28.66230583190918,27.135532379150391,349.1807861328125,56.021442413330078,
2021-03-05,29.273853302001953,27.567512512207031,355.61761474609375,56.858268737792969,
2021-03-08,29.155838012695312,27.001680374145508,353.8814697265625,55.63690185546875,
2021-03-09,29.456247329711914,27.689193725585938,358.86834716796875,57.462921142578125,
2021-03-10,29.579626083374023,27.689193725585938,361.06643676757812,57.402454376220703,
2021-03-11,29.880043029785156,28.364540100097656,364.77883911132812,58.609325408935547,
2021-03-12,29.863948822021484,28.066417694091797,365.35140991210938,58.285232543945312,
2021-03-15,30.126804351806641,28.261112213134766,367.56796264648438,58.836669921875,
2021-03-16,30.177370071411133,28.413217544555664,367.05075073242188,59.001125335693359,
2021-03-17,30.091302871704102,28.376708984375,368.2513427734375,59.059169769287109,
2021-03-18,29.811582565307617,27.768289566040039,362.87643432617188,57.559658050537109,
2021-03-19,29.747032165527344,27.841299057006836,362.20233154296875,57.726543426513672,
2021-03-22,30.059022903442383,28.163764953613281,365.065185546875,58.585132598876953,
2021-03-23,30.00523567199707,28.175931930541992,362.22079467773438,58.3843994140625,
2021-03-24,29.972963333129883,27.823047637939453,360.36447143554688,57.569332122802734,
2021-03-25,30.037513732910156,27.664861679077148,362.42251586914062,57.528652191162109,
2021-03-26,30.639978408813477,28.242856979370117,368.2880859375,58.453907012939453,
2021-03-29,30.752948760986328,28.273279190063477,368.10281372070312,58.403038024902344,
2021-03-30,30.548540115356445,28.066417694091797,367.19467163085938,58.112388610839844,
2021-03-31,30.564674377441406,28.364540100097656,368.63095092773438,58.868099212646484,
2021-04-01,30.742189407348633,28.826940536499023,372.57830810546875,59.798202514648438,
2021-04-05,31.274723052978516,29.338014602661133,377.92498779296875,60.832462310791016,
2021-04-06,31.220937728881836,29.350181579589844,377.693359375,60.873649597167969,
2021-04-07,31.21556282043457,29.502288818359375,378.16592407226562,61.014125823974609,
2021-04-08,31.366170883178711,29.788244247436523,379.92648315429688,61.668117523193359,
2021-04-09,31.656656265258789,30.080286026000977,382.67861938476562,62.198562622070312,
2021-04-12,31.651275634765625,30.068117141723633,382.83612060546875,62.234905242919922,
2021-04-13,31.678171157836914,30.244558334350586,383.95736694335938,62.879192352294922,
2021-04-14,31.52216911315918,29.964685440063477,382.67861938476562,62.234905242919922,
2021-04-15,31.91485595703125,30.500095367431641,386.79287719726562,63.242523193359375,
2021-04-16,32.1192626953125,30.548768997192383,388.15496826171875,63.317592620849609,
2021-04-19,31.990165710449219,30.366243362426758,386.25543212890625,62.808944702148438,
2021-04-20,31.995540618896484,30.135042190551758,383.44778442382812,62.433517456054688,
2021-04-21,32.232231140136719,30.347991943359375,387.03375244140625,62.944587707519531,
2021-04-22,32.140785217285156,30.171548843383789,383.59591674804688,62.402019500732422,
2021-04-23,32.39898681640625,30.542686462402344,387.61752319335938,63.201335906982422,
2021-04-26,32.253738403320312,30.627862930297852,388.48861694335938,63.538017272949219,
2021-04-27,32.286022186279297,30.579191207885742,388.36807250976562,63.356357574462891,
2021-04-28,32.130016326904297,30.658285140991211,388.2198486328125,63.16741943359375,
2021-04-29,32.377471923828125,30.792139053344727,390.6754150390625,63.298240661621094,
2021-04-30,32.151531219482422,30.506183624267578,388.145751953125,62.913093566894531,
2021-05-03,32.474296569824219,30.329738616943359,388.979736328125,62.675743103027344,
2021-05-04,32.291404724121094,29.964685440063477,386.61676025390625,61.745616912841797,
2021-05-05,32.24298095703125,29.812582015991211,386.67233276367188,61.452537536621094,
2021-05-06,32.323673248291016,30.02552604675293,389.8135986328125,61.774677276611328,
2021-05-07,32.495815277099609,30.189800262451172,392.639892578125,62.234905242919922,
2021-05-10,32.447395324707031,29.563129425048828,388.82211303710938,60.994747161865234,
2021-05-11,32.130016326904297,29.575298309326172,385.35662841796875,60.759796142578125,
2021-05-12,31.516786575317383,28.863445281982422,377.11895751953125,59.241104125976562,
2021-05-13,31.957883834838867,29.112897872924805,381.594482421875,59.781246185302734,
2021-05-14,32.248359680175781,29.636138916015625,387.48782348632812,60.902706146240234,
2021-05-17,32.146156311035156,29.471864700317383,386.5611572265625,60.614471435546875,
2021-05-18,31.974023818969727,29.325845718383789,383.23468017578125,60.275371551513672,
2021-05-19,31.877195358276367,29.386686325073242,382.19668579101562,60.268104553222656,
2021-05-20,32.189197540283203,29.867338180541992,386.2369384765625,61.295097351074219,
2021-05-21,32.146156311035156,29.763906478881836,386.01443481445312,61.006855010986328,
2021-05-24,32.382843017578125,30.214138031005859,389.89703369140625,61.852188110351562,
2021-05-25,32.345188140869141,30.305404663085938,389.05380249023438,61.934547424316406,
2021-05-26,32.312919616699219,30.335823059082031,389.76739501953125,62.106521606445312,
2021-05-27,32.199951171875,30.189800262451172,389.97125244140625,61.825550079345703,
2021-05-28,32.269882202148438,30.274978637695312,390.71249389648438,62.041118621826172,
2021-06-01,32.097747802734375,29.995107650756836,390.40667724609375,61.728668212890625,
2021-06-02,32.135410308837891,30.019443511962891,391.0552978515625,61.854618072509766,
2021-06-03,32.054714202880859,29.77607536315918,389.5634765625,61.336277008056641,
2021-06-04,32.312919616699219,30.201971054077148,393.11239624023438,62.188873291015625,
2021-06-07,32.183815002441406,30.274978637695312,392.77886962890625,62.380229949951172,
2021-06-08,32.156925201416016,30.268896102905273,392.79745483398438,62.503749847412109,
2021-06-09,32.199951171875,30.299318313598633,392.16726684570312,62.508602142333984,
2021-06-10,32.422607421875,30.773889541625977,394.0677490234375,63.178363800048828,
2021-06-11,32.411827087402344,30.840812683105469,394.71826171875,63.314170837402344,
2021-06-14,32.4549560546875,31.126768112182617,395.6661376953125,63.888912200927734,
2021-06-15,32.368694305419922,31.011167526245117,394.89486694335938,63.534866333007812,
2021-06-16,32.169219970703125,30.83473014831543,392.7109375,63.270534515380859,
2021-06-17,32.271656036376953,31.224117279052734,392.59011840820312,64.056221008300781,
2021-06-18,31.867305755615234,31.102432250976562,387.31161499023438,63.648838043212891,
2021-06-21,32.325565338134766,31.388391494750977,392.77597045898438,64.167770385742188,
2021-06-22,32.476516723632812,31.656097412109375,394.64385986328125,64.817672729492188,
2021-06-23,32.314785003662109,31.625675201416016,394.41162109375,64.812828063964844,
2021-06-24,32.476516723632812,31.802114486694336,396.69775390625,65.137786865234375,
2021-06-25,32.810771942138672,31.935968399047852,398.15664672851562,65.249305725097656,
2021-06-28,32.821552276611328,32.173248291015625,399.00238037109375,65.775550842285156,
2021-06-29,32.967124938964844,32.264511108398438,399.17901611328125,65.998649597167969,
2021-06-30,32.967124938964844,32.033317565917969,399.53207397460938,65.833747863769531,
2021-07-01,33.209720611572266,32.270599365234375,401.79037475585938,66.047149658203125,
2021-07-02,33.565544128417969,32.696495056152344,404.847900390625,66.774650573730469,
2021-07-06,33.576328277587891,32.872936248779297,403.81625366210938,67.140838623046875,
2021-07-07,33.824310302734375,33.025039672851562,405.47052001953125,67.356658935546875,
2021-07-08,33.619453430175781,32.836429595947266,402.21783447265625,66.895904541015625,
2021-07-09,33.818927764892578,33.018955230712891,406.49270629882812,67.434242248535156,
2021-07-12,33.851272583007812,33.073711395263672,407.99822998046875,67.553077697753906,
2021-07-13,33.910575866699219,33.201480865478516,406.56704711914062,67.456069946289062,
2021-07-14,34.099262237548828,33.237987518310547,407.10614013671875,67.545806884765625,
2021-07-15,34.066921234130859,33.061546325683594,405.71212768554688,67.140838623046875,
2021-07-16,33.975269317626953,32.952030181884766,402.645263671875,66.694618225097656,
2021-07-19,33.490062713623047,32.532218933105469,396.63265991210938,65.976821899414062,
2021-07-20,33.905178070068359,32.945945739746094,402.3851318359375,67.017127990722656,
2021-07-21,34.066921234130859,33.122386932373047,405.64703369140625,67.502143859863281,
2021-07-22,34.201694488525391,33.493522644042969,406.5299072265625,67.948348999023438,
2021-07-23,34.686912536621094,34.114112854003906,410.53524780273438,68.898948669433594,
2021-07-26,34.69769287109375,34.101940155029297,411.63186645507812,68.918350219726562,
2021-07-27,34.616817474365234,33.870738983154297,409.75460815429688,68.258758544921875,
2021-07-28,34.546737670898438,33.888996124267578,409.531494140625,68.396965026855469,
2021-07-29,34.730030059814453,33.834236145019531,411.35308837890625,68.51336669921875,
2021-07-30,34.751602172851562,33.615211486816406,409.27133178710938,68.059906005859375,
2021-08-02,34.730030059814453,33.481353759765625,408.44427490234375,67.965316772460938,
2021-08-03,35.015762329101562,33.676048278808594,411.7061767578125,68.416366577148438,
2021-08-04,34.773159027099609,33.791648864746094,409.74530029296875,68.472137451171875,
2021-08-05,34.816299438476562,34.089771270751953,412.29159545898438,68.940170288085938,
2021-08-06,34.751602172851562,34.047183990478516,413.00717163085938,68.675849914550781,
2021-08-09,34.665340423583984,33.955921173095703,412.71920776367188,68.673423767089844,
2021-08-10,34.740825653076172,33.742977142333984,413.202392578125,68.367866516113281,
2021-08-11,34.810905456542969,33.639545440673828,414.17816162109375,68.266021728515625,
2021-08-12,34.983425140380859,33.888996124267578,415.1446533203125,68.622505187988281,
2021-08-13,35.182895660400391,34.047183990478516,416.19482421875,68.782546997070312,
2021-08-16,35.463233947753906,34.193206787109375,417.26348876953125,68.930465698242188,
2021-08-17,35.409324645996094,33.974174499511719,414.4290771484375,68.292678833007812,
2021-08-18,34.978031158447266,33.718635559082031,409.95901489257812,67.662200927734375,
2021-08-19,35.166721343994141,33.876827239990234,410.5631103515625,67.875602722167969,
2021-08-20,35.409324645996094,34.211460113525391,413.83432006835938,68.598220825195312,
2021-08-23,35.554889678955078,34.533920288085938,417.44012451171875,69.473663330078125,
2021-08-24,35.436283111572266,34.686023712158203,418.16494750976562,69.62884521484375,
2021-08-25,35.387760162353516,34.710361480712891,419.03848266601562,69.742835998535156,
2021-08-26,35.199069976806641,34.381816864013672,416.56646728515625,69.335433959960938,
2021-08-27,35.403934478759766,34.661689758300781,420.22802734375,70.016860961914062,
2021-08-30,35.576454162597656,34.941566467285156,422.09597778320312,70.741943359375,
2021-08-31,35.517143249511719,34.8746337890625,421.64059448242188,70.543098449707031,
2021-09-01,35.554889678955078,35.044990539550781,421.826416015625,70.722541809082031,
2021-09-02,35.651927947998047,34.892887115478516,423.09030151367188,70.710411071777344,
2021-09-03,35.684276580810547,35.014572143554688,422.9044189453125,70.9747314453125,
2021-09-07,35.436283111572266,35.069328308105469,421.53839111328125,70.940803527832031,
2021-09-08,35.587234497070312,35.038909912109375,420.980712890625,70.729812622070312,
2021-09-09,35.403934478759766,34.929393768310547,419.103515625,70.458198547363281,
2021-09-10,35.182384490966797,34.698192596435547,415.90667724609375,69.905319213867188,
2021-09-13,35.166179656982422,34.479164123535156,416.87319946289062,69.781639099121094,
2021-09-14,35.171581268310547,34.503498077392578,414.65206909179688,69.62646484375,
2021-09-15,35.349891662597656,34.746868133544922,418.09991455078125,70.176918029785156,
2021-09-16,35.274246215820312,34.813796997070312,417.3192138671875,70.266654968261719,
2021-09-17,34.917621612548828,34.381816864013672,413.2952880859375,69.456695556640625,
2021-09-20,34.544769287109375,33.834236145019531,406.32534790039062,68.144767761230469,
2021-09-21,34.512355804443359,33.931587219238281,406.09310913085938,68.319358825683594,
2021-09-22,34.755516052246094,34.004596710205078,410.09848022460938,68.959564208984375,
2021-09-23,35.079727172851562,34.503498077392578,415.01449584960938,69.650711059570312,
2021-09-24,35.014877319335938,34.576511383056641,415.81021118164062,69.72064208984375,
2021-09-27,34.733894348144531,34.065441131591797,414.50424194335938,69.123153686523438,
2021-09-28,34.058456420898438,33.025039672851562,406.2298583984375,67.160614013671875,
2021-09-29,34.17193603515625,33.043292999267578,406.9295654296875,67.099906921386719,
2021-09-30,33.680210113525391,32.848598480224609,401.89202880859375,66.560699462890625,
2021-10-01,34.004425048828125,33.256240844726562,406.67764282226562,67.272354125976562,
2021-10-04,33.512702941894531,32.374031066894531,401.39764404296875,65.81988525390625,
2021-10-05,33.847721099853516,32.824260711669922,405.60482788085938,66.662712097167969,
2021-10-06,34.058456420898438,33.031120300292969,407.33065795898438,67.097457885742188,
2021-10-07,34.366455078125,33.329250335693359,410.70758056640625,67.80670166015625,
2021-10-08,34.296215057373047,33.219730377197266,410.1011962890625,67.512794494628906,
2021-10-11,34.096275329589844,32.903354644775391,407.0413818359375,67.09503173828125,
2021-10-12,34.020626068115234,32.939861297607422,406.01528930664062,67.078025817871094,
2021-10-13,34.188144683837891,33.146724700927734,407.46127319335938,67.561378479003906,
2021-10-14,34.814949035644531,33.676048278808594,414.43896484375,68.719940185546875,
2021-10-15,35.058116912841797,33.907249450683594,417.61996459960938,69.273719787597656,
2021-10-18,35.112148284912109,34.217540740966797,418.83273315429688,69.917381286621094,
2021-10-19,35.447166442871094,34.503498077392578,422.125732421875,70.422599792480469,
2021-10-20,35.528209686279297,34.381816864013672,423.74887084960938,70.330299377441406,
2021-10-21,35.657901763916016,34.564342498779297,424.84970092773438,70.854927062988281,
2021-10-22,35.765972137451172,34.369647979736328,424.33660888671875,70.500320434570312,
2021-10-25,35.814601898193359,34.552173614501953,426.55670166015625,71.075935363769531,
2021-10-26,35.9713134765625,34.497417449951172,427.04183959960938,71.180397033691406,
2021-10-27,35.868644714355469,34.369647979736328,425.13882446289062,71.204681396484375,
2021-10-28,35.992916107177734,34.649520874023438,429.2247314453125,72.003776550292969,
2021-10-29,36.111801147460938,34.886806488037109,430.03631591796875,72.380256652832031,
2021-11-01,35.938884735107422,34.704277038574219,430.9224853515625,72.375411987304688,
2021-11-02,36.290122985839844,34.759037017822266,432.62033081054688,72.64501953125,
2021-11-03,36.468421936035156,34.929393768310547,435.27896118164062,73.223075866699219,
2021-11-04,36.565685272216797,35.397876739501953,437.27520751953125,74.031875610351562,
2021-11-05,36.900714874267578,35.610824584960938,438.81442260742188,74.112052917480469,
2021-11-08,36.7872314453125,35.70208740234375,439.27157592773438,74.172744750976562,
2021-11-09,36.792640686035156,35.562152862548828,437.74154663085938,73.810874938964844,
2021-11-10,36.630531311035156,35.026737213134766,434.28082275390625,72.734886169433594,
2021-11-11,36.511665344238281,34.959815979003906,434.4580078125,72.844169616699219,
2021-11-12,36.873695373535156,35.592571258544922,437.65774536132812,73.720977783203125,
2021-11-15,36.825069427490234,35.586490631103516,437.7696533203125,73.665153503417969,
2021-11-16,37.052013397216797,35.848106384277344,439.51406860351562,74.37921142578125,
2021-11-17,37.149276733398438,35.616912841796875,438.47860717773438,74.223762512207031,
2021-11-18,37.197906494140625,35.622989654541016,439.924560546875,74.801841735839844,
2021-11-19,37.36541748046875,35.489139556884766,439.20626831054688,75.066574096679688,
2021-11-22,37.052013397216797,34.704277038574219,437.89096069335938,74.129035949707031,
2021-11-23,37.111454010009766,34.521755218505859,438.49722290039062,73.769561767578125,
2021-11-24,37.138469696044922,34.521755218505859,439.63540649414062,74.23590087890625,
2021-11-26,36.468421936035156,33.870738983154297,429.691162109375,72.601280212402344,
2021-11-29,36.981765747070312,34.515666961669922,435.17636108398438,73.971168518066406,
2021-11-30,36.263103485107422,33.688217163085938,426.90188598632812,72.836891174316406,
2021-12-01,36.257694244384766,32.903354644775391,421.92041015625,71.488853454589844,
2021-12-02,36.689968109130859,33.505691528320312,428.42239379882812,72.278236389160156,
2021-12-03,36.662956237792969,33.037208557128906,424.5791015625,71.071090698242188,
2021-12-06,37.035804748535156,33.536113739013672,429.691162109375,71.724449157714844,
2021-12-07,37.63018798828125,34.448741912841797,438.61856079101562,73.835136413574219,
2021-12-08,37.678825378417969,34.686607360839844,439.77529907226562,74.31121826171875,
2021-12-09,37.597763061523438,34.326011657714844,436.80877685546875,73.4222412109375,
2021-12-10,38.040866851806641,34.617019653320312,440.997314453125,74.143608093261719,
2021-12-13,37.959808349609375,34.395603179931641,437.09310913085938,73.239128112792969,
2021-12-14,37.538337707519531,33.725025177001953,434.0048828125,72.351425170898438,
2021-12-15,38.067779541015625,34.351318359375,440.8270263671875,73.881179809570312,
2021-12-16,38.136764526367188,33.800937652587891,436.7843017578125,72.23712158203125,
2021-12-17,37.544651031494141,33.693393707275391,432.45138549804688,71.903915405273438,
2021-12-20,37.216976165771484,33.168315887451172,427.59454345703125,71.02349853515625,
2021-12-21,37.665370941162109,33.959095001220703,435.21206665039062,72.667587280273438,
2021-12-22,38.090778350830078,34.420906066894531,439.60110473632812,73.579605102539062,
2021-12-23,38.263236999511719,34.560085296630859,442.29632568359375,74.165740966796875,
2021-12-27,38.803619384765625,34.952312469482422,448.63174438476562,75.277198791503906,
2021-12-28,38.797855377197266,34.787826538085938,448.28543090820312,74.948867797851562,
2021-12-29,38.941574096679688,34.781497955322266,448.75335693359375,74.987777709960938,
2021-12-30,38.820858001708984,34.756195068359375,447.49002075195312,74.6983642578125,
2021-12-31,38.780624389648438,34.490493774414062,446.37643432617188,74.3214111328125,
2022-01-03,38.596664428710938,34.515804290771484,449.04354858398438,74.854019165039062,
2022-01-04,38.539176940917969,34.041336059570312,448.89370727539062,74.078178405761719,
2022-01-05,37.964305877685547,32.852005004882812,440.14382934570312,71.714218139648438,
2022-01-06,37.619392395019531,32.725482940673828,439.81637573242188,71.514785766601562,
2022-01-07,37.291702270507812,32.396522521972656,438.05694580078125,70.726791381835938,
2022-01-10,37.147998809814453,32.295299530029297,437.23348999023438,70.685455322265625,
2022-01-11,37.331954956054688,32.807723999023438,441.54754638671875,71.492904663085938,
2022-01-12,37.435432434082031,32.826702117919922,442.71728515625,71.72637939453125,
2022-01-13,36.918037414550781,31.934703826904297,436.6439208984375,69.938827514648438,
2022-01-14,36.768585205078125,31.972663879394531,436.79364013671875,70.116355895996094,
2022-01-18,36.205207824707031,31.245149612426758,429.07315063476562,68.494186401367188,
2022-01-19,36.067237854003906,31.143930435180664,424.63735961914062,67.75482177734375,
2022-01-20,35.768310546875,30.89088249206543,419.9207763671875,66.913337707519531,
2022-01-21,35.446384429931641,29.897666931152344,411.74179077148438,65.167083740234375,
2022-01-24,35.509616851806641,30.049497604370117,413.18289184570312,65.687583923339844,
2022-01-25,35.084224700927734,29.265045166015625,408.428955078125,64.213752746582031,
2022-01-26,34.917499542236328,29.138521194458008,407.4837646484375,64.245353698730469,
2022-01-27,34.951995849609375,29.246067047119141,405.35946655273438,63.695713043212891,
2022-01-28,35.722316741943359,30.403764724731445,415.26974487304688,65.935623168945312,
2022-01-31,36.130470275878906,31.333715438842773,422.77508544921875,67.869132995605469,
2022-02-01,36.251205444335938,31.631048202514648,425.69479370117188,68.396888732910156,
2022-02-02,36.826068878173828,31.738595962524414,429.78433227539062,68.866279602050781,
2022-02-03,36.239696502685547,30.270912170410156,419.80850219726562,66.349113464355469,
2022-02-04,36.090240478515625,30.758031845092773,421.91409301757812,67.149238586425781,
2022-02-07,35.906276702880859,30.435392379760742,420.41680908203125,66.692008972167969,
2022-02-08,36.159225463867188,30.644157409667969,423.75765991210938,67.387580871582031,
2022-02-09,36.624870300292969,31.314737319946289,430.00888061523438,68.717918395996094,
2022-02-10,35.825794219970703,30.663139343261719,422.41012573242188,67.324363708496094,
2022-02-11,35.210685729980469,29.758489608764648,413.9595947265625,65.354377746582031,
2022-02-14,35.055469512939453,29.764816284179688,412.61209106445312,65.403030395507812,
2022-02-15,35.452121734619141,30.34050178527832,419.24703979492188,66.879280090332031,
2022-02-16,35.480869293212891,30.327848434448242,419.72430419921875,66.845237731933594,
2022-02-17,34.716304779052734,29.391571044921875,410.918212890625,64.919044494628906,
2022-02-18,34.561084747314453,28.974040985107422,408.0826416015625,64.218605041503906,
2022-02-22,34.267902374267578,28.651403427124023,403.65621948242188,63.362514495849609,
2022-02-23,33.796504974365234,27.923891067504883,396.30072021484375,61.815723419189453,
2022-02-24,34.170173645019531,28.9866943359375,402.53329467773438,63.814868927001953,
2022-02-25,34.928997039794922,29.378917694091797,411.39544677734375,64.89471435546875,
2022-02-28,34.624317169189453,29.258718490600586,410.5626220703125,65.043075561523438,
2022-03-01,34.239151000976562,28.758947372436523,404.1990966796875,64.082405090332031,
2022-03-02,34.865768432617188,29.087911605834961,411.57330322265625,65.135490417480469,
2022-03-03,34.7852783203125,28.594467163085938,409.59881591796875,64.206451416015625,
2022-03-04,34.716304779052734,28.107349395751953,406.0987548828125,63.253074645996094,
2022-03-07,33.796504974365234,26.861083984375,394.16702270507812,60.779678344726562,
2022-03-08,33.336627960205078,26.696605682373047,391.22860717773438,60.439174652099609,
2022-03-09,34.124187469482422,27.835321426391602,401.75653076171875,62.708286285400391,
2022-03-10,33.875312805175781,27.670843124389648,399.9129638671875,62.214584350585938,
2022-03-11,33.500831604003906,27.006589889526367,394.92507934570312,60.998558044433594,
2022-03-14,33.397132873535156,26.639669418334961,391.93988037109375,59.979518890380859,
2022-03-15,34.157596588134766,27.373510360717773,400.56808471679688,61.832752227783203,
2022-03-16,34.762516021728516,28.448966979980469,409.43960571289062,63.861106872558594,
2022-03-17,35.102420806884766,28.904453277587891,414.530517578125,64.697708129882812,
2022-03-18,35.413520812988281,29.619314193725586,418.96630859375,66.093742370605469,
2022-03-21,35.286777496337891,29.32830810546875,418.88201904296875,65.877281188964844,
2022-03-22,35.569068908691406,29.866035461425781,423.99163818359375,67.0130615234375,
2022-03-23,35.085136413574219,29.132196426391602,418.6761474609375,66.049949645996094,
2022-03-24,35.49993896484375,29.581357955932617,424.73312377929688,67.285575866699219,
2022-03-25,35.655490875244141,29.524419784545898,426.87393188476562,67.200325012207031,
2022-03-28,35.966583251953125,29.960931777954102,429.86907958984375,68.228179931640625,
2022-03-29,36.485088348388672,30.675792694091797,435.35247802734375,69.450889587402344,
2022-03-30,36.306499481201172,30.308870315551758,432.64834594726562,68.661720275878906,
2022-03-31,35.851364135742188,29.796445846557617,425.98193359375,67.6217041015625,
2022-04-01,36.024200439453125,30.005212783813477,427.01480102539062,67.772705078125,
2022-04-04,36.139423370361328,30.587223052978516,430.77993774414062,68.980796813964844,
2022-04-05,35.932018280029297,30.055818557739258,425.2308349609375,67.653350830078125,
2022-04-06,35.811031341552734,29.27769660949707,421.09951782226562,66.152992248535156,
2022-04-07,36.006916046142578,29.366264343261719,423.18392944335938,66.386802673339844,
2022-04-08,35.903221130371094,29.100564956665039,422.05731201171875,65.670700073242188,
2022-04-11,35.223400115966797,28.442638397216797,414.76177978515625,64.177642822265625,
2022-04-12,35.062099456787109,28.176937103271484,413.17495727539062,63.948692321777344,
2022-04-13,35.338626861572266,28.689359664916992,418.010498046875,65.042320251464844,
2022-04-14,35.027519226074219,28.189592361450195,412.846435546875,63.785499572753906,
2022-04-18,34.774044036865234,28.0504150390625,412.99661254882812,63.702693939208984,
2022-04-19,35.425045013427734,28.803232192993164,419.6629638671875,65.054489135742188,
2022-04-20,35.626678466796875,28.018783569335938,419.28741455078125,64.450447082519531,
2022-04-21,35.240688323974609,27.284944534301758,413.2125244140625,63.225288391113281,
2022-04-22,34.180644989013672,26.373966217041016,401.65435791015625,61.388797760009766,
2022-04-25,34.618492126464844,26.709259033203125,404.13311767578125,62.185264587402344,
2022-04-26,33.783130645751953,25.753999710083008,392.368408203125,59.827533721923828,
2022-04-27,33.909873962402344,25.798280715942383,393.55142211914062,60.039436340332031,
2022-04-28,34.733707427978516,26.987611770629883,403.43829345703125,62.092704772949219,
2022-04-29,33.575729370117188,25.728693008422852,388.30276489257812,59.369625091552734,
2022-05-02,33.552684783935547,26.051332473754883,390.80038452148438,60.149028778076172,
2022-05-03,33.610298156738281,25.899501800537109,392.612548828125,60.178260803222656,
2022-05-04,34.578155517578125,26.740886688232422,404.43359375,62.117069244384766,
2022-05-05,33.310718536376953,25.298513412475586,390.07742309570312,59.108997344970703,
2022-05-06,33.155158996582031,24.748132705688477,387.97427368164062,58.441612243652344,
2022-05-09,32.475357055664062,23.609415054321289,375.49581909179688,56.059535980224609,
2022-05-10,32.458072662353516,23.761245727539062,376.23760986328125,56.488204956054688,
2022-05-11,31.945339202880859,23.29310417175293,370.30361938476562,54.861179351806641,
2022-05-12,31.945339202880859,23.406976699829102,369.75897216796875,54.788112640380859,
2022-05-13,32.527210235595703,24.355907440185547,378.77273559570312,56.729347229003906,
2022-05-16,32.469593048095703,24.052251815795898,377.17648315429688,56.086326599121094,
2022-05-17,32.959281921386719,24.564672470092773,384.98837280273438,57.413768768310547,
2022-05-18,31.726411819458008,23.520847320556641,369.52423095703125,54.683380126953125,
2022-05-19,31.588146209716797,23.634721755981445,367.21444702148438,54.493389129638672,
2022-05-20,31.760982513427734,23.748590469360352,367.40225219726562,54.386222839355469,
2022-05-23,32.302520751953125,24.064901351928711,374.26583862304688,55.345882415771484,
2022-05-24,32.158500671386719,23.381669998168945,371.58050537109375,54.232780456542969,
2022-05-25,32.290996551513672,23.773899078369141,374.86679077148438,55.000015258789062,
2022-05-26,32.844066619873047,24.317951202392578,382.19979858398438,56.449241638183594,
2022-05-27,33.541160583496094,25.184640884399414,391.7674560546875,58.327152252197266,
2022-05-31,33.310718536376953,25.121376037597656,389.53277587890625,58.012943267822266,
2022-06-01,32.953533172607422,25.045463562011719,386.37802124023438,57.552600860595703,
2022-06-02,33.535396575927734,25.962764739990234,393.65472412109375,59.191810607910156,
2022-06-03,33.051467895507812,25.387079238891602,387.19488525390625,57.798606872558594,
2022-06-06,33.109077453613281,25.526256561279297,388.35919189453125,58.032424926757812,
2022-06-07,33.379848480224609,25.728693008422852,391.964599609375,58.578022003173828,
2022-06-08,33.06298828125,25.595844268798828,387.72073364257812,58.112808227539062,
2022-06-09,32.360137939453125,24.798742294311523,378.61575317382812,56.576061248779297,
2022-06-10,31.582382202148438,23.628391265869141,367.4454345703125,54.470615386962891,
2022-06-13,30.637569427490234,22.382131576538086,353.31759643554688,52.062660217285156,
2022-06-14,30.401357650756836,22.287235260009766,352.37570190429688,52.106575012207031,
2022-06-15,30.827682495117188,22.913530349731445,357.39581298828125,53.297138214111328,
2022-06-16,30.002496719360352,21.945619583129883,345.65093994140625,51.208766937255859,
2022-06-17,30.071840286254883,22.268257141113281,346.281982421875,51.69183349609375,
2022-06-21,30.753715515136719,22.609874725341797,355.08831787109375,53.006813049316406,
2022-06-22,30.892404556274414,22.698442459106445,354.47607421875,52.989738464355469,
2022-06-23,31.395145416259766,23.204538345336914,358.02682495117188,53.91680908203125,
2022-06-24,32.342830657958984,24.191429138183594,369.20663452148438,55.905147552490234,
2022-06-27,32.175247192382812,23.830833435058594,367.86917114257812,55.512355804443359,
2022-06-28,31.348915100097656,22.919857025146484,360.36264038085938,53.933895111083984,
2022-06-29,31.528049468994141,23.046382904052734,360.10833740234375,54.029037475585938,
2022-06-30,31.389364242553711,22.628852844238281,357.10385131835938,53.355690002441406,
2022-07-01,31.707183837890625,22.945163726806641,360.8148193359375,53.921695709228516,
2022-07-05,31.770748138427734,23.400650024414062,361.5870361328125,54.609676361083984,
2022-07-06,32.030788421630859,23.495542526245117,362.87738037109375,54.870731353759766,
2022-07-07,32.313941955566406,23.938377380371094,368.25537109375,55.912460327148438,
2022-07-08,32.279262542724609,23.849811553955078,367.96334838867188,55.953945159912109,
2022-07-11,31.967222213745117,23.413301467895508,363.77215576171875,55.019546508789062,
2022-07-12,31.585836410522461,22.970468521118164,360.50396728515625,54.341320037841797,
2022-07-13,31.441366195678711,22.812313079833984,358.65789794921875,54.168102264404297,
2022-07-14,31.43559455871582,22.692113876342773,357.79141235351562,54.26324462890625,
2022-07-15,31.915214538574219,23.337387084960938,364.61981201171875,55.2171630859375,
2022-07-18,31.481822967529297,23.179231643676758,361.67184448242188,54.690189361572266,
2022-07-19,32.319713592529297,24.026943206787109,371.39178466796875,56.295501708984375,
2022-07-20,32.383281707763672,24.564672470092773,373.68984985351562,56.942008972167969,
2022-07-21,32.706878662109375,24.899961471557617,377.50442504882812,57.739788055419922,
2022-07-22,32.533519744873047,24.28631591796875,374.1419677734375,56.963962554931641,
2022-07-25,32.475734710693359,24.134490966796875,374.528076171875,56.798065185546875,
2022-07-26,32.261932373046875,23.527172088623047,370.08258056640625,55.778285980224609,
2022-07-27,33.105613708496094,24.552021026611328,379.65179443359375,57.771495819091797,
2022-07-28,33.643016815185547,24.824045181274414,384.47412109375,58.696136474609375,
2022-07-29,33.868385314941406,25.323816299438477,390.19119262695312,59.813510894775391,
2022-08-01,33.799041748046875,25.311162948608398,388.93853759765625,59.672004699707031,
2022-08-02,33.562118530273438,25.298513412475586,386.46139526367188,59.413394927978516,
2022-08-03,34.197757720947266,25.950115203857422,392.48928833007812,60.691791534423828,
2022-08-04,34.180431365966797,26.222139358520508,392.11260986328125,60.877201080322266,
2022-08-05,34.116855621337891,26.120920181274414,391.42498779296875,60.691791534423828,
2022-08-08,34.134197235107422,26.070310592651367,391.0859375,60.545406341552734,
2022-08-09,33.972389221191406,25.703390121459961,389.44705200195312,59.998920440673828,
2022-08-10,34.561817169189453,26.513143539428711,397.60354614257812,61.557884216308594,
2022-08-11,34.394241333007812,26.336009979248047,397.74484252929688,61.265110015869141,
2022-08-12,35.018321990966797,26.772518157958984,404.29074096679688,62.443473815917969,
2022-08-15,35.145442962646484,26.937002182006836,406.07083129882812,62.809432983398438,
2022-08-16,35.226352691650391,26.873737335205078,406.91845703125,62.814311981201172,
2022-08-17,35.012542724609375,26.462535858154297,403.85739135742188,62.326362609863281,
2022-08-18,34.995212554931641,26.48784065246582,405.044189453125,62.475185394287109,
2022-08-19,34.70050048828125,25.899501800537109,399.68505859375,61.438327789306641,
2022-08-22,34.087966918945312,25.134033203125,391.30258178710938,60.001361846923828,
2022-08-23,33.851047515869141,24.975875854492188,390.43606567382812,59.879375457763672,
2022-08-24,33.93194580078125,25.077095031738281,391.65109252929688,60.033077239990234,
2022-08-25,34.301780700683594,25.47564697265625,397.1702880859375,60.97479248046875,
2022-08-26,33.122940063476562,24.362232208251953,383.59817504882812,58.654659271240234,
2022-08-29,32.886016845703125,24.172447204589844,381.29058837890625,58.105724334716797,
2022-08-30,32.620201110839844,24.007965087890625,376.92044067382812,57.488498687744141,
2022-08-31,32.394844055175781,23.894094467163086,374.08547973632812,57.017646789550781,
2022-09-01,32.660655975341797,24.007965087890625,375.36636352539062,57.027400970458984,
2022-09-02,32.169475555419922,23.735939025878906,371.35409545898438,56.346729278564453,
2022-09-06,32.077014923095703,23.603090286254883,369.87527465820312,56.146671295166016,
2022-09-07,32.753116607666016,24.153469085693359,376.57196044921875,57.234775543212891,
2022-09-08,32.939579010009766,24.317951202392578,378.94549560546875,57.547050476074219,
2022-09-09,33.33917236328125,24.912614822387695,384.9921875,58.652217864990234,
2022-09-12,33.588191986083984,25.197294235229492,389.14578247070312,59.374362945556641,
2022-09-13,32.267822265625,23.875116348266602,372.16412353515625,56.485786437988281,
2022-09-14,32.354690551757812,24.026943206787109,373.58627319335938,56.800510406494141,
2022-09-15,32.001434326171875,23.463912963867188,369.27264404296875,55.968574523925781,
2022-09-16,31.908769607543945,23.115970611572266,366.475341796875,55.468441009521484,
2022-09-19,32.0709228515625,23.204538345336914,369.32907104492188,55.934429168701172,
2022-09-20,31.671340942382812,22.818639755249023,364.9871826171875,55.409885406494141,
2022-09-21,31.155939102172852,22.35682487487793,358.76150512695312,54.448657989501953,
2022-09-22,30.912712097167969,22.129083633422852,355.72869873046875,53.821662902832031,
2022-09-23,30.675275802612305,21.762163162231445,349.82330322265625,52.994613647460938,
2022-09-26,30.47838020324707,21.578701019287109,346.37350463867188,52.640647888183594,
2022-09-27,30.333608627319336,21.572376251220703,345.4835205078125,52.679786682128906,
2022-09-28,30.796894073486328,22.173364639282227,352.19580078125,53.609359741210938,
2022-09-29,30.264108657836914,21.768487930297852,344.95346069335938,52.356876373291016,
2022-09-30,29.73133659362793,21.388914108276367,339.5382080078125,51.468902587890625,
2022-10-03,30.437843322753906,21.895011901855469,348.52255249023438,52.687126159667969,
2022-10-04,31.219642639160156,22.711093902587891,359.19195556640625,54.338336944580078,
2022-10-05,31.271755218505859,22.837617874145508,358.349365234375,54.306526184082031,
2022-10-06,30.785306930541992,22.711093902587891,354.80874633789062,53.915126800537109,
2022-10-07,29.968767166137695,21.895011901855469,344.91552734375,52.053546905517578,
2022-10-10,29.829782485961914,21.62298583984375,342.3499755859375,51.544727325439453,
2022-10-11,29.719747543334961,21.268716812133789,340.00216674804688,51.040805816650391,
2022-10-12,29.725547790527344,21.344633102416992,338.90402221679688,50.967418670654297,
2022-10-13,30.414682388305664,21.711553573608398,347.9261474609375,52.087783813476562,
2022-10-14,29.818199157714844,21.129541397094727,339.95477294921875,50.644504547119141,
2022-10-17,30.599994659423828,21.964601516723633,348.70242309570312,52.241916656494141,
2022-10-18,30.837425231933594,22.186016082763672,352.69744873046875,52.831443786621094,
2022-10-19,30.5594482421875,22.141735076904297,350.37808227539062,52.464511871337891,
2022-10-20,30.281486511230469,22.103775024414062,347.39596557617188,52.102466583251953,
2022-10-21,30.883758544921875,22.609874725341797,355.7838134765625,53.367179870605469,
2022-10-24,31.248594284057617,22.793331146240234,360.15765380859375,53.990974426269531,
2022-10-25,31.613430023193359,23.312080383300781,365.94207763671875,55.045295715332031,
2022-10-26,31.387575149536133,22.831291198730469,363.1776123046875,54.110836029052734,
2022-10-27,31.213850021362305,22.382131576538086,361.24627685546875,53.663169860839844,
2022-10-28,32.094089508056641,22.597223281860352,369.71942138671875,54.927879333496094,
2022-10-31,31.874027252197266,22.30621337890625,367.12545776367188,54.448417663574219,
2022-11-01,31.630800247192383,22.034189224243164,365.66741943359375,53.932258605957031,
2022-11-02,30.756359100341797,21.059953689575195,356.29501342773438,52.200321197509766,
2022-11-03,30.223575592041016,20.490594863891602,352.7164306640625,51.344142913818359,
2022-11-04,30.681066513061523,20.629770278930664,357.70556640625,51.870079040527344,
2022-11-07,31.022737503051758,20.876491546630859,361.19903564453125,52.408252716064453,
2022-11-08,31.167512893676758,21.053625106811523,363.15872192382812,52.714027404785156,
2022-11-09,30.686857223510742,20.553855895996094,355.7459716796875,51.449325561523438,
2022-11-10,32.377845764160156,22.255605697631836,375.22927856445312,55.055088043212891,
2022-11-11,32.563163757324219,22.793331146240234,378.84573364257812,55.869686126708984,
2022-11-14,32.319938659667969,22.540287017822266,375.66476440429688,55.218978881835938,
2022-11-15,32.574745178222656,22.913530349731445,378.85519409179688,55.877021789550781,
2022-11-16,32.534210205078125,22.59089469909668,376.0718994140625,55.351078033447266,
2022-11-17,32.4647216796875,22.223974227905273,374.80325317382812,55.091777801513672,
2022-11-18,32.696365356445312,22.103775024414062,376.58309936523438,55.201862335205078,
2022-11-21,32.713737487792969,21.787466049194336,375.14407348632812,54.741962432861328,
2022-11-22,33.084362030029297,22.065818786621094,380.3131103515625,55.514980316162109,
2022-11-23,33.287036895751953,22.261930465698242,382.58523559570312,56.048267364501953,
2022-11-25,33.344959259033203,22.230300903320312,382.55682373046875,55.908824920654297,
2022-11-28,32.870094299316406,21.983579635620117,376.4979248046875,55.023288726806641,
2022-11-29,32.736896514892578,21.78114128112793,375.85409545898438,54.6661376953125,
2022-11-30,33.814029693603516,22.793331146240234,387.50811767578125,56.902000427246094,
2022-12-01,34.016731262207031,22.812313079833984,387.34719848632812,56.970489501953125,
2022-12-02,34.051467895507812,22.628852844238281,386.9306640625,56.835941314697266,
2022-12-05,33.512897491455078,22.091123580932617,379.96286010742188,55.803634643554688,
2022-12-06,33.095935821533203,21.673593521118164,374.52865600585938,54.800678253173828,
2022-12-07,33.119110107421875,21.610773086547852,373.80923461914062,54.590309143066406,
2022-12-08,33.495529174804688,21.883001327514648,376.74398803710938,55.211643218994141,
2022-12-09,33.211765289306641,21.799238204956055,373.96066284179688,54.798233032226562,
2022-12-12,33.709796905517578,22.141267776489258,379.20541381835938,55.612838745117188,
2022-12-13,33.981975555419922,22.420476913452148,382.2327880859375,56.125877380371094,
2022-12-14,33.866153717041016,22.301815032958984,379.94143676757812,55.767818450927734,
2022-12-15,32.891910552978516,21.533990859985352,370.52850341796875,54.090362548828125,
2022-12-16,32.387886047363281,21.303644180297852,366.00262451171875,53.435573577880859,
2022-12-19,32.085475921630859,20.912750244140625,362.96005249023438,52.748893737792969,
2022-12-20,32.103256225585938,21.003494262695312,363.37838745117188,52.744007110595703,
2022-12-21,32.684371948242188,21.380424499511719,368.79800415039062,53.585178375244141,
2022-12-22,32.346382141113281,21.059335708618164,363.7777099609375,52.567424774169922,
2022-12-23,32.488689422607422,21.143096923828125,365.6697998046875,52.758716583251953,
2022-12-27,32.459041595458984,20.961612701416016,364.2625732421875,52.253520965576172,
2022-12-28,32.067684173583984,20.69636344909668,359.8414306640625,51.566841125488281,
2022-12-29,32.595424652099609,21.303644180297852,366.069091796875,52.687587738037109,
2022-12-30,32.417533874511719,21.261760711669922,365.30853271484375,52.540447235107422,
2023-01-03,32.429397583007812,21.345523834228516,363.711181640625,52.143154144287109,
2023-01-04,32.57763671875,21.547950744628906,366.54458618164062,52.32708740234375,
2023-01-05,32.073612213134766,21.087255477905273,362.3800048828125,51.481006622314453,
2023-01-06,32.826679229736328,21.443246841430664,370.65203857421875,52.702312469482422,
2023-01-09,32.773311614990234,21.729434967041016,370.39535522460938,52.976978302001953,
2023-01-10,32.826679229736328,21.931861877441406,373.05752563476562,53.369358062744141,
2023-01-11,33.2476806640625,22.434438705444336,377.70703125,54.313541412353516,
2023-01-12,33.229896545410156,22.581024169921875,379.18075561523438,54.546520233154297,
2023-01-13,33.283267974853516,22.727609634399414,380.6734619140625,54.845710754394531,
2023-01-17,33.087593078613281,22.678747177124023,379.96990966796875,54.931549072265625,
2023-01-18,32.619140625,22.420476913452148,373.97982788085938,54.217891693115234,
2023-01-19,32.435325622558594,22.28785514831543,371.317626953125,53.737216949462891,
2023-01-20,32.968986511230469,23.05567741394043,378.13494873046875,55.034549713134766,
2023-01-23,33.170600891113281,23.418649673461914,382.62271118164062,55.912513732910156,
2023-01-24,33.075725555419922,23.265087127685547,382.36593627929688,55.784988403320312,
2023-01-25,32.933414459228516,23.202264785766602,382.4324951171875,55.723674774169922,
2023-01-26,33.081668853759766,23.57221794128418,386.63507080078125,56.520706176757812,
2023-01-27,33.123165130615234,23.746719360351562,387.59536743164062,56.944976806640625,
2023-01-30,32.797035217285156,23.355829238891602,382.67022705078125,55.995891571044922,
2023-01-31,33.283267974853516,23.746719360351562,388.222900390625,56.915542602539062,
2023-02-01,33.751708984375,24.228355407714844,392.36843872070312,57.911224365234375,
2023-02-02,34.131214141845703,24.989200592041016,398.06381225585938,59.316455841064453,
2023-02-03,33.722064971923828,24.360980987548828,393.96575927734375,58.502250671386719,
2023-02-06,33.443374633789062,24.03291130065918,391.54122924804688,58.058368682861328,
2023-02-07,33.757644653320312,24.423803329467773,396.5994873046875,59.014812469482422,
2023-02-08,33.342567443847656,23.977066040039062,392.27334594726562,58.264366149902344,
2023-02-09,33.040153503417969,23.760683059692383,388.94552612304688,57.830299377441406,
2023-02-10,33.140953063964844,23.488454818725586,389.79168701171875,57.599769592285156,
2023-02-13,33.526382446289062,23.921226501464844,394.37469482421875,58.423786163330078,
2023-02-14,33.324779510498047,23.970088958740234,394.16543579101562,58.671478271484375,
2023-02-15,33.473014831542969,24.23533821105957,395.42044067382812,59.088386535644531,
2023-02-16,33.069797515869141,23.816522598266602,390.09597778320312,58.033851623535156,
2023-02-17,33.063869476318359,23.502410888671875,389.01211547851562,57.707679748535156,
2023-02-21,32.429397583007812,22.950977325439453,381.30108642578125,56.385826110839844,
2023-02-22,32.393817901611328,22.943994522094727,380.65444946289062,56.432415008544922,
2023-02-23,32.464973449707031,22.950977325439453,382.66070556640625,56.903282165527344,
2023-02-24,32.115123748779297,22.315774917602539,378.52459716796875,56.020412445068359,
2023-02-27,32.121047973632812,22.41349983215332,379.84634399414062,56.376018524169922,
2023-02-28,32.002464294433594,22.476320266723633,378.39163208007812,56.238685607910156,
2023-03-01,31.818630218505859,22.301815032958984,377.04141235351562,55.902694702148438,
2023-03-02,32.121047973632812,22.713649749755859,380.0079345703125,56.351490020751953,
2023-03-03,32.583572387695312,23.202264785766602,386.10260009765625,57.393772125244141,
2023-03-06,32.660655975341797,23.209243774414062,386.53997802734375,57.486957550048828,
2023-03-07,32.227787017822266,22.950977325439453,380.44537353515625,56.738971710205078,
2023-03-08,32.298938751220703,22.97889518737793,381.11093139648438,56.932704925537109,
2023-03-09,31.925361633300781,22.518199920654297,374.05587768554688,55.934581756591797,
2023-03-10,31.534013748168945,21.945823669433594,368.79800415039062,54.968330383300781,
2023-03-13,31.664464950561523,22.169189453125,368.02786254882812,55.289600372314453,
2023-03-14,32.091400146484375,22.581024169921875,374.217529296875,56.363758087158203,
2023-03-15,32.097328186035156,22.59498405456543,371.9166259765625,56.297534942626953,
2023-03-16,32.594490051269531,23.202264785766602,378.31549072265625,57.572784423828125,
2023-03-17,32.422027587890625,23.062660217285156,373.82778930664062,57.217189788818359,
2023-03-20,32.636116027832031,23.013797760009766,377.53591918945312,57.501670837402344,
2023-03-21,32.975082397460938,23.509393692016602,382.44204711914062,58.369823455810547,
2023-03-22,32.493392944335938,23.034738540649414,376.03359985351562,57.513931274414062,
2023-03-23,32.778839111328125,23.334888458251953,376.98638916015625,57.963222503662109,
2023-03-24,33.004814147949219,23.390727996826172,379.47845458984375,58.181972503662109,
2023-03-27,32.903724670410156,23.341867446899414,380.13720703125,57.997642517089844,
2023-03-28,32.814517974853516,23.18132209777832,379.43069458007812,57.7838134765625,
2023-03-29,33.236740112304688,23.57221794128418,384.92071533203125,58.668628692626953,
2023-03-30,33.438938140869141,23.767660140991211,387.05947875976562,59.096290588378906,
2023-03-31,33.908729553222656,24.249298095703125,392.49212646484375,60.052394866943359,
2023-04-03,34.015777587890625,24.207414627075195,393.8861083984375,60.133499145507812,
2023-04-04,33.914676666259766,24.242317199707031,391.87155151367188,59.895088195800781,
2023-04-05,33.902786254882812,24.004989624023438,390.9454345703125,59.354366302490234,
2023-04-06,34.075244903564453,24.074792861938477,392.42529296875,59.710750579833984,
2023-04-10,33.997928619384766,24.046871185302734,392.87408447265625,59.720584869384766,
2023-04-11,34.063350677490234,23.942165374755859,392.86453247070312,59.514125823974609,
2023-04-12,33.956310272216797,23.774642944335938,391.3941650390625,59.170028686523438,
2023-04-13,34.402317047119141,24.360980987548828,396.49264526367188,60.231822967529297,
2023-04-14,34.229862213134766,24.214395523071289,395.51873779296875,60.032722473144531,
2023-04-17,34.277439117431641,24.242317199707031,396.97958374023438,60.148239135742188,
2023-04-18,34.212013244628906,24.228355407714844,397.208740234375,60.207233428955078,
2023-04-19,34.170391082763672,24.270238876342773,397.1800537109375,60.256397247314453,
2023-04-20,34.229862213134766,24.116672515869141,394.9554443359375,59.939327239990234,
2023-04-21,34.295276641845703,24.256277084350586,395.17514038085938,59.98602294921875,
2023-04-24,34.307167053222656,24.221378326416016,395.67156982421875,59.939327239990234,
2023-04-25,33.861156463623047,23.593154907226562,389.3890380859375,58.818553924560547,
2023-04-26,33.783851623535156,23.711820602416992,387.80413818359375,59.017642974853516,
2023-04-27,34.354740142822266,24.144594192504883,395.49969482421875,60.219516754150391,
2023-04-28,34.669918060302734,24.26325798034668,398.7745361328125,60.666858673095703,
2023-05-01,34.705608367919922,24.088752746582031,398.48818969726562,60.666858673095703,
2023-05-02,34.455841064453125,23.844442367553711,394.02932739257812,60.123672485351562,
2023-05-03,34.164447784423828,23.732759475708008,391.19366455078125,59.823810577392578,
2023-05-04,33.962261199951172,23.621076583862305,388.462890625,59.499382019042969,
2023-05-05,34.384475708007812,24.018949508666992,395.56649780273438,60.740585327148438,
2023-05-08,34.372573852539062,24.088752746582031,395.77655029296875,60.841354370117188,
2023-05-09,34.212013244628906,24.025928497314453,394.16299438476562,60.570991516113281,
2023-05-10,34.443939208984375,24.26325798034668,395.8243408203125,61.1436767578125,
2023-05-11,34.432052612304688,24.360980987548828,395.23239135742188,61.195289611816406,
2023-05-12,34.50341796875,24.200435638427734,394.71673583984375,61.057647705078125,
2023-05-15,34.491523742675781,24.298160552978516,396.02487182617188,61.278846740722656,
2023-05-16,34.319057464599609,24.333061218261719,393.38006591796875,61.131381988525391,
2023-05-17,34.515308380126953,24.709993362426758,398.15402221679688,61.858898162841797,
2023-05-18,34.771022796630859,25.212568283081055,402.0113525390625,62.756019592285156,
2023-05-19,34.7115478515625,25.059003829956055,401.42889404296875,62.601173400878906,
2023-05-22,34.687770843505859,25.121828079223633,401.54342651367188,62.669994354248047,
2023-05-23,34.241756439208984,24.689050674438477,397.1514892578125,61.787624359130859,
2023-05-24,33.902786254882812,24.709993362426758,394.17257690429688,61.428779602050781,
2023-05-25,33.968196868896484,24.821676254272461,397.64797973632812,62.547103881835938,
2023-05-26,34.301223754882812,25.408016204833984,402.87066650390625,63.675254821777344,
2023-05-30,34.140655517578125,25.498756408691406,402.947021484375,63.842376708984375,
2023-05-31,34.122821807861328,25.505739212036133,400.46453857421875,63.510574340820312,
2023-06-01,34.372573852539062,25.750045776367188,404.5892333984375,64.228256225585938,
2023-06-02,34.84832763671875,26.071134567260742,410.3560791015625,65.02459716796875,
2023-06-05,34.788856506347656,26.08509635925293,409.64956665039062,64.958251953125,
2023-06-06,34.771022796630859,26.133956909179688,410.51840209960938,64.997566223144531,
2023-06-07,34.527194976806641,25.526679992675781,409.16696166992188,64.153533935546875,
2023-06-08,34.6630859375,25.757028579711914,411.53265380859375,64.751670837402344,
2023-06-09,34.722690582275391,25.903610229492188,412.35635375976562,64.978118896484375,
2023-06-12,35.020683288574219,26.343364715576172,416.10128784179688,65.906089782714844,
2023-06-13,35.169685363769531,26.455049514770508,418.8212890625,66.319625854492188,
2023-06-14,35.259082794189453,26.496929168701172,419.30978393554688,66.5682373046875,
2023-06-15,35.747795104980469,26.936683654785156,424.49124145507812,67.427284240722656,
2023-06-16,35.652435302734375,26.69935417175293,422.97799682617188,67.021133422851562,
2023-06-20,35.473644256591797,26.608612060546875,420.97625732421875,66.907928466796875,
2023-06-21,35.348484039306641,26.329404830932617,418.7542724609375,66.302398681640625,
2023-06-22,35.503440856933594,26.62257194519043,420.26754760742188,66.888214111328125,
2023-06-23,35.193523406982422,26.420145034790039,417.06854248046875,66.275321960449219,
2023-06-26,35.062408447265625,26.106037139892578,415.3062744140625,65.559036254882812,
2023-06-27,35.431922912597656,26.322422027587891,419.90359497070312,66.5682373046875,
2023-06-28,35.396167755126953,26.420145034790039,420.03765869140625,66.696235656738281,
2023-06-29,35.557079315185547,26.434104919433594,421.71380615234375,66.765144348144531,
2023-06-30,35.902755737304688,26.79010009765625,426.88565063476562,67.734962463378906,
2023-07-03,35.712032318115234,26.776138305664062,427.49862670898438,67.66851806640625,
2023-07-05,35.640522003173828,26.831979751586914,426.7611083984375,67.75958251953125,
2023-07-06,35.414039611816406,26.503911972045898,423.26535034179688,67.306671142578125,
2023-07-07,35.139881134033203,26.475988388061523,422.18301391601562,67.011306762695312,
2023-07-10,35.342525482177734,26.587671279907227,423.30364990234375,67.070388793945312,
2023-07-11,35.461723327636719,26.86688232421875,426.148193359375,67.402664184570312,
2023-07-12,35.664360046386719,27.104209899902344,429.34710693359375,68.096817016601562,
2023-07-13,35.926601409912109,27.536983489990234,433.00579833984375,68.970649719238281,
2023-07-14,36.164997100830078,27.613767623901367,432.57476806640625,69.147872924804688,
2023-07-17,36.224586486816406,27.718467712402344,434.18380737304688,69.662315368652344,
2023-07-18,36.403396606445312,27.941835403442383,437.33486938476562,70.245674133300781,
2023-07-19,36.409347534179688,28.046539306640625,438.13946533203125,70.24322509765625,
2023-07-20,36.23651123046875,27.362478256225586,435.40975952148438,68.970649719238281,
2023-07-21,36.391471862792969,27.502084732055664,435.40020751953125,68.756492614746094,
2023-07-24,36.468948364257812,27.530000686645508,437.32528686523438,68.985404968261719,
2023-07-25,36.653709411621094,27.606784820556641,438.50341796875,69.379234313964844,
2023-07-26,36.671592712402344,27.599803924560547,438.54168701171875,69.2315673828125,
2023-07-27,36.385517120361328,27.362478256225586,435.70669555664062,68.83770751953125,
2023-07-28,36.653709411621094,27.788272857666016,439.82513427734375,69.923225402832031,
2023-07-31,36.600070953369141,27.997678756713867,440.74447631835938,70.063545227050781,
2023-08-01,36.522594451904297,27.899955749511719,439.51858520507812,69.866607666015625,
2023-08-02,36.170951843261719,27.299655914306641,433.37930297851562,68.512809753417969,
2023-08-03,36.123275756835938,27.062328338623047,432.13427734375,68.320793151855469,
2023-08-04,35.872959136962891,27.062328338623047,430.12289428710938,67.990959167480469,
2023-08-07,36.266315460205078,27.641683578491211,433.92526245117188,68.485733032226562,
2023-08-08,36.075592041015625,27.376438140869141,432.10546875,68.158340454101562,
2023-08-09,35.956394195556641,27.09722900390625,429.18426513671875,67.451904296875,
2023-08-10,36.010028839111328,27.17401123046875,429.37591552734375,67.545440673828125,
2023-08-11,35.986202239990234,27.048366546630859,429.11724853515625,67.262382507324219,
2023-08-14,36.159038543701172,27.327577590942383,431.41595458984375,67.993431091308594,
2023-08-15,35.801437377929688,26.964605331420898,426.53134155273438,67.346054077148438,
2023-08-16,35.664360046386719,26.692377090454102,423.34194946289062,66.789764404296875,
2023-08-17,35.390193939208984,26.434104919433594,420.08554077148438,66.0587158203125,
2023-08-18,35.366359710693359,26.343364715576172,420.16217041015625,65.972557067871094,
2023-08-21,35.360401153564453,26.552770614624023,422.99716186523438,66.866081237792969,
2023-08-22,35.312717437744141,26.636533737182617,421.79037475585938,66.81439208984375,
2023-08-23,35.652435302734375,27.00648307800293,426.44512939453125,67.798988342285156,
2023-08-24,35.3067626953125,26.455049514770508,420.71768188476562,66.553459167480469,
2023-08-25,35.694156646728516,26.811040878295898,423.72503662109375,67.08514404296875,
2023-08-28,35.855079650878906,26.936683654785156,426.28228759765625,67.552833557128906,
2023-08-29,36.313995361328125,27.390398025512695,432.44076538085938,68.857406616210938,
2023-08-30,36.439151763916016,27.557924270629883,434.33709716796875,69.307868957519531,
2023-08-31,36.23651123046875,27.655647277832031,433.57089233398438,69.39154052734375,
2023-09-01,36.361671447753906,27.80223274230957,434.49029541015625,69.411247253417969,
2023-09-05,36.230556488037109,27.809213638305664,432.62271118164062,69.467864990234375,
2023-09-06,36.045795440673828,27.718467712402344,429.61532592773438,68.758964538574219,
2023-09-07,36.004077911376953,27.746389389038086,428.42770385742188,68.50048828125,
2023-09-08,35.986202239990234,27.75337028503418,428.95440673828125,68.532493591308594,
2023-09-11,36.170951843261719,27.962778091430664,431.8564453125,69.275863647460938,
2023-09-12,35.902755737304688,27.585844039916992,429.51953125,68.493118286132812,
2023-09-13,35.974273681640625,27.599803924560547,429.9217529296875,68.704803466796875,
2023-09-14,36.198429107666016,27.599803924560547,433.76239013671875,69.157699584960938,
2023-09-15,35.791969299316406,27.187973022460938,428.1690673828125,68.07958984375,
2023-09-18,35.851737976074219,27.146089553833008,428.9066162109375,68.133735656738281,
2023-09-19,35.768062591552734,27.048366546630859,427.94882202148438,68.008186340332031,
2023-09-20,35.493099212646484,26.692377090454102,423.89739990234375,67.072830200195312,
2023-09-21,34.949176788330078,26.036233901977539,416.95364379882812,65.837181091308594,
2023-09-22,34.979057312011719,25.98039436340332,415.95755004882812,65.765785217285156,
2023-09-25,35.032859802246094,26.133956909179688,417.6815185546875,66.110404968261719,
2023-09-26,34.465015411376953,25.666282653808594,411.56906127929688,65.058319091796875,
2023-09-27,34.399261474609375,25.680244445800781,411.67483520507812,65.171768188476562,
2023-09-28,34.506858825683594,25.750045776367188,414.0802001953125,65.655136108398438,
2023-09-29,34.554679870605469,25.750045776367188,413.17581176757812,65.598411560058594,
2023-10-02,34.692153930664062,26.022274017333984,413.031494140625,66.158233642578125,
2023-10-03,34.327541351318359,25.47083854675293,407.52798461914062,64.974464416503906,
2023-10-04,34.674213409423828,25.784944534301758,410.41439819335938,65.862297058105469,
2023-10-05,34.572605133056641,25.70118522644043,410.22198486328125,65.867233276367188,
2023-10-06,34.919281005859375,26.140939712524414,415.04238891601562,66.952377319335938,
2023-10-09,35.056766510009766,26.210739135742188,417.77490234375,67.277908325195312,
2023-10-10,35.212177276611328,26.266582489013672,419.958984375,67.600967407226562,
2023-10-11,35.194244384765625,26.399206161499023,421.73886108398438,68.146003723144531,
2023-10-12,34.913311004638672,26.231681823730469,419.20852661132812,67.803199768066406,
2023-10-13,34.811695098876953,26.00831413269043,417.005126953125,67.147178649902344,
2023-10-16,35.194244384765625,26.308462142944336,421.34451293945312,67.911705017089844,
2023-10-17,35.200222015380859,26.36430549621582,421.46957397460938,67.739089965820312,
2023-10-18,34.883426666259766,25.917570114135742,415.94680786132812,66.720550537109375,
2023-10-19,34.716060638427734,26.092077255249023,412.17520141601562,66.165626525878906,
2023-10-20,34.315578460693359,25.694204330444336,407.10467529296875,65.230964660644531,
2023-10-23,34.243862152099609,25.736085891723633,406.39263916015625,65.403579711914062,
2023-10-24,34.411212921142578,25.987373352050781,409.4522705078125,65.993026733398438,
2023-10-25,33.927055358886719,25.26142692565918,403.63131713867188,64.621788024902344,
2023-10-26,33.544513702392578,24.842615127563477,398.76278686523438,63.366512298583984,
2023-10-27,33.311397552490234,24.919399261474609,396.93472290039062,63.497222900390625,
2023-10-30,33.765678405761719,25.456876754760742,401.64923095703125,64.389991760253906,
2023-10-31,34.058563232421875,25.652322769165039,404.0450439453125,64.641532897949219,
2023-11-01,34.160171508789062,25.966434478759766,408.46127319335938,65.647735595703125,
2023-11-02,34.943195343017578,26.371286392211914,416.33163452148438,66.841377258300781,
2023-11-03,35.206199645996094,26.720294952392578,420.0648193359375,67.485069274902344,
2023-11-06,35.313785552978516,26.769157409667969,421.07504272460938,67.874725341796875,
2023-11-07,35.511039733886719,27.104209899902344,422.191162109375,68.520866394042969,
2023-11-08,35.666446685791016,27.146089553833008,422.53750610351562,68.802017211914062,
2023-11-09,35.373565673828125,26.880840301513672,419.35284423828125,68.197792053222656,
2023-11-10,35.851737976074219,27.348518371582031,425.91470336914062,69.514739990234375,
2023-11-13,35.756107330322266,27.250795364379883,425.42404174804688,69.43829345703125,
2023-11-14,36.258201599121094,27.781290054321289,433.76583862304688,70.816902160644531,
2023-11-15,36.389701843261719,27.809213638305664,434.64132690429688,70.819358825683594,
2023-11-16,36.640750885009766,27.920896530151367,435.18014526367188,71.01171875,
2023-11-17,36.527168273925781,27.934856414794922,435.64202880859375,70.987068176269531,
2023-11-20,36.754310607910156,28.276884078979492,439.14422607421875,71.734329223632812,
2023-11-21,36.790176391601562,28.200103759765625,438.13394165039062,71.522232055664062,
2023-11-22,37.005359649658203,28.395549774169922,439.7984619140625,71.847755432128906,
2023-11-24,36.999382019042969,28.423473358154297,440.12557983398438,71.761436462402344,
2023-11-27,36.90374755859375,28.41649055480957,439.30776977539062,71.677597045898438,
2023-11-28,36.90374755859375,28.41649055480957,439.68301391601562,71.845298767089844,
2023-11-29,36.873855590820312,28.500255584716797,439.48098754882812,71.702255249023438,
2023-11-30,37.07708740234375,28.660799026489258,441.0684814453125,71.731842041015625,
2023-12-01,37.226512908935547,28.863225936889648,443.67596435546875,72.005607604980469,
2023-12-04,37.071109771728516,28.549116134643555,441.48226928710938,71.396453857421875,
2023-12-05,37.041217803955078,28.577035903930664,441.385986328125,71.754043579101562,
2023-12-06,36.933628082275391,28.4583740234375,439.55795288085938,71.324935913085938,
2023-12-07,37.100994110107422,28.75153923034668,442.93508911132812,72.168357849121094,
2023-12-08,37.118923187255859,28.870204925537109,444.84976196289062,72.530899047851562,
2023-12-11,37.399860382080078,28.981887817382812,446.58160400390625,72.614753723144531,
2023-12-12,37.597110748291016,29.177333831787109,448.7945556640625,73.179519653320312,
2023-12-13,37.94378662109375,29.498422622680664,454.94271850585938,74.057487487792969,
2023-12-14,37.622573852539062,29.107534408569336,456.36669921875,73.897186279296875,
2023-12-15,37.552043914794922,29.247138977050781,455.59701538085938,74.143791198730469,
2023-12-18,37.718753814697266,29.575206756591797,458.12744140625,74.629638671875,
2023-12-19,37.789276123046875,29.714811325073242,460.7733154296875,74.972442626953125,
2023-12-20,37.353294372558594,29.365800857543945,454.17050170898438,74.014633178710938,
2023-12-21,37.73797607421875,29.700851440429688,458.77847290039062,74.760910034179688,
2023-12-22,37.705921173095703,29.624069213867188,459.6575927734375,74.82269287109375,
2023-12-26,37.814922332763672,29.658971786499023,461.63790893554688,75.084625244140625,
2023-12-27,37.853382110595703,29.645011901855469,462.5169677734375,75.153816223144531,
2023-12-28,37.911090850830078,29.686891555786133,462.72955322265625,75.173583984375,
2023-12-29,37.879032135009766,29.686891555786133,461.40609741210938,74.916595458984375,
2024-01-02,37.564872741699219,29.163373947143555,458.75912475585938,73.804595947265625,
2024-01-03,37.269943237304688,28.877185821533203,455.01095581054688,73.083030700683594,
2024-01-04,37.135295867919922,28.7655029296875,453.61026000976562,72.756843566894531,
2024-01-05,37.03912353515625,28.786445617675781,454.15115356445312,72.840873718261719,
2024-01-08,37.507167816162109,29.393722534179688,460.40142822265625,74.333412170410156,
2024-01-09,37.519989013671875,29.526346206665039,459.96670532226562,74.545936584472656,
2024-01-10,37.750804901123047,29.819517135620117,462.54598999023438,75.316902160644531,
2024-01-11,37.757217407226562,30.028923034667969,462.29483032226562,75.423179626464844,
2024-01-12,37.885448455810547,30.077783584594727,462.69094848632812,75.507186889648438,
2024-01-16,37.750804901123047,29.861396789550781,461.08731079101562,75.403404235839844,
2024-01-17,37.648220062255859,29.80555534362793,458.49835205078125,75.05743408203125,
2024-01-18,38.013671875,30.119667053222656,462.4300537109375,76.068122863769531,
2024-01-19,38.334251403808594,30.503578186035156,468.21658325195312,77.155418395996094,
2024-01-22,38.449661254882812,30.49659538269043,469.23098754882812,77.402534484863281,
2024-01-23,38.597122192382812,30.566400527954102,470.68966674804688,77.597747802734375,
2024-01-24,38.520183563232422,30.754867553710938,471.04708862304688,77.891815185546875,
2024-01-25,38.55865478515625,30.915412902832031,473.6746826171875,77.99066162109375,
2024-01-26,38.55865478515625,31.089916229248047,473.18194580078125,77.896751403808594,
2024-01-29,38.763820648193359,31.564573287963867,476.90130615234375,78.72210693359375,
2024-01-30,38.712532043457031,31.411006927490234,476.5438232421875,78.408271789550781,
2024-01-31,38.295780181884766,30.768827438354492,468.718994140625,76.742744445800781,
2024-02-01,38.699699401855469,31.201601028442383,474.940185546875,77.874519348144531,
2024-02-02,38.770229339599609,31.67625617980957,479.83795166015625,79.416481018066406,
2024-02-05,38.770229339599609,31.557590484619141,478.234375,79.344818115234375,
2024-02-06,38.763820648193359,31.515710830688477,479.52890014648438,79.438735961914062,
2024-02-07,39.039508819580078,31.801898956298828,483.42193603515625,80.456817626953125,
2024-02-08,39.180557250976562,31.746057510375977,483.74072265625,80.597679138183594,
2024-02-09,39.340847015380859,32.143932342529297,486.54220581054688,81.418083190917969,
2024-02-12,39.27032470703125,31.885662078857422,486.28140258789062,81.037528991699219,
2024-02-13,38.789463043212891,31.376108169555664,479.75103759765625,79.8736572265625,
2024-02-14,39.12286376953125,31.808879852294922,484.03048706054688,80.8299560546875,
2024-02-15,39.263916015625,31.871702194213867,487.21847534179688,80.970809936523438,
2024-02-16,39.097209930419922,31.515710830688477,484.9000244140625,80.464225769042969,
2024-02-20,38.988224029541016,31.201601028442383,482.20474243164062,79.658645629882812,
2024-02-21,39.077983856201172,31.243478775024414,482.63943481445312,79.4486083984375,
2024-02-22,39.661426544189453,31.997344970703125,492.724853515625,81.862876892089844,
2024-02-23,39.757598876953125,32.053184509277344,493.0050048828125,81.776390075683594,
2024-02-26,39.507553100585938,31.976406097412109,491.15020751953125,81.598472595214844,
2024-02-27,39.507553100585938,31.955463409423828,492.01968383789062,81.704742431640625,
2024-02-28,39.347259521484375,31.885662078857422,491.40142822265625,81.395843505859375,
2024-02-29,39.424198150634766,32.129966735839844,493.111328125,81.828292846679688,
2024-03-01,39.507553100585938,32.339378356933594,497.88345336914062,82.819183349609375,
2024-03-04,39.295974731445312,32.122989654541016,497.294189453125,82.475723266601562,
2024-03-05,38.706123352050781,31.452890396118164,492.27084350585938,81.168487548828125,
2024-03-06,38.885639190673828,31.536651611328125,494.93704223632812,81.605888366699219,
2024-03-07,39.161334991455078,31.93452262878418,499.85418701171875,82.710479736328125,
2024-03-08,39.065158843994141,31.829818725585938,496.82077026367188,81.76898193359375,
2024-03-11,39.193389892578125,31.773979187011719,496.57928466796875,81.400787353515625,
2024-03-12,39.494731903076172,32.248634338378906,501.75729370117188,82.779655456542969,
2024-03-13,39.360088348388672,32.185810089111328,500.9554443359375,82.450996398925781,
2024-03-14,39.367156982421875,32.353336334228516,499.86383056640625,82.512794494628906,
2024-03-15,39.033046722412109,31.655313491821289,495.79684448242188,81.568824768066406,
2024-03-18,39.232219696044922,31.878679275512695,499.29388427734375,82.278030395507812,
2024-03-19,39.495655059814453,32.067150115966797,502.18231201171875,82.814262390136719,
2024-03-20,39.746238708496094,32.311458587646484,506.84829711914062,83.735969543457031,
2024-03-21,39.540630340576172,32.248634338378906,508.413330078125,83.808723449707031,
2024-03-22,39.309329986572266,32.122989654541016,507.73495483398438,83.882965087890625,
2024-03-25,39.020198822021484,31.990365982055664,506.14566040039062,83.558822631835938,
2024-03-26,38.975215911865234,31.969425201416016,505.07955932617188,83.269309997558594,
2024-03-27,39.412132263183594,31.98338508605957,509.47930908203125,83.613250732421875,
2024-03-28,39.508510589599609,32.011306762695312,509.48910522460938,83.397979736328125,
2024-04-01,39.257926940917969,32.011306762695312,508.66534423828125,83.348495483398438,
2024-04-02,38.788890838623047,31.760019302368164,505.34133911132812,82.621047973632812,
2024-04-03,38.647533416748047,31.815862655639648,505.90335083007812,82.846206665039062,
2024-04-04,38.236320495605469,31.417984008789062,499.68170166015625,81.683265686035156,
2024-04-05,38.583274841308594,31.941501617431641,504.8955078125,82.814033508300781,
2024-04-08,38.698928833007812,31.962446212768555,505.03115844726562,82.823944091796875,
2024-04-09,38.904541015625,32.074127197265625,505.66116333007812,82.910545349121094,
2024-04-10,38.339130401611328,31.760019302368164,500.75741577148438,82.306800842285156,
2024-04-11,38.467624664306641,32.032245635986328,504.50787353515625,83.479644775390625,
2024-04-12,38.024288177490234,32.032245635986328,497.45272827148438,82.301856994628906,
2024-04-15,37.741584777832031,30.978233337402344,491.28924560546875,80.913734436035156,
2024-04-16,37.780132293701172,31.103878021240234,490.34918212890625,80.91619873046875,
2024-04-17,37.792984008789062,30.929372787475586,487.50003051757812,80.228347778320312,
2024-04-18,37.696605682373047,30.761846542358398,486.37588500976562,79.7928466796875,
2024-04-19,37.587375640869141,30.287189483642578,482.16024780273438,78.226593017578125,
2024-04-22,37.780132293701172,30.489618301391602,486.60842895507812,79.006011962890625,
2024-04-23,38.082111358642578,30.97125244140625,492.4715576171875,80.176376342773438,
2024-04-24,38.307003021240234,30.859567642211914,492.2777099609375,80.19122314453125,
2024-04-25,38.191349029541016,30.580360412597656,490.19415283203125,79.686454772949219,
2024-04-26,38.59613037109375,31.096895217895508,494.9912109375,81.156227111816406,
2024-04-29,38.583274841308594,30.936349868774414,496.7550048828125,81.265090942382812,
2024-04-30,38.082111358642578,30.28021240234375,488.85671997070312,79.881927490234375,
2024-05-01,37.773704528808594,30.384912490844727,487.32559204101562,79.592430114746094,
2024-05-02,38.043563842773438,30.706005096435547,491.783447265625,80.574760437011719,
2024-05-03,38.441925048828125,31.006153106689453,497.9664306640625,82.02471923828125,
2024-05-06,38.686084747314453,31.341205596923828,503.151123046875,83.098587036132812,
2024-05-07,38.981636047363281,31.445907592773438,503.80035400390625,83.0565185546875,
2024-05-08,38.859565734863281,31.376108169555664,503.75201416015625,82.937751770019531,
2024-05-09,39.033046722412109,31.376108169555664,506.51382446289062,83.192604064941406,
2024-05-10,39.135848999023438,31.376108169555664,507.2213134765625,83.303962707519531,
2024-05-13,39.161552429199219,31.417984008789062,507.39584350585938,83.350967407226562,
2024-05-14,39.290050506591797,31.397045135498047,509.71200561523438,83.774101257324219,
2024-05-15,39.771945953369141,31.746057510375977,516.03057861328125,85.125083923339844,
2024-05-16,39.906867980957031,31.669273376464844,514.81915283203125,84.857864379882812,
2024-05-17,39.990406036376953,31.753040313720703,515.69122314453125,84.838043212890625,
2024-05-20,40.035373687744141,31.836801528930664,516.29217529296875,85.298286437988281,
2024-05-21,40.061073303222656,31.815862655639648,517.552001953125,85.483863830566406,
2024-05-22,40.221706390380859,31.780956268310547,516.0789794921875,85.167152404785156,
2024-05-23,39.701259613037109,31.473827362060547,512.3092041015625,84.932083129882812,
2024-05-24,39.566337585449219,31.313283920288086,515.7108154296875,85.619949340820312,
2024-05-28,39.296474456787109,31.208578109741211,516.1080322265625,85.99853515625,
2024-05-29,38.943092346191406,31.068975448608398,512.41571044921875,85.602630615234375,
2024-05-30,38.718208312988281,30.196447372436523,509.09173583984375,84.474334716796875,
2024-05-31,39.058742523193359,30.322092056274414,513.58837890625,84.694564819335938,
2024-06-03,38.955944061279297,30.398876190185547,513.90814208984375,85.139930725097656,
2024-06-04,39.212947845458984,30.594320297241211,514.6640625,85.409629821777344,
2024-06-05,39.482803344726562,30.929372787475586,520.82763671875,86.91156005859375,
2024-06-06,39.527786254882812,31.159719467163086,520.80828857421875,87.030326843261719,
2024-06-07,39.418556213378906,31.131795883178711,520.149169921875,86.91650390625,
2024-06-10,39.418556213378906,31.285362243652344,521.6998291015625,87.253028869628906,
2024-06-11,39.656288146972656,31.327245712280273,522.99359130859375,88.050933837890625,
2024-06-12,39.874748229980469,31.29234504699707,527.34814453125,89.205329895019531,
2024-06-13,39.792999267578125,31.034072875976562,528.456298828125,89.641319274902344,
2024-06-14,39.780120849609375,31.306301116943359,528.64093017578125,89.948509216308594,
2024-06-17,40.114841461181641,31.383085250854492,532.96649169921875,90.832878112792969,
2024-06-18,40.095535278320312,31.29234504699707,534.25927734375,90.996376037597656,
2024-06-20,40.134151458740234,31.585514068603516,532.6068115234375,90.377067565917969,
2024-06-21,40.372318267822266,31.899621963500977,531.702880859375,90.176399230957031,
2024-06-24,40.314384460449219,31.711156845092773,530.3419189453125,89.294509887695312,
2024-06-25,40.288639068603516,31.829818725585938,532.35400390625,90.295303344726562,
2024-06-26,40.243576049804688,32.004325866699219,533.17059326171875,90.773414611816406,
2024-06-27,40.340133666992188,32.262596130371094,533.94818115234375,90.971611022949219,
2024-06-28,40.024723052978516,31.93452262878418,531.9166259765625,90.29779052734375,
2024-07-01,39.941047668457031,32.053184509277344,533.0635986328125,91.14501953125,
2024-07-02,40.211395263671875,32.311458587646484,536.4658203125,91.898101806640625,
2024-07-03,40.295074462890625,32.248634338378906,538.81805419921875,92.693290710449219,
2024-07-05,40.55255126953125,32.583686828613281,542.1519775390625,93.63958740234375,
2024-07-08,40.449562072753906,32.318435668945312,542.7838134765625,93.74859619140625,
2024-07-09,40.314384460449219,32.116008758544922,543.28924560546875,93.874923706054688,
2024-07-10,40.558982849121094,32.192790985107422,548.46044921875,94.818740844726562,
2024-07-11,40.468868255615234,31.85774040222168,543.804443359375,92.809700012207031,
2024-07-12,40.867961883544922,32.039226531982422,547.2843017578125,93.349754333496094,
2024-07-15,40.970951080322266,32.129966735839844,548.81036376953125,93.63214111328125,
2024-07-16,41.473033905029297,32.346355438232422,552.06658935546875,93.505813598632812,
2024-07-17,41.260608673095703,31.955463409423828,544.35858154296875,90.857635498046875,
2024-07-18,40.951641082763672,31.466850280761719,540.05242919921875,90.14666748046875,
2024-07-19,40.842208862304688,31.404027938842773,536.53375244140625,89.599220275878906,
2024-07-22,41.254173278808594,31.704174041748047,542.1033935546875,91.006278991699219,
2024-07-23,41.073944091796875,31.808879852294922,541.199462890625,91.122703552246094,
2024-07-24,40.359439849853516,31.089916229248047,528.981201171875,87.664482116699219,
2024-07-25,40.159893035888672,31.131795883178711,526.1915283203125,86.772682189941406,
2024-07-26,40.584735870361328,31.390068054199219,532.07220458984375,87.498519897460938,
2024-07-29,40.752094268798828,31.376108169555664,532.441650390625,87.652114868164062,
2024-07-30,40.835777282714844,31.438928604125977,529.57421875,86.44073486328125,
2024-07-31,41.106124877929688,31.773979187011719,537.8363037109375,88.732177734375,
2024-08-01,40.861522674560547,31.606452941894531,530.7696533203125,87.121971130371094,
2024-08-02,40.64910888671875,30.754867553710938,520.77740478515625,85.246696472167969,
2024-08-05,39.406784057617188,29.728771209716797,505.6236572265625,82.249252319335938,
2024-08-06,39.805866241455078,30.091747283935547,510.42538452148438,83.324371337890625,
2024-08-07,39.670696258544922,29.910257339477539,506.89691162109375,82.402847290039062,
2024-08-08,40.301506042480469,30.51055908203125,518.638916015625,84.865211486816406,
2024-08-09,40.327255249023438,30.692043304443359,520.8551025390625,85.623260498046875,
2024-08-12,40.230709075927734,30.57337760925293,521.1077880859375,85.87591552734375,
2024-08-13,41.080371856689453,31.055015563964844,529.7783203125,87.842842102050781,
2024-08-14,41.106124877929688,31.124818801879883,531.5084228515625,88.117835998535156,
2024-08-15,41.550273895263672,31.704174041748047,540.60650634765625,89.978218078613281,
2024-08-16,41.5953369140625,31.669273376464844,541.831298828125,90.094657897949219,
2024-08-19,41.820625305175781,31.892642974853516,546.86627197265625,91.221817016601562,
2024-08-20,41.975109100341797,31.997344970703125,546.04986572265625,91.11279296875,
2024-08-21,42.142471313476562,32.0252685546875,548.1785888671875,91.494300842285156,
2024-08-22,41.923614501953125,31.683237075805664,543.5419921875,90.154106140136719,
2024-08-23,42.007293701171875,31.955463409423828,549.41290283203125,91.189590454101562,
2024-08-26,42.033042907714844,31.913581848144531,547.8577880859375,90.59259033203125,
2024-08-27,42.277645111083984,31.997344970703125,548.85882568359375,90.783332824707031,
2024-08-28,41.994419097900391,31.718135833740234,545.6512451171875,89.9039306640625,
2024-08-29,42.148910522460938,31.962446212768555,545.73883056640625,89.616554260253906,
2024-08-30,42.451438903808594,32.325416564941406,550.8905029296875,90.53314208984375,
2024-09-03,41.891433715820312,31.878679275512695,539.72198486328125,87.889915466308594,
2024-09-04,41.968673706054688,31.829818725585938,538.5943603515625,87.639717102050781,
2024-09-05,41.711196899414062,31.794919967651367,537.09759521484375,87.731369018554688,
2024-09-06,41.331417083740234,31.355165481567383,528.16473388671875,85.742149353027344,
2024-09-09,41.698326110839844,31.760019302368164,534.093994140625,86.797454833984375,
2024-09-10,41.942928314208984,32.10205078125,536.06719970703125,87.617431640625,
2024-09-11,42.131885528564453,32.444080352783203,541.85076904296875,89.467918395996094,
2024-09-12,42.228626251220703,32.667446136474609,546.43865966796875,90.461288452148438,
2024-09-13,42.518833160400391,32.625564575195312,549.23797607421875,90.884902954101562,
2024-09-16,42.512374877929688,32.702346801757812,550.15167236328125,90.57525634765625,
2024-09-17,42.299560546875,32.688388824462891,550.3558349609375,90.671852111816406,
2024-09-18,42.106086730957031,32.555763244628906,548.713134765625,90.359725952148438,
2024-09-19,42.557521820068359,33.037399291992188,558.12225341796875,92.4876708984375,
2024-09-20,42.454341888427734,33.030418395996094,556.955810546875,92.408409118652344,
2024-09-23,42.512374877929688,33.072299957275391,558.50140380859375,92.509963989257812,
2024-09-24,42.447887420654297,32.981555938720703,560.12457275390625,92.879066467285156,
2024-09-25,42.312458038330078,32.751209259033203,558.8023681640625,93.015037536621094,
2024-09-26,42.699398040771484,32.869873046875,561.193115234375,93.186210632324219,
2024-09-27,42.544620513916016,32.723289489746094,560.17822265625,92.694992065429688,
2024-09-30,42.763889312744141,32.855911254882812,562.86181640625,93.129158020019531,
2024-10-01,42.454341888427734,32.513881683349609,557.5435791015625,91.853950500488281,
2024-10-02,42.402744293212891,32.576702117919922,557.76812744140625,91.923416137695312,
2024-10-03,42.306007385253906,32.430118560791016,556.70440673828125,91.970550537109375,
2024-10-04,42.357601165771484,32.814033508300781,561.75909423828125,92.972862243652344,
2024-10-07,41.835227966308594,32.297492980957031,556.72393798828125,91.965606689453125,
2024-10-08,42.312458038330078,32.667446136474609,562.00299072265625,93.456649780273438,
2024-10-09,42.750999450683594,32.981555938720703,565.818359375,94.109115600585938,
2024-10-10,42.557521820068359,32.988536834716797,564.82305908203125,94.091743469238281,
2024-10-11,42.738094329833984,33.072299957275391,568.2579345703125,94.27783203125,
2024-10-14,43.176631927490234,33.267745971679688,572.9417724609375,95.161041259765625,
2024-10-15,42.802593231201172,33.093242645263672,568.39453125,94.253013610839844,
2024-10-16,42.841285705566406,33.114181518554688,570.921875,94.337364196777344,
2024-10-17,42.673606872558594,33.107200622558594,571.08770751953125,94.461418151855469,
2024-10-18,42.879974365234375,33.393390655517578,573.2442626953125,94.974967956542969,
2024-10-21,42.654258728027344,33.323589324951172,572.395263671875,95.312362670898438,
2024-10-22,42.538169860839844,33.281707763671875,571.9464111328125,95.396720886230469,
2024-10-23,42.344703674316406,32.848934173583984,566.7357177734375,93.942901611328125,
2024-10-24,42.177028656005859,32.821010589599609,567.94561767578125,94.582969665527344,
2024-10-25,42.067398071289062,32.821010589599609,567.81878662109375,94.962554931640625,
2024-10-28,42.177028656005859,32.869873046875,569.5264892578125,95.180885314941406,
2024-10-29,42.376949310302734,33.016456604003906,570.40472412109375,95.974784851074219,
2024-10-30,42.2608642578125,33.1002197265625,568.57012939453125,95.545578002929688,
2024-10-31,41.557918548583984,32.527839660644531,557.416748046875,92.77685546875,
2024-11-01,41.770729064941406,33.072299957275391,559.836669921875,93.483924865722656,
2024-11-04,41.641754150390625,32.932693481445312,558.714599609375,93.176292419433594,
2024-11-05,41.931957244873047,33.246807098388672,565.467041015625,94.473823547363281,
2024-11-06,42.499481201171875,34.028591156005859,579.5089111328125,96.912567138671875,
2024-11-07,43.002510070800781,34.46136474609375,584.02685546875,98.572319030761719,
2024-11-08,43.228229522705078,34.412502288818359,586.58349609375,98.897308349609375,
2024-11-11,43.247573852539062,34.607952117919922,587.03240966796875,98.860107421875,
2024-11-12,43.292720794677734,35.040721893310547,585.23675537109375,98.93701171875,
2024-11-13,43.36749267578125,35.298992156982422,585.67596435546875,98.832801818847656,
2024-11-14,43.029579162597656,34.943000793457031,581.802001953125,98.195213317871094,
2024-11-15,42.483173370361328,34.203094482421875,574.4151611328125,96.148445129394531,
2024-11-18,42.562263488769531,34.23101806640625,576.805908203125,96.523063659667969,
2024-11-19,42.303428649902344,34.419483184814453,578.8160400390625,97.599784851074219,
2024-11-20,42.339382171630859,34.433444976806641,579.0794677734375,97.441017150878906,
2024-11-21,42.691673278808594,34.468345642089844,582.04595947265625,97.679183959960938,
2024-11-22,42.799514770507812,34.593990325927734,583.96832275390625,97.778411865234375,
2024-11-25,43.23089599609375,34.838294982910156,585.6954345703125,97.825553894042969,
2024-11-26,43.396247863769531,35.194286346435547,589.14984130859375,98.733566284179688,
2024-11-27,43.360301971435547,34.977901458740234,587.2568359375,98.081100463867188,
2024-11-29,43.496898651123047,35.1314697265625,590.4281005859375,98.835296630859375,
2024-12-02,43.547229766845703,35.222209930419922,592.0284423828125,99.693687438964844,
2024-12-03,43.360301971435547,35.285030364990234,592.2723388671875,100.27919006347656,
2024-12-04,43.547229766845703,35.802997589111328,595.921875,101.70326232910156,
2024-12-05,43.245269775390625,35.707622528076172,594.97540283203125,101.6412353515625,
2024-12-06,43.259647369384766,36.155158996582031,596.0487060546875,102.40781402587891,
2024-12-09,43.108665466308594,36.089130401611328,592.974853515625,101.74045562744141,
2024-12-10,43.187755584716797,36.030437469482422,591.25762939453125,101.46508026123047,
2024-12-11,43.317161560058594,36.441287994384766,595.81451416015625,103.16700744628906,
2024-12-12,43.216510772705078,36.023097991943359,592.65289306640625,102.52938842773438,
2024-12-13,43.043964385986328,35.707622528076172,592.545654296875,102.72042083740234,
2024-12-16,43.115859985351562,35.891036987304688,595.07305908203125,103.93608093261719,
2024-12-17,43.029579162597656,35.810337066650391,592.48187255859375,103.57994842529297,
2024-12-18,41.936771392822266,34.599784851074219,575.06146240234375,100.06835174560547,
2024-12-19,41.987091064453125,34.746517181396484,574.64044189453125,100.07828521728516,
2024-12-20,42.310626983642578,35.025314331054688,581.00537109375,101.15859985351562,
2024-12-23,42.332199096679688,35.076667785644531,585.225830078125,102.18177032470703,
2024-12-24,42.698860168457031,35.414157867431641,591.80621337890625,103.49552154541016,
2024-12-26,42.684478759765625,35.370136260986328,591.52227783203125,103.34153747558594,
2024-12-27,42.339382171630859,34.959281921386719,585.1180419921875,101.84401702880859,
2024-12-30,41.864871978759766,34.555763244628906,578.70416259765625,100.62961578369141,
2024-12-31,41.778598785400391,34.416366577148438,576.45184326171875,99.7305908203125,
2025-01-02,41.455066680908203,34.298980712890625,575.24755859375,99.504608154296875,
2025-01-03,41.778598785400391,34.585109710693359,582.2586669921875,101.12877655029297,
2025-01-06,41.742652893066406,34.753852844238281,585.87200927734375,102.30841064453125,
2025-01-07,41.591663360595703,34.298980712890625,579.2818603515625,100.27944946289062,
2025-01-08,41.857681274414062,34.431041717529297,579.88897705078125,100.42596435546875,
2025-01-10,41.296897888183594,33.807422637939453,571.213134765625,98.8787841796875,
2025-01-13,41.404735565185547,33.792751312255859,572.04547119140625,98.51123046875,
2025-01-14,41.562904357910156,33.712047576904297,572.83843994140625,98.170982360839844,
2025-01-15,42.058990478515625,34.306316375732422,583.257568359375,100.55510711669922,
2025-01-16,42.015850067138672,34.291645050048828,582.26861572265625,99.847320556640625,
2025-01-17,42.174026489257812,34.475063323974609,587.7913818359375,101.07167053222656,
2025-01-21,42.598201751708984,34.959281921386719,593.118408203125,101.76206970214844,
2025-01-22,42.770755767822266,35.421489715576172,596.6435546875,103.21488189697266,
2025-01-23,42.871410369873047,35.670940399169922,599.97296142578125,103.62466430664062,
2025-01-24,42.756378173828125,35.692951202392578,598.20068359375,103.18509674072266,
2025-01-27,43.079906463623047,35.707622528076172,589.8575439453125,100.24468231201172,
2025-01-28,43.087100982666016,36.199180603027344,594.87109375,102.44253540039062,
2025-01-29,42.928928375244141,35.949733734130859,592.3448486328125,101.71239471435547,
2025-01-30,43.360301971435547,36.074455261230469,595.3118896484375,102.00296783447266,
2025-01-31,43.173374176025391,36.008426666259766,592.0999755859375,101.65032196044922,
2025-02-03,43.094287872314453,35.8616943359375,588.20269775390625,100.58988189697266,
2025-02-04,43.22369384765625,36.147823333740234,592.12933349609375,101.89865112304688,
2025-02-05,43.317161560058594,36.199180603027344,594.55780029296875,101.94584655761719,
2025-02-06,43.130237579345703,36.169834136962891,596.7415771484375,102.53690338134766,
2025-02-07,42.648536682128906,35.758979797363281,591.2578125,101.352294921875,
2025-02-10,42.936119079589844,36.045112609863281,595.125732421875,102.3829345703125,
2025-02-11,43.0511474609375,36.023097991943359,595.5958251953125,102.08243560791016,
2025-02-12,42.907360076904297,35.82501220703125,593.6177978515625,101.97563934326172,
2025-02-13,43.158992767333984,36.045112609863281,599.943603515625,103.25215148925781,
2025-02-14,42.871410369873047,36.023097991943359,599.953369140625,103.40362548828125,
2025-02-18,42.871410369873047,36.089130401611328,601.71600341796875,103.39369201660156,
2025-02-19,43.094287872314453,36.184505462646484,603.0574951171875,103.43095397949219,
2025-02-20,43.029579162597656,35.883701324462891,600.71722412109375,102.88459014892578,
2025-02-21,42.440032958984375,35.150035858154297,590.34710693359375,100.55014038085938,
2025-02-24,42.569446563720703,35.157371520996094,587.53680419921875,99.521987915039062,
2025-02-25,42.634159088134766,35.084003448486328,584.677490234375,98.523643493652344,
2025-02-26,42.562263488769531,35.150035858154297,584.873291015625,98.883750915527344,
2025-02-27,42.202781677246094,34.643806457519531,575.5706787109375,96.25872802734375,
2025-02-28,42.605396270751953,35.054656982421875,584.63824462890625,97.997146606445312,
2025-03-03,42.425655364990234,34.665813446044922,574.60107421875,95.578269958496094,
2025-03-04,42.166828155517578,34.262298583984375,567.6683349609375,94.962364196777344,
2025-03-05,42.526309967041016,34.709835052490234,573.88641357421875,96.368003845214844,
2025-03-06,42.044612884521484,33.880790710449219,563.58477783203125,93.685867309570312,
2025-03-07,42.346576690673828,33.873451232910156,566.4931640625,94.085700988769531,
2025-03-10,41.411930084228516,32.963703155517578,551.73626708984375,90.367965698242188,
2025-03-11,40.700164794921875,32.538177490234375,547.03594970703125,90.144477844238281,
2025-03-12,40.527610778808594,32.714256286621094,549.81689453125,91.371292114257812,
2025-03-13,40.105751037597656,31.885211944580078,542.55108642578125,89.421775817871094,
2025-03-14,40.609683990478516,32.501491546630859,553.812255859375,91.689170837402344,
2025-03-17,41.041622161865234,32.816970825195312,557.778076171875,91.974777221679688,
2025-03-18,40.775253295898438,32.472145080566406,551.9678955078125,90.360275268554688,
2025-03-19,41.142406463623047,32.890338897705078,557.940185546875,91.747543334960938,
2025-03-20,40.825649261474609,32.728931427001953,556.692626953125,91.538711547851562,
2025-03-21,40.832847595214844,32.816970825195312,556.5355224609375,91.961341857910156,
2025-03-24,41.264785766601562,33.367221832275391,566.4957275390625,93.962661743164062,
2025-03-25,41.336776733398438,33.477272033691406,567.7137451171875,94.536964416503906,
2025-03-26,41.250385284423828,33.05908203125,561.2896728515625,92.493377685546875,
2025-03-27,41.401569366455078,33.066417694091797,559.5216064453125,92.00360107421875,
2025-03-28,40.660072326660156,32.200691223144531,548.22540283203125,89.634346008300781,
2025-03-31,41.192802429199219,32.244709014892578,551.9384765625,89.771080017089844,
2025-04-01,41.329582214355469,32.303401947021484,553.78509521484375,90.464706420898438,
2025-04-02,41.516757965087891,32.611545562744141,557.1444091796875,91.205551147460938,
2025-04-03,40.242530822753906,31.026821136474609,530.4954833984375,86.13140869140625,
2025-04-04,38.104419708251953,29.295364379882812,498.61090087890625,80.96527099609375,
2025-04-07,37.744464874267578,29.258682250976562,497.40274047851562,81.054763793945312,
2025-04-08,37.175743103027344,28.84782600402832,489.95706176757812,79.660057067871094,
2025-04-09,40.127346038818359,31.430337905883789,536.56585693359375,88.918342590332031,
2025-04-10,39.126674652099609,30.263805389404297,517.716064453125,85.487503051757812,
2025-04-11,39.76739501953125,30.681997299194336,527.460205078125,87.018951416015625,
2025-04-14,40.120147705078125,30.887422561645508,531.91973876953125,87.563400268554688,
2025-04-15,39.911369323730469,30.850740432739258,530.61334228515625,87.563400268554688,
2025-04-16,39.306652069091797,30.322500228881836,518.77685546875,84.940559387207031,
2025-04-17,38.831516265869141,30.278480529785156,519.2974853515625,84.93060302734375,
2025-04-21,37.917243957519531,29.610841751098633,507.22552490234375,82.673233032226562,
2025-04-22,38.953903198242188,30.410539627075195,519.99493408203125,84.851058959960938,
2025-04-23,39.436237335205078,30.924108505249023,528.31475830078125,86.892166137695312,
2025-04-24,39.997760772705078,31.731142044067383,539.48321533203125,89.343460083007812,
2025-04-25,40.156139373779297,31.870538711547852,543.3828125,90.688446044921875,
2025-04-28,40.120147705078125,31.892549514770508,543.61859130859375,90.613868713378906,
2025-04-29,40.444099426269531,32.141998291015625,547.07611083984375,91.170761108398438,
2025-04-30,40.739265441894531,32.031944274902344,548.06829833984375,91.18817138671875,
2025-05-01,40.753662109375,32.266719818115234,551.16241455078125,92.388954162597656,
2025-05-02,41.243194580078125,32.816970825195312,559.24652099609375,93.709075927734375,
2025-05-05,41.185596466064453,32.677574157714844,556.13275146484375,93.159652709960938,
2025-05-06,40.883243560791016,32.259384155273438,551.58489990234375,92.291999816894531,
2025-05-07,40.883243560791016,32.259384155273438,553.7752685546875,92.605247497558594,
2025-05-08,41.329582214355469,32.714256286621094,557.272216796875,93.3436279296875,
2025-05-09,41.200000762939453,32.582195281982422,556.8399658203125,93.167106628417969,
2025-05-12,42.020687103271484,33.712047576904297,575.32635498046875,97.142402648925781,
2025-05-13,41.819118499755859,33.844108581542969,579.4814453125,98.616676330566406,
2025-05-14,41.797519683837891,33.763404846191406,579.81536865234375,99.350074768066406,
2025-05-15,42.200660705566406,33.895462036132812,582.6639404296875,99.25311279296875,
2025-05-16,42.503017425537109,34.166919708251953,586.45538330078125,99.780181884765625,
2025-05-19,42.675796508789062,34.225616455078125,587.192138671875,99.862213134765625,
2025-05-20,42.503017425537109,34.042198181152344,585.0115966796875,99.312782287597656,
2025-05-21,41.948699951171875,33.447925567626953,575.28704833984375,97.838516235351562,
2025-05-22,41.905506134033203,33.528629302978516,575.37542724609375,98.07470703125,
2025-05-23,41.675136566162109,33.117774963378906,571.68218994140625,97.10760498046875,
2025-05-27,42.431026458740234,33.851444244384766,583.41046142578125,99.4669189453125,
2025-05-28,42.143070220947266,33.748729705810547,579.97247314453125,99.031852722167969,
2025-05-29,42.243854522705078,33.792751312255859,582.2711181640625,99.387367248535156,
2025-05-30,42.373439788818359,33.976165771484375,581.65216064453125,99.302841186523438,
2025-06-02,42.395034790039062,33.983501434326172,585.03125,99.929344177246094,
2025-06-03,42.474220275878906,34.122898101806641,588.31195068359375,100.63787841796875,
2025-06-04,42.510223388671875,34.210941314697266,588.15484619140625,100.94863891601562,
2025-06-05,42.445426940917969,34.328327178955078,585.4141845703125,100.32959747314453,
2025-06-06,42.740585327148438,34.790534973144531,591.3275146484375,101.3265380859375,
2025-06-09,42.524620056152344,34.665813446044922,591.88739013671875,101.40609741210938,
2025-06-10,42.718994140625,34.863906860351562,595.28607177734375,102.05496215820312,
2025-06-11,42.625404357910156,34.878578186035156,593.5965576171875,101.72431945800781,
2025-06-12,42.754985809326172,35.194057464599609,595.757568359375,102.12208557128906,
2025-06-13,42.114273071289062,34.761192321777344,589.15667724609375,100.82931518554688,
2025-06-16,42.344638824462891,34.966617584228516,594.90814208984375,102.07209014892578,
2025-06-17,42.013484954833984,34.585109710693359,589.98138427734375,101.16874694824219,
2025-06-18,41.665851593017578,34.152244567871094,589.84344482421875,101.03187561035156,
2025-06-20,41.442268371582031,33.880790710449219,587.91217041015625,100.33011627197266,
2025-06-23,41.831741333007812,34.166919708251953,594.09027099609375,101.55447387695312,
2025-06-24,41.831741333007812,34.790534973144531,600.57379150390625,103.02519989013672,
2025-06-25,42.206779479980469,34.790534973144531,601.01727294921875,103.38353729248047,
2025-06-26,42.322177886962891,34.797874450683594,605.74688720703125,104.34909057617188,
2025-06-27,42.502487182617188,34.944610595703125,608.40728759765625,104.94136810302734,
2025-06-30,42.827045440673828,35.172042846679688,611.796875,105.65805816650391,
2025-07-01,42.906379699707031,35.25274658203125,611.57025146484375,104.54568481445312,
2025-07-02,42.76934814453125,35.296768188476562,614.2799072265625,105.39427185058594,
2025-07-03,43.173236846923828,35.736968994140625,618.9603271484375,106.57633209228516,
2025-07-07,42.848682403564453,35.480186462402344,614.6839599609375,105.82727813720703,
2025-07-08,42.754917144775391,35.370136260986328,614.19122314453125,105.74515533447266,
2025-07-09,42.906379699707031,35.531543731689453,617.83697509765625,106.71567535400391,
2025-07-10,42.863105773925781,35.377471923828125,619.63031005859375,106.68831634521484,
2025-07-11,42.545764923095703,34.973953247070312,617.255615234375,106.40213012695312,
2025-07-14,42.603462219238281,35.164707183837891,618.53656005859375,106.735595703125,
2025-07-15,42.394298553466797,34.988628387451172,615.82684326171875,106.97698211669922,
2025-07-16,42.552970886230469,35.208728790283203,618.05377197265625,107.35027313232422,
2025-07-17,42.538547515869141,35.377471923828125,621.6798095703125,108.11424255371094,
2025-07-18,42.603462219238281,35.340785980224609,621.423583984375,108.06695556640625,
2025-07-21,42.675582885742188,35.406818389892578,622.46807861328125,108.35065460205078,
2025-07-22,42.697223663330078,35.348125457763672,622.4779052734375,107.663818359375,
2025-07-23,42.94244384765625,35.626918792724609,627.9859619140625,108.64678955078125,
2025-07-24,43.086692810058594,35.817672729492188,628.23223876953125,108.96034240722656,
2025-07-25,43.324699401855469,36.015762329101562,630.67584228515625,109.46550750732422,
2025-07-28,43.223724365234375,36.052448272705078,630.53790283203125,109.84626007080078,
2025-07-29,43.324699401855469,35.920387268066406,629.040283203125,109.27637481689453,
2025-07-30,43.173236846923828,35.788326263427734,628.163330078125,109.55011749267578,
2025-07-31,42.863105773925781,35.53887939453125,625.591552734375,109.597412109375,
2025-08-01,42.379875183105469,34.761192321777344,615.49188232421875,107.48215484619141,
2025-08-04,43.072265625,35.560890197753906,624.87225341796875,109.58994293212891,
2025-08-05,42.805404663085938,35.296768188476562,621.866943359375,108.72891235351562,
2025-08-06,43.093902587890625,35.832347869873047,626.468505859375,110.22700500488281,
2025-08-07,42.920803070068359,35.362800598144531,626.12359619140625,110.06525421142578,
2025-08-08,43.151603698730469,35.480186462402344,630.86309814453125,110.97107696533203,
2025-08-11,42.94244384765625,35.289432525634766,629.61175537109375,110.76701354980469,
2025-08-12,43.202083587646484,35.465511322021484,636.2725830078125,112.05855560302734,
2025-08-13,43.440093994140625,35.582901000976562,638.60784912109375,111.95653533935547,
2025-08-14,43.389614105224609,35.648929595947266,638.6275634765625,112.09091186523438,
2025-08-15,43.324699401855469,35.714958190917969,637.18896484375,111.73754119873047,
2025-08-18,43.295845031738281,35.766315460205078,636.8934326171875,111.77487182617188,
2025-08-19,43.389614105224609,35.421489715576172,633.5235595703125,110.22451019287109,
2025-08-20,43.317481994628906,35.326118469238281,631.82879638671875,109.57252502441406,
2025-08-21,43.1588134765625,35.172042846679688,629.3359375,109.10467529296875,
2025-08-22,43.519432067871094,35.685611724853516,638.9921875,110.80433654785156,
2025-08-25,43.187660217285156,35.465511322021484,636.1741943359375,110.62516784667969,
2025-08-26,43.310272216796875,35.502197265625,638.7557373046875,111.27218627929688,
2025-08-27,43.382396697998047,35.619583129882812,640.2730712890625,111.49864196777344,
2025-08-28,43.468944549560547,35.847019195556641,642.57879638671875,112.21783447265625,
2025-08-29,43.404033660888672,35.575565338134766,638.8148193359375,110.88645935058594,
2025-09-02,43.000141143798828,35.267421722412109,633.9866943359375,109.91593170166016,
2025-09-03,43.382396697998047,35.406818389892578,637.39593505859375,111.01834869384766,
2025-09-04,43.743015289306641,35.700286865234375,642.6478271484375,112.00133514404297,
2025-09-05,43.569915771484375,35.714958190917969,640.9332275390625,111.80722045898438,
2025-09-08,43.685314178466797,35.986415863037109,642.55908203125,112.43930053710938,
2025-09-09,43.678104400634766,35.979080200195312,644.03717041015625,112.79765319824219,
2025-09-10,43.187660217285156,36.925514221191406,645.87969970703125,113.5367431640625,
2025-09-11,43.819950103759766,36.874153137207031,651.2596435546875,114.13401031494141,
2025-09-12,43.632282257080078,36.499984741210938,651.032958984375,114.50728607177734,
2025-09-15,43.697242736816406,36.778778076171875,654.4324951171875,115.60720062255859,
2025-09-16,43.617851257324219,36.800788879394531,653.567626953125,115.41565704345703,
2025-09-17,43.697242736816406,36.778778076171875,652.84625244140625,114.95485687255859,
2025-09-18,43.877696990966797,36.742095947265625,655.93963623046875,115.60746002197266,
2025-09-19,44.137538909912109,37.064910888671875,659.072509765625,116.73331451416016,
2025-09-22,44.361293792724609,37.329029083251953,662.24505615234375,117.73712921142578,
2025-09-23,44.000396728515625,36.683403015136719,658.70684814453125,116.50665283203125,
2025-09-24,43.827167510986328,36.411945343017578,656.49310302734375,115.87895202636719,
2025-09-25,43.545669555664062,35.949733734130859,653.48858642578125,115.29360961914062,
2025-09-26,43.747772216796875,36.052448272705078,657.11572265625,115.7843017578125,
2025-09-29,43.819950103759766,36.235862731933594,658.9638671875,116.21273040771484,
2025-09-30,44.101448059082031,36.265209197998047,661.47418212890625,116.67353057861328,
2025-10-01,44.231369018554688,36.411945343017578,663.98443603515625,117.36350250244141,
2025-10-02,44.115882873535156,36.514659881591797,664.63671875,117.49800109863281,
2025-10-03,44.231369018554688,36.661392211914062,664.5576171875,117.05462646484375,
2025-10-06,44.267463684082031,36.808124542236328,666.99884033203125,117.79191589355469,
2025-10-07,44.108665466308594,36.610034942626953,664.5576171875,117.13434600830078,
2025-10-08,44.238590240478516,36.903499603271484,668.5108642578125,118.30503845214844,
2025-10-09,43.964309692382812,36.866817474365234,666.63311767578125,118.21536254882812,
2025-10-10,43.127033233642578,35.795661926269531,648.52728271484375,114.44672393798828,
2025-10-13,43.358005523681641,36.433952331542969,658.4400634765625,116.71587371826172,
2025-10-14,43.437400817871094,36.265209197998047,657.69879150390625,115.84159088134766,
2025-10-15,43.451839447021484,36.316566467285156,660.46612548828125,116.32980346679688,
2025-10-16,42.989894866943359,36.184505462646484,656.21636962890625,115.76686096191406,
2025-10-17,43.329128265380859,36.125816345214844,659.88299560546875,116.35221862792969,
2025-10-20,43.819950103759766,36.338577270507812,666.70233154296875,117.73464202880859,
2025-10-21,43.812732696533203,36.448627471923828,666.54412841796875,117.70474243164062,
2025-10-22,43.805511474609375,36.265209197998047,663.3123779296875,116.75823211669922,
2025-10-23,43.884910583496094,36.521991729736328,667.07781982421875,117.79938507080078,
2025-10-24,44.18084716796875,36.822795867919922,672.56298828125,118.86049652099609,
2025-10-27,44.606700897216797,37.167621612548828,680.5484619140625,120.81082153320312,67.699996948242188
2025-10-28,44.498435974121094,37.365711212158203,682.26812744140625,121.92921447753906,67.319999694824219
2025-10-29,44.014835357666016,37.035560607910156,682.63385009765625,122.47719573974609,64.849998474121094
2025-10-30,43.776645660400391,36.639381408691406,675.24127197265625,120.60657501220703,64.709999084472656
2025-10-31,43.603412628173828,36.976871490478516,677.2178955078125,120.9503173828125,65.169998168945312
2025-11-03,43.661159515380859,37.160285949707031,678.66082763671875,121.54312896728516,64.629997253417969
2025-11-04,43.495143890380859,36.360588073730469,670.87298583984375,119.41096496582031,64.5
2025-11-05,43.379661560058594,36.426620483398438,672.94842529296875,119.55294799804688,64.639999389648438
2025-11-06,42.932147979736328,35.832347869873047,665.6448974609375,117.61009216308594,63.779998779296875
2025-11-07,43.011547088623047,35.744308471679688,666.4552001953125,117.42576599121094,64.194999694824219
2025-11-10,43.574542999267578,36.265209197998047,676.81268310546875,120.02122497558594,64.05999755859375
2025-11-11,43.812732696533203,36.338577270507812,678.13702392578125,119.79456329345703,64.540000915527344
2025-11-12,43.841602325439453,36.309230804443359,678.61138916015625,119.58034515380859,65.139999389648438
2025-11-13,43.388931274414062,35.663604736328125,667.55224609375,117.04965972900391,63.990001678466797
2025-11-14,43.348960876464844,35.597572326660156,667.41387939453125,117.30122375488281,63.729999542236328
2025-11-17,43.029190063476562,35.230739593505859,661.167724609375,116.19529724121094,62.349998474121094
2025-11-18,42.7493896484375,34.849231719970703,655.69256591796875,114.79294586181641,62.380001068115234
2025-11-19,43.029190063476562,35.113353729248047,658.163330078125,115.64232635498047,62.490001678466797
2025-11-20,42.579513549804688,34.467723846435547,648.1024169921875,113.32085418701172,62.150001525878906
2025-11-21,42.979225158691406,34.812549591064453,654.5362548828125,113.98094177246094,63.319999694824219
2025-11-24,43.328971862792969,35.384807586669922,664.201904296875,116.50415802001953,63.150001525878906
2025-11-25,43.798641204833984,35.817672729492188,670.44793701171875,117.32363891601562,64.209999084472656
2025-11-26,43.848602294921875,35.97174072265625,675.0732421875,118.21536254882812,64.349998474121094
2025-11-28,43.978504180908203,36.089130401611328,678.8486328125,118.67617797851562,64.760002136230469
2025-12-01,43.768657684326172,35.751644134521484,675.666259765625,118.27513885498047,64.220001220703125
2025-12-02,43.86859130859375,35.802997589111328,676.8226318359375,118.79573059082031,64.169998168945312
2025-12-03,43.908557891845703,35.939998626708984,679.22418212890625,118.68364715576172,64.529998779296875
2025-12-04,43.858592987060547,35.880001068115234,679.8072509765625,118.92027282714844,64.419998168945312
2025-12-05,43.93853759765625,36.049999237060547,681.052490234375,119.26152038574219,64.860000610351562
2025-12-08,43.598781585693359,35.889999389648438,679.0264892578125,119.19426727294922,64.230003356933594
2025-12-09,43.458881378173828,35.900001525878906,678.48291015625,119.18429565429688,64.489997863769531
2025-12-10,43.57879638671875,36.099998474121094,682.84136962890625,119.37858581542969,64.870002746582031
2025-12-11,43.748672485351562,36,684.4918212890625,119.31133270263672,65.589996337890625
2025-12-12,43.518836975097656,35.569999694824219,677.1585693359375,117.4083251953125,65.55999755859375
2025-12-15,43.518836975097656,35.200000762939453,676.1505126953125,116.87528991699219,65.349998474121094
2025-12-16,43.508846282958984,35.279998779296875,674.27008056640625,117.13560485839844,65.040000915527344
2025-12-17,43.119125366210938,34.939998626708984,666.90093994140625,115.03369903564453,65.080001831054688
2025-12-18,43.438896179199219,35.299999237060547,671.94927978515625,116.50478363037109,65.180000305175781
2025-12-19,43.668731689453125,35.729999542236328,677.89019775390625,118.06063842773438,65.529998779296875
2025-12-22,43.858592987060547,36.020000457763672,682.19464111328125,118.76126861572266,65.930000305175781
2025-12-23,44.0484619140625,36.040000915527344,685.308837890625,119.50678253173828,66.069999694824219
2025-12-24,44.178363800048828,36.130001068115234,687.708984375,119.79851531982422,66.269996643066406
2025-12-26,44.198348999023438,36.220001220703125,687.590087890625,119.76360321044922,66.489997863769531
2025-12-29,44.108413696289062,36.110000610351562,685.24932861328125,119.16768646240234,66.349998474121094
2025-12-30,44.088428497314453,36.060001373291016,684.26739501953125,118.92085266113281,66.099998474121094
2025-12-31,43.738681793212891,35.75,679.3282470703125,118.01076507568359,65.510002136230469
2026-01-02,43.4688720703125,35.360000610351562,680.5679931640625,117.62679290771484,64.80999755859375
2026-01-05,43.678722381591797,35.659999847412109,685.13031005859375,118.07808685302734,66
2026-01-06,44.038467407226562,36.209999084472656,689.19677734375,118.61666107177734,66.589996337890625
2026-01-07,44.088428497314453,36.290000915527344,686.95526123046875,118.92085266113281,65.540000915527344
2026-01-08,44.118408203125,36.169998168945312,686.87591552734375,118.00578308105469,65.849998474121094
2026-01-09,44.418193817138672,36.200000762939453,691.36883544921875,118.72885894775391,65.919998168945312
2026-01-12,44.338249206542969,36.299999237060547,692.5093994140625,118.99564361572266,65.730003356933594
2026-01-13,44.028476715087891,35.880001068115234,691.1605224609375,118.63660430908203,64.739997863769531
2026-01-14,43.668731689453125,35.340000152587891,687.8082275390625,117.22286987304688,64.180000305175781
2026-01-15,43.7586669921875,35.169998168945312,689.62322998046875,117.35502624511719,63.369998931884766
2026-01-16,43.718692779541016,35.139999389648438,688.96856689453125,117.33256530761719,63.279998779296875
2026-01-20,42.709419250488281,34.270000457763672,675.0238037109375,114.36048889160156,61.409999847412109
2026-01-21,43.039180755615234,34.330001831054688,682.68060302734375,115.29798889160156,62.229999542236328
2026-01-22,43.249031066894531,34.509998321533203,686.290771484375,116.18563842773438,62.639999389648438
2026-01-23,43.39892578125,34.619998931884766,686.5684814453125,116.75411987304688,62.450000762939453
2026-01-26,43.7586669921875,34.779998779296875,690.18853759765625,117.482177734375,62.509998321533203
2026-01-27,43.838607788085938,34.669998168945312,692.92596435546875,118.29751586914062,61.590000152587891
2026-01-28,43.808631896972656,34.619998931884766,692.9755859375,118.00827789306641,61.150001525878906
2026-01-29,43.618770599365234,34.060001373291016,691.37872314453125,117.04833221435547,60.779998779296875
2026-01-30,43.259025573730469,33.75,689.33563232421875,116.17816162109375,60.139999389648438
2026-02-02,43.328971862792969,33.790000915527344,692.81683349609375,116.55963897705078,60.459999084472656
2026-02-03,42.309703826904297,32.479999542236328,686.895751953125,114.49014282226562,57.200000762939453
2026-02-04,42.429615020751953,32.369998931884766,683.64263916015625,113.18362426757812,58.330001831054688
2026-02-05,41.949962615966797,31.579999923706055,674.94451904296875,111.2313232421875,57.110000610351562
2026-02-06,42.319698333740234,31.860000610351562,688.0958251953125,113.90669250488281,57.409999847412109
2026-02-09,42.349678039550781,32.049999237060547,691.37872314453125,114.93895721435547,57.419998168945312
2026-02-10,42.249744415283203,32.009998321533203,689.45458984375,114.57492065429688,57.349998474121094
2026-02-11,42.069873809814453,31.510000228881836,689.35546875,114.17598724365234,56.090000152587891
2026-02-12,41.550251007080078,31.040000915527344,678.7232666015625,111.94193267822266,55.180000305175781
2026-02-13,41.410346984863281,31.079999923706055,679.1497802734375,111.49562072753906,55.340000152587891
2026-02-17,41.470306396484375,31.049999237060547,680.220947265625,112.03916931152344,55.259998321533203
2026-02-18,41.800071716308594,31.530000686645508,683.70208740234375,112.74230194091797,56.299999237060547
2026-02-19,41.600212097167969,31.469999313354492,682.0457763671875,112.3857421875,55.979999542236328
2026-02-20,41.999923706054688,31.639999389648438,686.8262939453125,113.16367340087891,56.400001525878906
2026-02-23,41.700141906738281,30.850000381469727,679.87371826171875,111.70008087158203,54.279998779296875
2026-02-24,41.979938507080078,31.139999389648438,684.85260009765625,112.86447143554688,54.700000762939453
2026-02-25,42.439609527587891,31.430000305175781,690.54559326171875,114.32060241699219,55.740001678466797
2026-02-26,42.379653930664062,31.479999542236328,686.737060546875,113.23597717285156,56.720001220703125
2026-02-27,42.339683532714844,31.299999237060547,683.73193359375,112.24861145019531,56.139999389648438
2026-03-02,42.339683532714844,31.270000457763672,683.80133056640625,112.56775665283203,56.279998779296875
2026-03-03,42.059883117675781,31.280000686645508,677.7711181640625,111.86712646484375,56.880001068115234
2026-03-04,42.259738922119141,31.639999389648438,682.64093017578125,112.96421051025391,57.159999847412109
2026-03-05,42.019908905029297,31.870000839233398,678.85223388671875,112.95423889160156,57.959999084472656
2026-03-06,41.570232391357422,31.600000381469727,669.86651611328125,111.46818542480469,58.099998474121094
2026-03-09,41.91998291015625,31.780000686645508,675.76763916015625,112.80961608886719,57.779998779296875
2026-03-10,41.620197296142578,31.379999160766602,674.5477294921875,112.54282379150391,56.759998321533203
2026-03-11,41.400352478027344,31.450000762939453,673.82373046875,112.53037261962891,55.150001525878906
2026-03-12,40.650894165039062,30.770000457763672,663.46929931640625,110.53069305419922,53.529998779296875
2026-03-13,40.421058654785156,30.549999237060547,659.75,109.28151702880859,53.220001220703125
2026-03-16,40.940685272216797,30.940000534057617,666.405029296875,110.59551239013672,53.889999389648438
2026-03-17,40.940685272216797,30.979999542236328,668.2586669921875,110.73027038574219,54.389999389648438
2026-03-18,40.291149139404297,30.360000610351562,659.16937255859375,109.06573486328125,53.659999847412109
2026-03-19,40.121273040771484,30.409999847412109,657.26007080078125,108.66146087646484,53.240001678466797
2026-03-20,39.671592712402344,29.909999847412109,647.68353271484375,106.67000579833984,53.270000457763672
2026-03-23,39.961387634277344,30.290000915527344,654.6844482421875,108.31207275390625,53.720001220703125
2026-03-24,39.421772003173828,29.670000076293945,652.586181640625,107.16413116455078,52.580001831054688
2026-03-25,39.551681518554688,29.739999771118164,656.07666015625,107.85789489746094,52.650001525878906
2026-03-26,38.89215087890625,29.280000686645508,644.41180419921875,105.39977264404297,52.610000610351562
2026-03-27,38.062747955322266,28.420000076293945,633.4530029296875,103.01900482177734,51.330001831054688
2026-03-30,38.182659149169922,28.620000839233398,631.4044189453125,102.54485321044922,52.049999237060547
2026-03-31,39.221916198730469,29.479999542236328,649.58294677734375,106.41046142578125,52.849998474121094
2026-04-01,39.481727600097656,29.569999694824219,654.40594482421875,107.33631134033203,52.700000762939453
2026-04-02,39.521697998046875,29.579999923706055,655.301025390625,107.31884765625,52.919998168945312
2026-04-06,39.671592712402344,29.770000457763672,658.18487548828125,107.74308776855469,53.259998321533203
2026-04-07,39.661598205566406,29.760000228881836,658.70196533203125,107.80048370361328,52.680000305175781
2026-04-08,40.690864562988281,30.379999160766602,675.21978759765625,110.59051513671875,53.349998474121094
2026-04-09,40.800785064697266,30.149999618530273,679.21746826171875,111.10460662841797,52.669998168945312
2026-04-10,40.600929260253906,29.930000305175781,678.82965087890625,111.36663818359375,51.450000762939453
2026-04-13,41.250461578369141,30.729999542236328,685.711181640625,112.90390777587891,53.340000152587891
2026-04-14,41.790073394775391,31.190000534057617,693.81591796875,114.93778228759766,54.049999237060547
2026-04-15,42.249744415283203,31.899999618530273,699.28546142578125,117.01906585693359,55.200000762939453
2026-04-16,42.339683532714844,32.069999694824219,700.8267822265625,117.09893035888672,55.369998931884766
2026-04-17,42.909271240234375,32.450000762939453,709.39892578125,118.89073944091797,55.849998474121094
2026-04-20,42.719409942626953,32.409999847412109,708.135986328125,118.47148895263672,55.979999542236328
2026-04-21,42.399639129638672,32.279998779296875,703.302978515625,117.60552978515625,55.310001373291016
2026-04-22,42.759384155273438,32.819999694824219,710.59228515625,119.504638671875,55.540000915527344
2026-04-23,42.359668731689453,31.879999160766602,707.78790283203125,118.05223083496094,54.090000152587891
2026-04-24,42.859310150146484,32.209999084472656,713.29718017578125,119.572021484375,53.799999237060547
2026-04-27,42.849319458007812,32.189998626708984,714.51043701171875,119.77166748046875,53.75
2026-04-28,42.559524536132812,31.879999160766602,710.99005126953125,118.86079406738281,53.580001831054688
2026-04-29,42.529548645019531,31.930000305175781,710.92047119140625,118.58877563476562,53.990001678466797
2026-04-30,42.449604034423828,32.020000457763672,718.060546875,119.05793762207031,54.259998321533203
2026-05-01,42.559524536132812,32.389999389648438,719.98980712890625,119.83655548095703,54.25
2026-05-04,42.449604034423828,32.459999084472656,717.38433837890625,119.60695648193359,54.389999389648438
2026-05-05,42.649459838867188,32.380001068115234,722.9432373046875,120.19591522216797,54.200000762939453
2026-05-06,43.029190063476562,32.680000305175781,733.31536865234375,122.22230529785156,53.549999237060547
2026-05-07,43.069156646728516,32.580001831054688,730.8790283203125,122.52176666259766,54.720001220703125
2026-05-08,43.019195556640625,32.560001373291016,736.8555908203125,123.32034301757812,54.310001373291016
2026-05-11,42.669445037841797,32.240001678466797,738.625732421875,123.30038452148438,53.150001525878906
2026-05-12,42.699420928955078,32.040000915527344,737.4920654296875,123.13068389892578,53.020000457763672
2026-05-13,42.859310150146484,32.020000457763672,741.59918212890625,124.08898162841797,52.310001373291016
2026-05-14,43.149105072021484,32.439998626708984,747.3868408203125,125.66616821289062,52.950000762939453
2026-05-15,42.869304656982422,32.319999694824219,738.327392578125,124.14888000488281,53.139999389648438
2026-05-18,43.119125366210938,32.569999694824219,737.7904052734375,123.87934875488281,54.040000915527344
2026-05-19,42.769374847412109,32.229999542236328,733.09661865234375,122.85118865966797,54.049999237060547
2026-05-20,43.189075469970703,32.639999389648438,740.6544189453125,124.4383544921875,54.520000457763672
2026-05-21,43.189075469970703,32.599998474121094,742.03668212890625,124.45832061767578,54.509998321533203
2026-05-22,43.308986663818359,32.650001525878906,744.98028564453125,124.77774810791016,54.409999847412109
2026-05-26,43.378940582275391,32.669998168945312,749.8431396484375,125.43658447265625,54.130001068115234
2026-05-27,43.408916473388672,32.729999542236328,749.98236083984375,125.48648834228516,54.069999694824219
2026-05-28,43.698707580566406,33.299999237060547,753.96014404296875,126.89398193359375,54.650001525878906
2026-05-29,43.728683471679688,33.909999847412109,755.82965087890625,127.6226806640625,55.110000610351562
2026-06-01,44.078437805175781,34.540000915527344,757.78875732421875,128.54106140136719,56.279998779296875
2026-06-02,43.7586669921875,33.990001678466797,758.822998046875,128.0618896484375,55.119998931884766
2026-06-03,43.388931274414062,33.389999389648438,753.04522705078125,126.40485382080078,53.840000152587891
2026-06-04,43.708702087402344,33.520000457763672,756.6053466796875,126.60449981689453,54.849998474121094
2026-06-05,42.929256439208984,32.470001220703125,736.79595947265625,122.47185516357422,54.830001831054688
2026-06-08,42.879295349121094,32.520000457763672,738.53619384765625,122.76134490966797,54.659999847412109
2026-06-09,43.179080963134766,32.430000305175781,736.6368408203125,121.80304718017578,55.189998626708984
2026-06-10,42.579513549804688,31.819999694824219,724.87255859375,119.47718811035156,55.450000762939453
2026-06-11,43.009204864501953,31.909999847412109,736.9351806640625,121.35385131835938,54.869998931884766
2026-06-12,43.099140167236328,31.850000381469727,741.00250244140625,121.39377593994141,54.599998474121094
2026-06-15,43.588787078857422,32.490001678466797,754.17041015625,124.24821472167969,54.680000305175781
2026-06-16,43.39892578125,32.290000915527344,749.84295654296875,123.23912048339844,55.159999847412109
2026-06-17,42.589504241943359,31.659999847412109,740.47003173828125,121.49069213867188,53.799999237060547
2026-06-18,43.084323883056641,31.920000076293945,747.9483642578125,123.07926940917969,53.150001525878906
2026-06-22,42.414569854736328,31.309999465942383,745.6251220703125,121.65055084228516,52.349998474121094
2026-06-23,42.254627227783203,30.969999313354492,735.01580810546875,119.70230102539062,52.709999084472656
2026-06-24,42.464550018310547,31.049999237060547,734.537109375,119.56242370605469,53.119998931884766
2026-06-25,42.004718780517578,30.649999618530273,734.37762451171875,117.99383544921875,52.450000762939453
2026-06-26,42.674472808837891,31.049999237060547,728.06585693359375,118.93299865722656,53.5
2026-06-29,43.134307861328125,31.430000305175781,742.04547119140625,121.87035369873047,53.150001525878906
2026-06-30,43.454189300537109,31.530000686645508,746.73193359375,124.05838012695312,53.189998626708984
2026-07-01,43.604133605957031,31.75,746.9412841796875,122.90941619873047,54.139999389648438
2026-07-02,44.023983001708984,31.75,746.27325439453125,121.05109405517578,55.669998168945312
2026-07-06,44.013984680175781,31.979999542236328,752.58502197265625,122.88943481445312,55.529998779296875
2026-07-07,44.143939971923828,31.950000762939453,748.9156494140625,121.24092102050781,55.860000610351562
2026-07-08,43.914024353027344,31.770000457763672,746.90142822265625,121.69051361083984,54.75
2026-07-09,44.113948822021484,32.119998931884766,752.8741455078125,123.18917083740234,54.779998779296875
2026-07-10,44.223911285400391,32.099998474121094,755.92535400390625,123.83857727050781,55.139999389648438
2026-07-13,44.143939971923828,31.889999389648438,750.41131591796875,121.48069763183594,55.869998931884766
2026-07-14,43.934017181396484,31.780000686645508,752.9439697265625,123.11923217773438,54.979999542236328
2026-07-15,44.423835754394531,32.110000610351562,756.20452880859375,123.46891784667969,55.349998474121094
2026-07-16,44.783706665039062,31.860000610351562,752.2459716796875,121.09104919433594,56.889999389648438
2026-07-17,44.123947143554688,31.420000076293945,744.568115234375,119.27268981933594,56.180000305175781
2026-07-20,44.133945465087891,31.469999313354492,743.21209716796875,119.36260986328125,55.950000762939453
2026-07-21,43.983997344970703,31.450000762939453,749.78314208984375,121.22093963623047,54.779998779296875
2026-07-22,43.724094390869141,31.120000839233398,748.76605224609375,120.81130218505859,53.709999084472656
2026-07-23,43.164295196533203,30.530000686645508,739.48284912109375,118.4833984375,53.419998168945312
2026-07-24,43.524166107177734,30.520000457763672,740.220703125,117.54424285888672,54.669998168945312
2026-07-27,43.924018859863281,30.979999542236328,740.41015625,117.02471160888672,56.650001525878906
2026-07-28,44.633762359619141,31.209999084472656,742.0753173828125,116.37529754638672,58.069999694824219
2026-07-29,44.273891448974609,30.850000381469727,731.00738525390625,113.94748687744141,58.709999084472656
2026-07-30,44.543792724609375,31.510000228881836,743.05255126953125,117.32444000244141,57.540000915527344
2026-07-31,45.033615112304688,32.029998779296875,748.15777587890625,118.21364593505859,57.490001678466797
2026-08-03,45.773345947265625,32.669998168945312,759.1260986328125,120.7613525390625,57.860000610351562
2026-08-04,46.303153991699219,33.209999084472656,772.5572509765625,124.18827056884766,58.569999694824219
2026-08-05,46.233177185058594,33.470001220703125,771.13140869140625,123.77863311767578,58.540000915527344
2026-08-06,46.603042602539062,33.610000610351562,769.90496826171875,123.38898468017578,58.180000305175781
2026-08-07,46.762985229492188,33.970001220703125,774.49169921875,124.48799896240234,58.889999389648438
2026-08-10,46.703010559082031,34.169998168945312,774.50164794921875,124.05838012695312,59.689998626708984
2026-08-11,46.443099975585938,33.930000305175781,771.9989013671875,123.4888916015625,59.540000915527344
2026-08-12,46.313152313232422,33.959999084472656,773.9532470703125,124.30815887451172,58.680000305175781
2026-08-13,46.453098297119141,34.409999847412109,779.218017578125,125.54705047607422,60.169998168945312
2026-08-14,46.083232879638672,34.020000457763672,777.7921142578125,125.17737579345703,59.599998474121094
2026-08-17,45.6134033203125,33.610000610351562,774.05291748046875,124.96756744384766,58.299999237060547
2026-08-18,45.6134033203125,33.340000152587891,768.75823974609375,122.95937347412109,58.740001678466797
2026-08-19,46.053245544433594,33.380001068115234,770.51318359375,122.55973052978516,60.599998474121094
2026-08-20,45.6134033203125,33.150001525878906,764.13165283203125,121.71049499511719,60.130001068115234
2026-08-21,45.813331604003906,33.330001831054688,767.09307861328125,122.27998352050781,60.520000457763672
2026-08-24,45.93328857421875,33.259998321533203,764.91937255859375,120.93119812011719,61.159999847412109
2026-08-25,45.963275909423828,33.360000610351562,767.40216064453125,121.72048950195312,60.950000762939453
2026-08-26,45.773345947265625,33.299999237060547,767.43212890625,121.64055633544922,60.650001525878906
2026-08-27,46.133216857910156,33.799999237060547,772.51739501953125,123.77863311767578,61.349998474121094
2026-08-28,46.303153991699219,33.830001831054688,770.7724609375,122.63966369628906,61.849998474121094
2026-08-31,45.973274230957031,33.529998779296875,768.5189208984375,122.59969329833984,61.590000152587891
2026-09-01,45.543430328369141,32.990001678466797,763.14447021484375,121.10104370117188,60.25
2026-09-02,45.493446350097656,33.080001831054688,766.59454345703125,121.70050048828125,60.069999694824219
2026-09-03,45.773345947265625,33.560001373291016,774.89056396484375,123.31904602050781,60.900001525878906
2026-09-04,45.383487701416016,33.520000457763672,771.68975830078125,123.299072265625,59.549999237060547
2026-09-08,44.653751373291016,33.159999847412109,766.9833984375,122.90941619873047,57.819999694824219
2026-09-09,44.183925628662109,32.759998321533203,763.89227294921875,122.34992218017578,57.110000610351562
2026-09-10,44.043975830078125,32.389999389648438,759.33551025390625,121.21094512939453,56.380001068115234
2026-09-11,44.413841247558594,32.619998931884766,765.70709228515625,122.16008758544922,56.979999542236328
2026-09-14,44.553791046142578,32.529998779296875,762.2769775390625,121.1510009765625,58.080001831054688
2026-09-15,44.153934478759766,32.180000305175781,758.8800048828125,120.44999694824219,57
2026-09-16,43.974002838134766,32.130001068115234,755.6300048828125,120.54000091552734,56.189998626708984
2026-09-17,44.209999084472656,32.389999389648438,764.08001708984375,122.52999877929688,55.930000305175781
2026-09-18,44.290000915527344,32.540000915527344,764.91998291015625,123.25,55.689998626708984
2026-09-21,44.700000762939453,33.169998168945312,776.8599853515625,126.25,55.5
2026-09-22,44.729999542236328,33.159999847412109,776.80999755859375,126.69999694824219,54.889999389648438
2026-09-23,44.409999847412109,32.819999694824219,771.21002197265625,125.38999938964844,54.790000915527344
2026-09-24,44.380001068115234,32.849998474121094,770.6199951171875,125.62000274658203,54.669998168945312
2026-09-25,44.75,32.990001678466797,774.83001708984375,126.25,54.790000915527344
2026-09-28,44.689998626708984,32.709999084472656,768.92999267578125,125.19999694824219,53.939998626708984
2026-09-29,44.599998474121094,32.889999389648438,767.52001953125,125.30000305175781,52.970001220703125
2026-09-30,44.470001220703125,32.849998474121094,765.8499755859375,125.26000213623047,52.669998168945312
