period_date,cusip,isin,sec_id,name,value_usd,shares
2025-06-30,001055102,US0010551028,001055102,"Aflac, Inc.",607454134.77999997,5760043
2025-06-30,00130H105,US00130H1059,00130H105,AES Corp. (The),88408239,8403825
2025-06-30,00206R102,US00206R1023,00206R102,"AT&T, Inc.",2465100373.3000002,85179695
2025-06-30,002824100,US0028241000,002824100,Abbott Laboratories,2801236798.1500001,20595815
2025-06-30,00287Y109,US00287Y1091,00287Y109,"AbbVie, Inc.",3881437080.4400001,20910662
2025-06-30,00724F101,US00724F1012,00724F101,"Adobe, Inc.",1952129549.76,5045827
2025-06-30,007903107,US0079031078,007903107,"Advanced Micro Devices, Inc.",2723607740.6999998,19193853
2025-06-30,00846U101,US00846U1016,00846U101,"Agilent Technologies, Inc.",398256371.68000001,3374768
2025-06-30,009066101,US0090661010,009066101,"Airbnb, Inc.",676067624.44000006,5108566
2025-06-30,009158106,US0091581068,009158106,"Air Products & Chemicals, Inc.",742984400.15999997,2634136
2025-06-30,00971T101,US00971T1016,00971T101,"Akamai Technologies, Inc.",138030821.52000001,1730577
2025-06-30,012653101,US0126531013,012653101,Albemarle Corp.,86852598.239999995,1385872
2025-06-30,015271109,US0152711091,015271109,"Alexandria Real Estate Equities, Inc.",132061821.66,1818282
2025-06-30,016255101,US0162551016,016255101,"Align Technology, Inc.",152681202.56999999,806429
2025-06-30,018802108,US0188021085,018802108,Alliant Energy Corp.,183899247.55000001,3041165
2025-06-30,020002101,US0200021014,020002101,Allstate Corp. (The),631028943.02999997,3134613
2025-06-30,02079K107,US02079K1079,02079K107,"Alphabet, Inc.",9858643669.4400005,55576096
2025-06-30,02079K305,US02079K3059,02079K305,"Alphabet, Inc.",12141566399.74,68896138
2025-06-30,02209S103,US02209S1033,02209S103,"Altria Group, Inc.",1169095626.27,19940229
2025-06-30,023135106,US0231351067,023135106,"Amazon.com, Inc.",24538748464.049999,111849895
2025-06-30,023608102,US0236081024,023608102,Ameren Corp.,307318972.24000001,3199906
2025-06-30,025537101,US0255371017,025537101,"American Electric Power Co., Inc.",656119200.55999994,6323431
2025-06-30,025816109,US0258161092,025816109,American Express Co.,2090000022.3,6552135
2025-06-30,026874784,US0268747849,026874784,"American International Group, Inc.",583953523.55999994,6822684
2025-06-30,03027X100,US03027X1000,03027X100,American Tower Corp.,1224770615.9400001,5541447
2025-06-30,030420103,US0304201033,030420103,"American Water Works Co., Inc.",321126531.95999998,2308436
2025-06-30,03073E105,US03073E1055,03073E105,"Cencora, Inc.",612360266.70000005,2042222
2025-06-30,03076C106,US03076C1062,03076C106,"Ameriprise Financial, Inc.",601563346.88999999,1127093
2025-06-30,031100100,US0311001004,031100100,"AMETEK, Inc.",494541060,2732875
2025-06-30,031162100,US0311621009,031162100,"Amgen, Inc.",1777152105.3,6364930
2025-06-30,032095101,US0320951017,032095101,Amphenol Corp.,1414009545,14319084
2025-06-30,032654105,US0326541051,032654105,"Analog Devices, Inc.",1397531811.78,5871489
2025-06-30,03662Q105,US03662Q1058,03662Q105,"ANSYS, Inc.",365549424.77999997,1040799
2025-06-30,036752103,US0367521038,036752103,"Elevance Health, Inc.",1040228011.6799999,2674383
2025-06-30,03743Q108,US03743Q1085,03743Q108,APA Corp.,78131679.25,4271825
2025-06-30,03769M106,US03769M1062,03769M106,"Apollo Global Management, Inc.",758158671.05999994,5344038
2025-06-30,037833100,US0378331005,037833100,"Apple, Inc.",36275994035.82,176809446
2025-06-30,038222105,US0382221051,038222105,"Applied Materials, Inc.",1760750966.77,9617911
2025-06-30,039483102,US0394831020,039483102,Archer-Daniels-Midland Co.,300202295.12,5687804
2025-06-30,040413205,US0404132054,040413205,"Arista Networks, Inc.",1247182840.54,12190234
2025-06-30,04621X108,US04621X1081,04621X108,"Assurant, Inc.",118546927.31999999,600268
2025-06-30,049560105,US0495601058,049560105,Atmos Energy Corp.,289800002.25,1880475
2025-06-30,052769106,US0527691069,052769106,"Autodesk, Inc.",783968689.08000004,2532444
2025-06-30,053015103,US0530151036,053015103,"Automatic Data Processing, Inc.",1482043339.2,4805588
2025-06-30,053332102,US0533321024,053332102,"AutoZone, Inc.",735634057.95000005,198165
2025-06-30,053484101,US0534841012,053484101,"AvalonBay Communities, Inc.",342552160.5,1683303
2025-06-30,053611109,US0536111091,053611109,Avery Dennison Corp.,162370638.09,925347
2025-06-30,05464C101,US05464C1018,05464C101,"Axon Enterprise, Inc.",725093293.20000005,875780
2025-06-30,05722G100,US05722G1004,05722G100,Baker Hughes Co.,449670498.30000001,11728495
2025-06-30,058498106,US0584981064,058498106,Ball Corp.,184237925.56,3284684
2025-06-30,060505104,US0605051046,060505104,Bank of America Corp.,3670690998.52,77571661
2025-06-30,064058100,US0640581007,064058100,Bank of New York Mellon Corp. (The),771585261.41999996,8468722
2025-06-30,071813109,US0718131099,071813109,"Baxter International, Inc.",183947548.08000001,6074886
2025-06-30,075887109,US0758871091,075887109,Becton Dickinson & Co.,584387407.5,3392670
2025-06-30,084423102,US0844231029,084423102,WR Berkley Corp.,260343149.09999999,3543530
2025-06-30,084670702,US0846707026,084670702,"Berkshire Hathaway, Inc.",10544663310.469999,21707111
2025-06-30,086516101,US0865161014,086516101,"Best Buy Co., Inc.",153099564.59,2280643
2025-06-30,09062X103,US09062X1037,09062X103,"Biogen, Inc.",217790768.19,1734141
2025-06-30,09073M104,US09073M1045,09073M104,Bio-Techne Corp.,96090078,1867640
2025-06-30,09260D107,US09260D1072,09260D107,"Blackstone, Inc.",1291989920.5799999,8637451
2025-06-30,09290D101,US09290D1019,09290D101,"Blackrock, Inc.",1808898606,1723992
2025-06-30,097023105,US0970231058,097023105,Boeing Co. (The),1870188511.0799999,8925636
2025-06-30,09857L108,US09857L1089,09857L108,"Booking Holdings, Inc.",2228990552.52,385023
2025-06-30,101121101,US1011211018,101121101,"BXP, Inc.",116339600.52,1724316
2025-06-30,101137107,US1011371077,101137107,Boston Scientific Corp.,1881080137.6199999,17513082
2025-06-30,110122108,US1101221083,110122108,Bristol-Myers Squibb Co.,1115154799.8,24090620
2025-06-30,11133T103,US11133T1034,11133T103,"Broadridge Financial Solutions, Inc.",337865409.63,1390221
2025-06-30,11135F101,US11135F1012,11135F101,"Broadcom, Inc.",15342742675.15,55660231
2025-06-30,115236101,US1152361010,115236101,"Brown & Brown, Inc.",367256542.38999999,3312497
2025-06-30,115637209,US1156372096,115637209,Brown-Forman Corp.,57942073.799999997,2153180
2025-06-30,12008R107,US12008R1077,12008R107,"Builders FirstSource, Inc.",152649773.84999999,1308165
2025-06-30,12503M108,US12503M1080,12503M108,"CBOE Global Markets, Inc.",289121864.29000002,1239749
2025-06-30,12504L109,US12504L1098,12504L109,"CBRE Group, Inc.",487045770.27999997,3475919
2025-06-30,12514G108,US12514G1085,12514G108,CDW Corp.,278441633.49000001,1559111
2025-06-30,125269100,US1252691001,125269100,"CF Industries Holdings, Inc.",176492156,1918393
2025-06-30,12541W209,US12541W2098,12541W209,"CH Robinson Worldwide, Inc.",134423263.40000001,1400972
2025-06-30,125523100,US1255231003,125523100,Cigna Group (The),1045555779.36,3162792
2025-06-30,12572Q105,US12572Q1058,12572Q105,"CME Group, Inc.",1175816969.5999999,4266080
2025-06-30,125896100,US1258961002,125896100,CMS Energy Corp.,245344520.16,3541347
2025-06-30,126408103,US1264081035,126408103,CSX Corp.,725661147.76999998,22239079
2025-06-30,126650100,US1266501006,126650100,CVS Health Corp.,1020835157.96,14799002
2025-06-30,127097103,US1270971039,127097103,"Coterra Energy, Inc.",229291701.47999999,9034346
2025-06-30,127387108,US1273871087,127387108,"Cadence Design Systems, Inc.",995970382.39999998,3232096
2025-06-30,12769G100,US12769G1004,12769G100,"Caesars Entertainment, Inc.",69901488.930000007,2462187
2025-06-30,133131102,US1331311027,133131102,Camden Property Trust,142517014.58000001,1264682
2025-06-30,134429109,US1344291091,134429109,Campbell's Co. (The),71162066.599999994,2321764
2025-06-30,14040H105,US14040H1059,14040H105,Capital One Financial Corp.,1611036166.3199999,7572082
2025-06-30,14149Y108,US14149Y1082,14149Y108,"Cardinal Health, Inc.",474695928,2825571
2025-06-30,143130102,US1431301027,143130102,"CarMax, Inc.",121208731.93000001,1803433
2025-06-30,143658300,PA1436583006,143658300,Carnival Corp.,349511100.51999998,12429271
2025-06-30,14448C104,US14448C1045,14448C104,Carrier Global Corp.,690826430.71000004,9438809
2025-06-30,149123101,US1491231015,149123101,"Caterpillar, Inc.",2161547845.0599999,5567986
2025-06-30,15135B101,US15135B1017,15135B101,Centene Corp.,319749855.72000003,5890749
2025-06-30,15189T107,US15189T1079,15189T107,"CenterPoint Energy, Inc.",283875541.18000001,7726607
2025-06-30,15677J108,US15677J1088,15677J108,"Dayforce, Inc.",104816047.92,1892328
2025-06-30,159864107,US1598641074,159864107,"Charles River Laboratories International, Inc.",88226898.290000007,581473
2025-06-30,16119P108,US16119P1084,16119P108,"Charter Communications, Inc.",461806084.35000002,1129635
2025-06-30,165167735,US1651677353,165167735,Expand Energy Corp.,299791593.83999997,2563636
2025-06-30,166764100,US1667641005,166764100,Chevron Corp.,2753199614.4299998,19227597
2025-06-30,169656105,US1696561059,169656105,"Chipotle Mexican Grill, Inc.",895578855.54999995,15949757
2025-06-30,171340102,US1713401024,171340102,"Church & Dwight Co., Inc.",280168050.47000003,2915077
2025-06-30,172062101,US1720621010,172062101,Cincinnati Financial Corp.,275514062.51999998,1850081
2025-06-30,17275R102,US17275R1023,17275R102,"Cisco Systems, Inc.",3267396151.04,47094208
2025-06-30,172908105,US1729081059,172908105,Cintas Corp.,905590791.17999995,4063314
2025-06-30,172967424,US1729674242,172967424,"Citigroup, Inc.",1881981068.8,22109740
2025-06-30,174610105,US1746101054,174610105,"Citizens Financial Group, Inc.",229726541.5,5133554
2025-06-30,189054109,US1890541097,189054109,Clorox Co. (The),175210826.72999999,1459239
2025-06-30,191216100,US1912161007,191216100,Coca-Cola Co. (The),3244212313.25,45854591
2025-06-30,192446102,US1924461023,192446102,Cognizant Technology Solutions Corp.,455433799.5,5836650
2025-06-30,19260Q107,US19260Q1076,19260Q107,"Coinbase Global, Inc.",877194455.34000003,2502766
2025-06-30,194162103,US1941621039,194162103,Colgate-Palmolive Co.,872035333.20000005,9593348
2025-06-30,20030N101,US20030N1019,20030N101,Comcast Corp.,1573495937.54,44087866
2025-06-30,205887102,US2058871029,205887102,"Conagra Brands, Inc.",115678590.16,5651128
2025-06-30,20825C104,US20825C1045,20825C104,ConocoPhillips,1341105789.52,14944348
2025-06-30,209115104,US2091151041,209115104,"Consolidated Edison, Inc.",428004792,4265120
2025-06-30,21036P108,US21036P1084,21036P108,"Constellation Brands, Inc.",294743298.63999999,1811798
2025-06-30,21037T109,US21037T1097,21037T109,Constellation Energy Corp.,1197492209.8800001,3710163
2025-06-30,216648501,US2166485019,216648501,"Cooper Cos., Inc. (The)",168455787.12,2367282
2025-06-30,217204106,US2172041061,217204106,"Copart, Inc.",510680273.52999997,10407179
2025-06-30,219350105,US2193501051,219350105,"Corning, Inc.",479878753.94999999,9124905
2025-06-30,219948106,US2199481068,219948106,"Corpay, Inc.",277002008.72000003,834796
2025-06-30,22052L104,US22052L1044,22052L104,"Corteva, Inc.",601885945.62,8075754
2025-06-30,22160K105,US22160K1051,22160K105,Costco Wholesale Corp.,5199494530.0200005,5252333
2025-06-30,22160N109,US22160N1090,22160N109,"CoStar Group, Inc.",401533438.80000001,4994197
2025-06-30,22788C105,US22788C1053,22788C105,"Crowdstrike Holdings, Inc.",1501661827.4400001,2948424
2025-06-30,22822V101,US22822V1017,22822V101,"Crown Castle, Inc.",529557843.23000002,5154851
2025-06-30,231021106,US2310211063,231021106,"Cummins, Inc.",533974012.5,1630455
2025-06-30,23331A109,US23331A1097,23331A109,"DR Horton, Inc.",421918417.80000001,3272715
2025-06-30,233331107,US2333311072,233331107,DTE Energy Co.,325338052.57999998,2456123
2025-06-30,235851102,US2358511028,235851102,Danaher Corp.,1489484589.1800001,7540167
2025-06-30,237194105,US2371941053,237194105,"Darden Restaurants, Inc.",301948173.77999997,1385274
2025-06-30,23918K108,US23918K1088,23918K108,"DaVita, Inc.",70090100.849999994,492033
2025-06-30,243537107,US2435371073,243537107,Deckers Outdoor Corp.,185218026.84,1797012
2025-06-30,244199105,US2441991054,244199105,Deere & Co.,1519844066.6400001,2988936
2025-06-30,24703L202,US24703L2025,24703L202,"Dell Technologies, Inc.",434839028.60000002,3546811
2025-06-30,247361702,US2473617023,247361702,"Delta Air Lines, Inc.",380111187.22000003,7728979
2025-06-30,25179M103,US25179M1036,25179M103,Devon Energy Corp.,241800025.03999999,7601384
2025-06-30,252131107,US2521311074,252131107,"Dexcom, Inc.",405139513.44999999,4641305
2025-06-30,25278X109,US25278X1090,25278X109,"Diamondback Energy, Inc.",304095328.80000001,2213212
2025-06-30,253868103,US2538681030,253868103,"Digital Realty Trust, Inc.",653347523.78999996,3747763
2025-06-30,254687106,US2546871060,254687106,Walt Disney Co. (The),2639119187.0300002,21281503
2025-06-30,256677105,US2566771059,256677105,Dollar General Corp.,297825617.88,2603826
2025-06-30,256746108,US2567461080,256746108,"Dollar Tree, Inc.",231641486.72,2338868
2025-06-30,25746U109,US25746U1097,25746U109,"Dominion Energy, Inc.",570547187.63999999,10094607
2025-06-30,25754A201,US25754A2015,25754A201,"Domino's Pizza, Inc.",182563293.59999999,405156
2025-06-30,25809K105,US25809K1051,25809K105,"DoorDash, Inc.",1000436677.02,4058402
2025-06-30,260003108,US2600031080,260003108,Dover Corp.,297398047.77999997,1623086
2025-06-30,260557103,US2605571031,260557103,"Dow, Inc.",221569943.59999999,8367445
2025-06-30,26441C204,US26441C2044,26441C204,Duke Energy Corp.,1085741836,9201202
2025-06-30,26614N102,US26614N1028,26614N102,"DuPont de Nemours, Inc.",339801033.10000002,4954090
2025-06-30,26875P101,US26875P1012,26875P101,"EOG Resources, Inc.",772817433.84000003,6461144
2025-06-30,26884L109,US26884L1098,26884L109,EQT Corp.,413261118.72000003,7086096
2025-06-30,277432100,US2774321002,277432100,Eastman Chemical Co.,102035582.2,1366670
2025-06-30,278642103,US2786421030,278642103,"eBay, Inc.",406367013.66000003,5457521
2025-06-30,278865100,US2788651006,278865100,"Ecolab, Inc.",804826171.51999998,2987033
2025-06-30,281020107,US2810201077,281020107,Edison International,235024119.59999999,4554731
2025-06-30,28176E108,US28176E1082,28176E108,Edwards Lifesciences Corp.,543084374.25,6943925
2025-06-30,285512109,US2855121099,285512109,"Electronic Arts, Inc.",431479695.80000001,2701814
2025-06-30,291011104,US2910111044,291011104,Emerson Electric Co.,887242618.38,6654486
2025-06-30,29355A107,US29355A1079,29355A107,"Enphase Energy, Inc.",62052884.399999999,1565016
2025-06-30,29364G103,US29364G1031,29364G103,Entergy Corp.,439113068.72000003,5282881
2025-06-30,29414B104,US29414B1044,29414B104,"EPAM Systems, Inc.",118260929.22,668821
2025-06-30,294429105,US2944291051,294429105,"Equifax, Inc.",381269231.33999997,1469982
2025-06-30,29444U700,US29444U7000,29444U700,"Equinix, Inc.",921285512.54999995,1158165
2025-06-30,29476L107,US29476L1070,29476L107,Equity Residential,273204109.31999999,4048068
2025-06-30,29530P102,US29530P1021,29530P102,Erie Indemnity Co.,102274960.01000001,294919
2025-06-30,297178105,US2971781057,297178105,"Essex Property Trust, Inc.",216001528.59999999,762179
2025-06-30,30034W106,US30034W1062,30034W106,"Evergy, Inc.",187759874.53,2723921
2025-06-30,30040W108,US30040W1080,30040W108,Eversource Energy,276693368.33999997,4349157
2025-06-30,30161N101,US30161N1019,30161N101,Exelon Corp.,518899307.16000003,11950698
2025-06-30,30212P303,US30212P3038,30212P303,"Expedia Group, Inc.",242846065.80000001,1439685
2025-06-30,302130109,US3021301094,302130109,"Expeditors International of Washington, Inc.",185239808.75,1621355
2025-06-30,30225T102,US30225T1025,30225T102,"Extra Space Storage, Inc.",370354830.88,2511902
2025-06-30,30231G102,US30231G1022,30231G102,Exxon Mobil Corp.,5500158771.8000002,51021881
2025-06-30,30303M102,US30303M1027,30303M102,"Meta Platforms, Inc.",18970727225.220001,25702458
2025-06-30,303075105,US3030751057,303075105,"FactSet Research Systems, Inc.",200563482.96000001,448407
2025-06-30,303250104,US3032501047,303250104,Fair Isaac Corp.,526057640.63999999,287784
2025-06-30,311900104,US3119001044,311900104,Fastenal Co.,570389106,13580693
2025-06-30,313745101,US3137451015,313745101,Federal Realty Investment Trust,87310248.480000004,919152
2025-06-30,31428X106,US31428X1063,31428X106,FedEx Corp.,593129302.71000004,2609341
2025-06-30,315616102,US3156161024,315616102,"F5, Inc.",200259448.47999999,680414
2025-06-30,31620M106,US31620M1062,31620M106,"Fidelity National Information Services, Inc.",506332181.52999997,6219533
2025-06-30,316773100,US3167731005,316773100,Fifth Third Bancorp,325111262.39999998,7904480
2025-06-30,336433107,US3364331070,336433107,"First Solar, Inc.",210116280.12,1269278
2025-06-30,337738108,US3377381088,337738108,"Fiserv, Inc.",1131592345.8,6563380
2025-06-30,337932107,US3379321074,337932107,FirstEnergy Corp.,244802781.96000001,6080546
2025-06-30,345370860,US3453708600,345370860,Ford Motor Co.,501642740.89999998,46234354
2025-06-30,34959E109,US34959E1091,34959E109,"Fortinet, Inc.",795070431.60000002,7520530
2025-06-30,34959J108,US34959J1088,34959J108,Fortive Corp.,209909368.75999999,4026652
2025-06-30,35137L105,US35137L1052,35137L105,Fox Corp.,141978460.80000001,2533520
2025-06-30,35137L204,US35137L2043,35137L204,Fox Corp.,80450485.560000002,1558212
2025-06-30,354613101,US3546131018,354613101,"Franklin Resources, Inc.",87218662.950000003,3656967
2025-06-30,35671D857,US35671D8570,35671D857,"Freeport-McMoRan, Inc.",737025559.04999995,17001743
2025-06-30,36266G107,US36266G1076,36266G107,"GE HealthCare Technologies, Inc.",401468214.32999998,5420119
2025-06-30,363576109,US3635761097,363576109,Arthur J Gallagher & Co.,970444740.36000001,3031503
2025-06-30,366651107,US3666511072,366651107,"Gartner, Inc.",368142960.77999997,910749
2025-06-30,36828A101,US36828A1016,36828A101,"GE Vernova, Inc.",1709640788.8499999,3230919
2025-06-30,368736104,US3687361044,368736104,"Generac Holdings, Inc.",100732625.11,703391
2025-06-30,369550108,US3695501086,369550108,General Dynamics Corp.,869841242.46000004,2982381
2025-06-30,369604301,US3696043013,369604301,GE Aerospace,3249158804.1500001,12623485
2025-06-30,370334104,US3703341046,370334104,"General Mills, Inc.",335846719.56,6482276
2025-06-30,37045V100,US37045V1008,37045V100,General Motors Co.,560127805.58000004,11382398
2025-06-30,372460105,US3724601055,372460105,Genuine Parts Co.,199059883.88999999,1640919
2025-06-30,375558103,US3755581036,375558103,"Gilead Sciences, Inc.",1632588134.8900001,14725247
2025-06-30,37940X102,US37940X1028,37940X102,"Global Payments, Inc.",231086365.44,2887136
2025-06-30,37959E102,US37959E1029,37959E102,"Globe Life, Inc.",121478435.91,977379
2025-06-30,380237107,US3802371076,380237107,"GoDaddy, Inc.",303694597.80000001,1686630
2025-06-30,38141G104,US38141G1040,38141G104,"Goldman Sachs Group, Inc. (The)",2570797835.75,3632353
2025-06-30,384802104,US3848021040,384802104,"WW Grainger, Inc.",538503121.27999997,517672
2025-06-30,40412C101,US40412C1018,40412C101,"HCA Healthcare, Inc.",785497896.29999995,2050373
2025-06-30,40434L105,US40434L1052,40434L105,"HP, Inc.",272951292.48000002,11159088
2025-06-30,406216101,US4062161017,406216101,Halliburton Co.,207406261.38,10176951
2025-06-30,416515104,US4165151048,416515104,"Hartford Insurance Group, Inc. (The)",426725215.07999998,3363484
2025-06-30,418056107,US4180561072,418056107,"Hasbro, Inc.",115121256.52,1559486
2025-06-30,42250P103,US42250P1030,42250P103,"Healthpeak Properties, Inc.",144483012.06999999,8251457
2025-06-30,426281101,US4262811015,426281101,"Jack Henry & Associates, Inc.",155010520.69,860357
2025-06-30,427866108,US4278661081,427866108,Hershey Co. (The),290674701,1751580
2025-06-30,42809H107,US42809H1077,42809H107,Hess Corp.,454714464.06,3282189
2025-06-30,42824C109,US42824C1099,42824C109,Hewlett Packard Enterprise Co.,317989565.39999998,15549612
2025-06-30,43300A203,US43300A2033,43300A203,"Hilton Worldwide Holdings, Inc.",749392601.46000004,2813669
2025-06-30,436440101,US4364401012,436440101,"Hologic, Inc.",171919512.36000001,2638421
2025-06-30,437076102,US4370761029,437076102,"Home Depot, Inc. (The)",4313968367.3599997,11766224
2025-06-30,438516106,US4385161066,438516106,"Honeywell International, Inc.",1771714477.8399999,7607843
2025-06-30,440452100,US4404521001,440452100,Hormel Foods Corp.,104366553.5,3450134
2025-06-30,44107P104,US44107P1049,44107P104,"Host Hotels & Resorts, Inc.",126679296,8247350
2025-06-30,443201108,US4432011082,443201108,"Howmet Aerospace, Inc.",889534441.38999999,4779103
2025-06-30,443510607,US4435106079,443510607,"Hubbell, Inc.",258220898.19,632259
2025-06-30,444859102,US4448591028,444859102,"Humana, Inc.",349249214.72000003,1428539
2025-06-30,445658107,US4456581077,445658107,"JB Hunt Transport Services, Inc.",133185553.59999999,927476
2025-06-30,446150104,US4461501045,446150104,"Huntington Bancshares, Inc.",289034479.44,17245494
2025-06-30,446413106,US4464131063,446413106,"Huntington Ingalls Industries, Inc.",112125572.90000001,464365
2025-06-30,45167R104,US45167R1041,45167R104,IDEX Corp.,156905504.44,893692
2025-06-30,45168D104,US45168D1046,45168D104,"IDEXX Laboratories, Inc.",510407424.66000003,951649
2025-06-30,452308109,US4523081093,452308109,"Illinois Tool Works, Inc.",780321494.5,3156002
2025-06-30,45337C102,US45337C1027,45337C102,Incyte Corp.,129116306.09999999,1895981
2025-06-30,45687V106,US45687V1061,45687V106,"Ingersoll Rand, Inc.",397266432.30000001,4775985
2025-06-30,45784P101,US45784P1012,45784P101,Insulet Corp.,261856776.97999999,833461
2025-06-30,458140100,US4581401001,458140100,Intel Corp.,1156650432,51636180
2025-06-30,45866F104,US45866F1049,45866F104,"Intercontinental Exchange, Inc.",1245916882.5599999,6790848
2025-06-30,459200101,US4592001014,459200101,International Business Machines Corp.,3243254456.6399999,11002288
2025-06-30,459506101,US4595061015,459506101,"International Flavors & Fragrances, Inc.",222708958.69999999,3027994
2025-06-30,460146103,US4601461035,460146103,International Paper Co.,292665349.41000003,6249527
2025-06-30,460690100,US4606901001,460690100,"Interpublic Group of Cos., Inc. (The)",107524776.95999999,4392352
2025-06-30,461202103,US4612021034,461202103,"Intuit, Inc.",2606592173.5599999,3309412
2025-06-30,46120E602,US46120E6023,46120E602,"Intuitive Surgical, Inc.",2305813070.8899999,4243229
2025-06-30,46187W107,US46187W1071,46187W107,"Invitation Homes, Inc.",221322920,6747650
2025-06-30,46266C105,US46266C1053,46266C105,"IQVIA Holdings, Inc.",306604582.56,1945584
2025-06-30,46284V101,US46284V1017,46284V101,"Iron Mountain, Inc.",358228699.52999997,3492529
2025-06-30,46625H100,US46625H1005,46625H100,JPMorgan Chase & Co.,9537587320.2199993,32898442
2025-06-30,466313103,US4663131039,466313103,"Jabil, Inc.",277086453.60000002,1270456
2025-06-30,46982L108,US46982L1089,46982L108,"Jacobs Solutions, Inc.",186987099.19999999,1422496
2025-06-30,478160104,US4781601046,478160104,Johnson & Johnson,4350707679.5,28482538
2025-06-30,48203R104,US48203R1041,48203R104,"Juniper Networks, Inc.",156017850.12,3907284
2025-06-30,482480100,US4824801009,482480100,KLA Corp.,1402195874.7,1565405
2025-06-30,48251W104,US48251W1045,48251W104,"KKR & Co., Inc.",1065999055.6900001,8013223
2025-06-30,487836108,US4878361082,487836108,Kellanova,253145262.47999999,3183016
2025-06-30,49177J102,US49177J1025,49177J102,"Kenvue, Inc.",475682221.56,22727292
2025-06-30,49271V100,US49271V1008,49271V100,"Keurig Dr Pepper, Inc.",531549259.19999999,16078320
2025-06-30,493267108,US4932671088,493267108,KeyCorp,203400100.80000001,11676240
2025-06-30,49338L103,US49338L1035,49338L103,"Keysight Technologies, Inc.",335210859.89999998,2045715
2025-06-30,494368103,US4943681035,494368103,Kimberly-Clark Corp.,506409491.72000003,3928091
2025-06-30,49446R109,US49446R1095,49446R109,Kimco Realty Corp.,168550257.31999999,8018566
2025-06-30,49456B101,US49456B1017,49456B101,"Kinder Morgan, Inc.",672807004.79999995,22884592
2025-06-30,500754106,US5007541064,500754106,Kraft Heinz Co. (The),264084197.25999999,10227893
2025-06-30,501044101,US5010441013,501044101,Kroger Co. (The),520266727.98000002,7253126
2025-06-30,501889208,US5018892084,501889208,LKQ Corp.,113510891.33,3067033
2025-06-30,502431109,US5024311095,502431109,"L3Harris Technologies, Inc.",555052982.67999995,2212777
2025-06-30,504922105,US5049221055,504922105,"Labcorp Holdings, Inc.",260009854.75999999,990476
2025-06-30,512807306,US5128073062,512807306,Lam Research Corp.,1474462809.02,15147553
2025-06-30,513272104,US5132721045,513272104,"Lamb Weston Holdings, Inc.",86604640.200000003,1670292
2025-06-30,517834107,US5178341070,517834107,Las Vegas Sands Corp.,174691040.13,4014963
2025-06-30,518439104,US5184391044,518439104,"Estee Lauder Cos., Inc. (The)",224004829.59999999,2772337
2025-06-30,525327102,US5253271028,525327102,"Leidos Holdings, Inc.",240397212.16,1523816
2025-06-30,526057104,US5260571048,526057104,Lennar Corp.,304014460.86000001,2748526
2025-06-30,526107107,US5261071071,526107107,"Lennox International, Inc.",216708222.84,378041
2025-06-30,532457108,US5324571083,532457108,Eli Lilly & Co.,7258716760.7399998,9311658
2025-06-30,538034109,US5380341090,538034109,"Live Nation Entertainment, Inc.",282235683.27999997,1865651
2025-06-30,539830109,US5398301094,539830109,Lockheed Martin Corp.,1143217091.7,2468405
2025-06-30,540424108,US5404241086,540424108,Loews Corp.,188877895.75999999,2060636
2025-06-30,548661107,US5486611073,548661107,"Lowe's Cos., Inc.",1469995469.47,6625481
2025-06-30,550021109,US5500211090,550021109,"Lululemon Athletica, Inc.",310841594.27999997,1308366
2025-06-30,55261F104,US55261F1049,55261F104,M&T Bank Corp.,368677801.00999999,1900499
2025-06-30,552953101,US5529531015,552953101,MGM Resorts International,84212306.159999996,2448744
2025-06-30,55354G100,US55354G1004,55354G100,"MSCI, Inc.",528674488.39999998,916660
2025-06-30,56585A102,US56585A1025,56585A102,Marathon Petroleum Corp.,604083100.95000005,3636645
2025-06-30,57060D108,US57060D1081,57060D108,"MarketAxess Holdings, Inc.",99441464.980000004,445247
2025-06-30,571748102,US5717481023,571748102,"Marsh & McLennan Cos., Inc.",1275312252.48,5832932
2025-06-30,571903202,US5719032022,571903202,"Marriott International, Inc.",735214393.83000004,2691023
2025-06-30,573284106,US5732841060,573284106,"Martin Marietta Materials, Inc.",391964576.48000002,714013
2025-06-30,574599106,US5745991068,574599106,Masco Corp.,161017521.36000001,2501826
2025-06-30,57636Q104,US57636Q1040,57636Q104,"Mastercard, Inc.",5395938377.6599998,9602339
2025-06-30,57667L107,US57667L1070,57667L107,"Match Group, Inc.",89682133.859999999,2903274
2025-06-30,579780206,US5797802064,579780206,"McCormick & Co., Inc.",226784595.44,2991092
2025-06-30,580135101,US5801351017,580135101,McDonald's Corp.,2473053389.6100001,8464433
2025-06-30,58155Q103,US58155Q1031,58155Q103,McKesson Corp.,1085390072.0999999,1481195
2025-06-30,58933Y105,US58933Y1055,58933Y105,"Merck & Co., Inc.",2353060764.1599998,29725376
2025-06-30,59156R108,US59156R1086,59156R108,"MetLife, Inc.",536858989.80000001,6675690
2025-06-30,592688105,US5926881054,592688105,"Mettler-Toledo International, Inc.",288736778.24000001,245792
2025-06-30,594918104,US5949181045,594918104,Microsoft Corp.,43764650186.830002,87985063
2025-06-30,595017104,US5950171042,595017104,"Microchip Technology, Inc.",447990127.32999998,6366209
2025-06-30,595112103,US5951121038,595112103,"Micron Technology, Inc.",1630579505.5,13229854
2025-06-30,59522J103,US59522J1034,59522J103,"Mid-America Apartment Communities, Inc.",205088132.37,1385637
2025-06-30,60770K107,US60770K1079,60770K107,"Moderna, Inc.",111157075.09999999,4028890
2025-06-30,608190104,US6081901042,608190104,"Mohawk Industries, Inc.",64868911.280000001,618742
2025-06-30,60855R100,US60855R1005,60855R100,"Molina Healthcare, Inc.",191149322.40000001,641656
2025-06-30,60871R209,US60871R2094,60871R209,Molson Coors Beverage Co.,97685601.719999999,2031308
2025-06-30,609207105,US6092071058,609207105,"Mondelez International, Inc.",1033688488.3200001,15327528
2025-06-30,609839105,US6098391054,609839105,"Monolithic Power Systems, Inc.",414376503.83999997,566568
2025-06-30,61174X109,US61174X1090,61174X109,Monster Beverage Corp.,520652091.60000002,8311815
2025-06-30,615369105,US6153691059,615369105,Moody's Corp.,918514115.95000005,1831205
2025-06-30,617446448,US6174464486,617446448,Morgan Stanley,2059861984.2,14623470
2025-06-30,61945C103,US61945C1036,61945C103,Mosaic Co. (The),136734481.91999999,3748204
2025-06-30,620076307,US6200763075,620076307,"Motorola Solutions, Inc.",830961825.36000001,1976316
2025-06-30,629377508,US6293775085,629377508,"NRG Energy, Inc.",371616323.54000002,2314213
2025-06-30,62944T105,US62944T1051,62944T105,"NVR, Inc.",257427179.30000001,34855
2025-06-30,631103108,US6311031081,631103108,"Nasdaq, Inc.",437565413.66000003,4893373
2025-06-30,64110D104,US64110D1046,64110D104,"NetApp, Inc.",256562917.05000001,2407911
2025-06-30,64110L106,US64110L1061,64110L106,"Netflix, Inc.",6746167340.1199999,5037724
2025-06-30,651639106,US6516391066,651639106,Newmont Corp.,767635391.27999997,13176028
2025-06-30,65249B109,US65249B1098,65249B109,News Corp.,132572865.88,4460729
2025-06-30,65249B208,US65249B2088,65249B208,News Corp.,45231147.479999997,1318308
2025-06-30,65339F101,US65339F1012,65339F101,"NextEra Energy, Inc.",1691734855.2,24369560
2025-06-30,654106103,US6541061031,654106103,"NIKE, Inc.",990237216,13939150
2025-06-30,65473P105,US65473P1057,65473P105,"NiSource, Inc.",224784080.91999999,5572238
2025-06-30,655663102,US6556631025,655663102,Nordson Corp.,137215235.81999999,640086
2025-06-30,655844108,US6558441084,655844108,Norfolk Southern Corp.,683112002.42999995,2668719
2025-06-30,665859104,US6658591044,665859104,Northern Trust Corp.,292007766.77999997,2303082
2025-06-30,666807102,US6668071029,666807102,Northrop Grumman Corp.,800818465.98000002,1601701
2025-06-30,668771108,US6687711084,668771108,"Gen Digital, Inc.",189950401.19999999,6460898
2025-06-30,670346105,US6703461052,670346105,Nucor Corp.,353838121.38,2731497
2025-06-30,67066G104,US67066G1040,67066G104,NVIDIA Corp.,45611354836.669998,288697733
2025-06-30,67103H107,US67103H1077,67103H107,"O'Reilly Automotive, Inc.",912105325.17999995,10119886
2025-06-30,674599105,US6745991058,674599105,Occidental Petroleum Corp.,352343205.26999998,8387127
2025-06-30,679580100,US6795801009,679580100,"Old Dominion Freight Line, Inc.",357333150.89999998,2201683
2025-06-30,681919106,US6819191064,681919106,"Omnicom Group, Inc.",166150393.86000001,2309569
2025-06-30,682189105,US6821891057,682189105,ON Semiconductor Corp.,259283223.69,4947209
2025-06-30,682680103,US6826801036,682680103,"ONEOK, Inc.",603609116.75999999,7394452
2025-06-30,68389X105,US68389X1054,68389X105,Oracle Corp.,4209414568,19253600
2025-06-30,68902V107,US68902V1070,68902V107,Otis Worldwide Corp.,462638867.51999998,4672176
2025-06-30,69331C108,US69331C1080,69331C108,PG&E Corp.,362656780.94,26015551
2025-06-30,693475105,US6934751057,693475105,"PNC Financial Services Group, Inc. (The)",872865231.41999996,4682251
2025-06-30,693506107,US6935061076,693506107,"PPG Industries, Inc.",305682195,2687316
2025-06-30,69351T106,US69351T1060,69351T106,PPL Corp.,296569390.49000001,8750941
2025-06-30,69370C100,US69370C1009,69370C100,"PTC, Inc.",244742446.75999999,1420114
2025-06-30,693718108,US6937181088,693718108,"PACCAR, Inc.",590749704.58000004,6214493
2025-06-30,695156109,US6951561090,695156109,Packaging Corp. of America,199350136.44999999,1057841
2025-06-30,69608A108,US69608A1088,69608A108,"Palantir Technologies, Inc.",3432338845.4400001,25178542
2025-06-30,697435105,US6974351057,697435105,"Palo Alto Networks, Inc.",1603967910.72,7837998
2025-06-30,701094104,US7010941042,701094104,Parker-Hannifin Corp.,1056286402.42,1512286
2025-06-30,704326107,US7043261079,704326107,"Paychex, Inc.",551974007.34000003,3794679
2025-06-30,70432V102,US70432V1026,70432V102,"Paycom Software, Inc.",133540245.8,577097
2025-06-30,70450Y103,US70450Y1038,70450Y103,"PayPal Holdings, Inc.",855644450.63999999,11512977
2025-06-30,713448108,US7134481081,713448108,"PepsiCo, Inc.",2143057526.6400001,16230366
2025-06-30,714046109,US7140461093,714046109,"Revvity, Inc.",134999454.72,1395776
2025-06-30,717081103,US7170811035,717081103,"Pfizer, Inc.",1631403800.8800001,67302137
2025-06-30,718172109,US7181721090,718172109,"Philip Morris International, Inc.",3355919366.2800002,18425956
2025-06-30,718546104,US7185461040,718546104,Phillips 66,575468483.70000005,4823709
2025-06-30,723484101,US7234841010,723484101,Pinnacle West Capital Corp.,126412968.23,1412909
2025-06-30,73278L105,US73278L1052,73278L105,Pool Corp.,129673039.44,444878
2025-06-30,74144T108,US74144T1088,74144T108,"T. Rowe Price Group, Inc.",248727785,2577490
2025-06-30,74251V102,US74251V1026,74251V102,"Principal Financial Group, Inc.",193962261.61000001,2441927
2025-06-30,742718109,US7427181091,742718109,Procter & Gamble Co. (The),4421828936.8400002,27754387
2025-06-30,743315103,US7433151039,743315103,Progressive Corp. (The),1851901122.28,6939598
2025-06-30,74340W103,US74340W1036,74340W103,"Prologis, Inc.",1154725224.48,10984829
2025-06-30,744320102,US7443201022,744320102,"Prudential Financial, Inc.",450240212.80000001,4190620
2025-06-30,744573106,US7445731067,744573106,"Public Service Enterprise Group, Inc.",497286447.24000001,5907418
2025-06-30,74460D109,US74460D1090,74460D109,Public Storage,548369116.96000004,1868888
2025-06-30,745867101,US7458671010,745867101,"PulteGroup, Inc.",250193409.46000001,2372401
2025-06-30,747525103,US7475251036,747525103,"QUALCOMM, Inc.",2068603613.96,12988846
2025-06-30,74762E102,US74762E1029,74762E102,"Quanta Services, Inc.",663131903.67999995,1753946
2025-06-30,74834L100,US74834L1008,74834L100,"Quest Diagnostics, Inc.",237395595.03,1321581
2025-06-30,750940108,US7509401086,750940108,Ralliant Corp.,65084112.049999997,1342217.2004
2025-06-30,751212101,US7512121010,751212101,Ralph Lauren Corp.,129596751.44,472498
2025-06-30,754730109,US7547301090,754730109,"Raymond James Financial, Inc.",329658232.47000003,2149431
2025-06-30,75513E101,US75513E1010,75513E101,RTX Corp.,2309319003.7399998,15815087
2025-06-30,756109104,US7561091049,756109104,Realty Income Corp.,615844332.46000004,10689886
2025-06-30,758849103,US7588491032,758849103,Regency Centers Corp.,137733675.81,1933647
2025-06-30,75886F107,US75886F1075,75886F107,"Regeneron Pharmaceuticals, Inc.",645285375,1229115
2025-06-30,7591EP100,US7591EP1005,7591EP100,Regions Financial Corp.,250298028.96000001,10641923
2025-06-30,760759100,US7607591002,760759100,"Republic Services, Inc.",592999639.04999995,2404605
2025-06-30,761152107,US7611521078,761152107,"ResMed, Inc.",447917928,1736116
2025-06-30,773903109,US7739031091,773903109,"Rockwell Automation, Inc.",443384502.04000002,1334812
2025-06-30,775711104,US7757111049,775711104,"Rollins, Inc.",187743417.68000001,3327604
2025-06-30,776696106,US7766961061,776696106,"Roper Technologies, Inc.",721216039.79999995,1272345
2025-06-30,778296103,US7782961038,778296103,"Ross Stores, Inc.",496684632.33999997,3893123
2025-06-30,78409V104,US78409V1044,78409V104,"S&P Global, Inc.",1959796670.8599999,3716734
2025-06-30,78410G104,US78410G1040,78410G104,SBA Communications Corp.,298630058.88,1271632
2025-06-30,79466L302,US79466L3024,79466L302,"Salesforce, Inc.",3097143484.0500002,11357745
2025-06-30,806407102,US8064071025,806407102,"Henry Schein, Inc.",105270747.90000001,1441078
2025-06-30,806857108,AN8068571086,806857108,Schlumberger NV,544258247,16102315
2025-06-30,808513105,US8085131055,808513105,Charles Schwab Corp. (The),1844713221.24,20218251
2025-06-30,816851109,US8168511090,816851109,Sempra,584939853.79999995,7719940
2025-06-30,81762P102,US81762P1021,81762P102,"ServiceNow, Inc.",2519049935.7600002,2450247
2025-06-30,824348106,US8243481061,824348106,Sherwin-Williams Co. (The),937092618.24000001,2729184
2025-06-30,828806109,US8288061091,828806109,"Simon Property Group, Inc.",583898164.36000001,3632111
2025-06-30,83088M102,US83088M1027,83088M102,"Skyworks Solutions, Inc.",132478526.16,1777758
2025-06-30,831865209,US8318652091,831865209,A O Smith Corp.,90250613.569999993,1376401
2025-06-30,832696405,US8326964058,832696405,J M Smucker Co. (The),123496811,1257605
2025-06-30,833034101,US8330341012,833034101,"Snap-on, Inc.",192448648.63999999,618448
2025-06-30,83444M101,US83444M1018,83444M101,Solventum Corp.,124280297.28,1638717
2025-06-30,842587107,US8425871071,842587107,Southern Co. (The),1194762479.7,13010590
2025-06-30,844741108,US8447411088,844741108,Southwest Airlines Co.,218844846.47999999,6746142
2025-06-30,854502101,US8545021011,854502101,"Stanley Black & Decker, Inc.",124063393.5,1831194
2025-06-30,855244109,US8552441094,855244109,Starbucks Corp.,1232668426.99,13452673
2025-06-30,857477103,US8574771031,857477103,State Street Corp.,358975340.88,3375732
2025-06-30,858119100,US8581191009,858119100,"Steel Dynamics, Inc.",209168724.03,1634003
2025-06-30,863667101,US8636671013,863667101,Stryker Corp.,1610836425.99,4071573
2025-06-30,86800U302,US86800U3023,86800U302,"Super Micro Computer, Inc.",297772360.47000003,6075747
2025-06-30,871607107,US8716071076,871607107,"Synopsys, Inc.",938276687.88,1830141
2025-06-30,87165B103,US87165B1035,87165B103,Synchrony Financial,300769883.33999997,4506591
2025-06-30,871829107,US8718291078,871829107,Sysco Corp.,434626188.77999997,5738397
2025-06-30,872540109,US8725401090,872540109,"TJX Cos., Inc. (The)",1632162513.8900001,13216961
2025-06-30,87256C101,US87256C1018,87256C101,"TKO Group Holdings, Inc.",144444464.55000001,793869
2025-06-30,872590104,US8725901040,872590104,"T-Mobile US, Inc.",1344963880.9200001,5644942
2025-06-30,874054109,US8740541094,874054109,"Take-Two Interactive Software, Inc.",487061174.25,2005605
2025-06-30,876030107,US8760301072,876030107,"Tapestry, Inc.",215919082.34999999,2458935
2025-06-30,87612E106,US87612E1064,87612E106,Target Corp.,530595535.89999998,5378566
2025-06-30,87612G101,US87612G1013,87612G101,Targa Resources Corp.,447033262.07999998,2567976
2025-06-30,879360105,US8793601050,879360105,"Teledyne Technologies, Inc.",284319754.56,554976
2025-06-30,880770102,US8807701029,880770102,"Teradyne, Inc.",170788832.63999999,1899342
2025-06-30,88160R101,US88160R1014,88160R101,"Tesla, Inc.",10537488993.5,33172225
2025-06-30,882508104,US8825081040,882508104,"Texas Instruments, Inc.",2232783889.6999998,10754185
2025-06-30,88262P102,US88262P1021,88262P102,Texas Pacific Land Corp.,235602436.13999999,223026
2025-06-30,883203101,US8832031012,883203101,"Textron, Inc.",171626539.06999999,2137583
2025-06-30,883556102,US8835561023,883556102,"Thermo Fisher Scientific, Inc.",1811984927.0599999,4468961
2025-06-30,88579Y101,US88579Y1010,88579Y101,3M Co.,969959861.20000005,6371255
2025-06-30,892356106,US8923561067,892356106,Tractor Supply Co.,331213912.88999999,6276557
2025-06-30,893641100,US8936411003,893641100,"TransDigm Group, Inc.",1010866728.96,664764
2025-06-30,89417E109,US89417E1091,89417E109,"Travelers Cos., Inc. (The)",717621739.38,2682297
2025-06-30,896239100,US8962391004,896239100,"Trimble, Inc.",214617438.86000001,2824657
2025-06-30,89832Q109,US89832Q1094,89832Q109,Truist Financial Corp.,666441340.59000003,15502241
2025-06-30,902252105,US9022521051,902252105,"Tyler Technologies, Inc.",302406498.31999999,510098
2025-06-30,902494103,US9024941034,902494103,"Tyson Foods, Inc.",189542117.34,3388311
2025-06-30,902653104,US9026531049,902653104,"UDR, Inc.",145717656.21000001,3568887
2025-06-30,902973304,US9029733048,902973304,US Bancorp,834591362,18444008
2025-06-30,90353T100,US90353T1007,90353T100,"Uber Technologies, Inc.",2309599421.6999998,24754549
2025-06-30,90384S303,US90384S3031,90384S303,"Ulta Beauty, Inc.",250173762.30000001,534765
2025-06-30,907818108,US9078181081,907818108,Union Pacific Corp.,1627414050.24,7073253
2025-06-30,910047109,US9100471096,910047109,"United Airlines Holdings, Inc.",307888996.85000002,3866495
2025-06-30,911312106,US9113121068,911312106,"United Parcel Service, Inc.",876723959.29999995,8685595
2025-06-30,911363109,US9113631090,911363109,"United Rentals, Inc.",579461788.60000002,769129
2025-06-30,91324P102,US91324P1021,91324P102,"UnitedHealth Group, Inc.",3350081733.7800002,10738474
2025-06-30,913903100,US9139031002,913903100,"Universal Health Services, Inc.",122685105.55,677257
2025-06-30,91913Y100,US91913Y1001,91913Y100,Valero Energy Corp.,498408524.89999998,3707845
2025-06-30,92276F100,US92276F1003,92276F100,"Ventas, Inc.",337332396.60000002,5341764
2025-06-30,92338C103,US92338C1036,92338C103,Veralto Corp.,296175791.69999999,2933886
2025-06-30,92343E102,US92343E1029,92343E102,"VeriSign, Inc.",276165000,956250
2025-06-30,92343V104,US92343V1044,92343V104,"Verizon Communications, Inc.",2159542093.0999999,49908530
2025-06-30,92345Y106,US92345Y1064,92345Y106,"Verisk Analytics, Inc.",515940876.5,1656311
2025-06-30,92532F100,US92532F1003,92532F100,"Vertex Pharmaceuticals, Inc.",1353528649.2,3040271
2025-06-30,92556H206,US92556H2067,92556H206,Paramount Global,91892814.599999994,7123474
2025-06-30,92556V106,US92556V1061,92556V106,"Viatris, Inc.",124077242.04000001,13894428
2025-06-30,925652109,US9256521090,925652109,"VICI Properties, Inc.",407802397.60000002,12509276
2025-06-30,92826C839,US92826C8394,92826C839,"Visa, Inc.",7191415967.8500004,20254657
2025-06-30,92840M102,US92840M1027,92840M102,Vistra Corp.,778065168.37,4014577
2025-06-30,929160109,US9291601097,929160109,Vulcan Materials Co.,407884400.27999997,1563854
2025-06-30,92939U106,US92939U1060,92939U106,"WEC Energy Group, Inc.",393616646.19999999,3777511
2025-06-30,929740108,US9297401088,929740108,Westinghouse Air Brake Technologies Corp.,424093484.05000001,2025763
2025-06-30,931142103,US9311421039,931142103,"Walmart, Inc.",5000985185.0600004,51145277
2025-06-30,931427108,US9314271084,931427108,"Walgreens Boots Alliance, Inc.",97165181.680000007,8463866
2025-06-30,934423104,US9344231041,934423104,"Warner Bros Discovery, Inc.",305425857.66000003,26651471
2025-06-30,94106L109,US94106L1098,94106L109,"Waste Management, Inc.",991881384.94000006,4334767
2025-06-30,941848103,US9418481035,941848103,Waters Corp.,245846673.03999999,704351
2025-06-30,949746101,US9497461015,949746101,Wells Fargo & Co.,3086486876.1199999,38523301
2025-06-30,95040Q104,US95040Q1040,95040Q104,"Welltower, Inc.",1130574694.24,7354288
2025-06-30,955306105,US9553061055,955306105,"West Pharmaceutical Services, Inc.",186017414.80000001,850171
2025-06-30,958102105,US9581021055,958102105,Western Digital Corp.,264279147.93000001,4130007
2025-06-30,962166104,US9621661043,962166104,Weyerhaeuser Co.,220563524.50999999,8585579
2025-06-30,969457100,US9694571004,969457100,"Williams Cos., Inc. (The)",907871316.88,14454248
2025-06-30,969904101,US9699041011,969904101,"Williams-Sonoma, Inc.",237227126.44999999,1452085
2025-06-30,98138H101,US98138H1014,98138H101,"Workday, Inc.",615490560,2564544
2025-06-30,983134107,US9831341071,983134107,Wynn Resorts Ltd.,97592243.909999996,1041873
2025-06-30,98389B100,US98389B1008,98389B100,"Xcel Energy, Inc.",464930821.80000001,6827178
2025-06-30,98419M100,US98419M1009,98419M100,"Xylem, Inc.",372691722.48000002,2881043
2025-06-30,988498101,US9884981013,988498101,"Yum! Brands, Inc.",487941477.45999998,3292897
2025-06-30,989207105,US9892071054,989207105,Zebra Technologies Corp.,185629328.03999999,601989
2025-06-30,98956P102,US98956P1021,98956P102,"Zimmer Biomet Holdings, Inc.",213640635.74000001,2342294
2025-06-30,98978V103,US98978V1035,98978V103,"Zoetis, Inc.",821935878.54999995,5270509
2025-06-30,,BMG0450A1053,BMG0450A1053,Arch Capital Group Ltd.,402825868.35000002,4424227
2025-06-30,,BMG3223R1088,BMG3223R1088,Everest Group Ltd.,171091025.34999999,503431
2025-06-30,,BMG491BT1088,BMG491BT1088,Invesco Ltd.,83466225.939999998,5292722
2025-06-30,,BMG667211046,BMG667211046,Norwegian Cruise Line Holdings Ltd.,107267247.36,5289312
2025-06-30,,CH0044328745,CH0044328745,Chubb Ltd.,1278150191.28,4411674
2025-06-30,,CH0114405324,CH0114405324,Garmin Ltd.,380592362.48000002,1823459
2025-06-30,,CH1300646267,CH1300646267,Bunge Global SA,127707657.84,1590778
2025-06-30,,IE00028FXN24,IE00028FXN24,Smurfit WestRock plc,253322172.09999999,5870734
2025-06-30,,IE000IVNQZ81,IE000IVNQZ81,TE Connectivity plc,592114516.97000003,3510491
2025-06-30,,IE000S9YS762,IE000S9YS762,Linde plc,2614543553.5799999,5572581
2025-06-30,,IE00B4BNMY34,IE00B4BNMY34,Accenture plc,2215127590.1999998,7411180
2025-06-30,,IE00B8KQN827,IE00B8KQN827,Eaton Corp. plc,1653671925.3599999,4632264
2025-06-30,,IE00BDB6Q211,IE00BDB6Q211,Willis Towers Watson plc,359875442.5,1174145
2025-06-30,,IE00BFRT3W74,IE00BFRT3W74,Allegion plc,146832626.63999999,1018822
2025-06-30,,IE00BFY8C754,IE00BFY8C754,STERIS plc,279397479.80000001,1163090
2025-06-30,,IE00BK9ZQ967,IE00BK9ZQ967,Trane Technologies plc,1154928615.8,2640380
2025-06-30,,IE00BKVD2N49,IE00BKVD2N49,Seagate Technology Holdings plc,362552630.10000002,2511970
2025-06-30,,IE00BLP1HW54,IE00BLP1HW54,Aon plc,911831824.44000006,2555869
2025-06-30,,IE00BLS09M33,IE00BLS09M33,Pentair plc,200132795.52000001,1949472
2025-06-30,,IE00BTN1Y115,IE00BTN1Y115,Medtronic plc,1323459745.3800001,15182514
2025-06-30,,IE00BY7QL619,IE00BY7QL619,Johnson Controls International plc,822732587.86000001,7789553
2025-06-30,,JE00BJ1F3079,JE00BJ1F3079,Amcor plc,249284714.31,27125649
2025-06-30,,JE00BTDN8H13,JE00BTDN8H13,Aptiv plc,175877845.56,2578098
2025-06-30,,LR0008862868,LR0008862868,Royal Caribbean Cruises Ltd.,925978778.63999999,2957076
2025-06-30,,NL0009434992,NL0009434992,LyondellBasell Industries NV,176125666.41999999,3043997
2025-06-30,,NL0009538784,NL0009538784,NXP Semiconductors NV,653400244.23000002,2990527
2025-09-30,001055102,US0010551028,001055102,"Aflac, Inc.",659885286.89999998,5907657
2025-09-30,00130H105,US00130H1059,00130H105,AES Corp. (The),115004081.92,8738912
2025-09-30,00206R102,US00206R1023,00206R102,"AT&T, Inc.",2478276854.96,87757679
2025-09-30,002824100,US0028241000,002824100,Abbott Laboratories,2861136674.1399999,21361331
2025-09-30,00287Y109,US00287Y1091,00287Y109,"AbbVie, Inc.",5020089128.1599998,21681304
2025-09-30,00724F101,US00724F1012,00724F101,"Adobe, Inc.",1836294801.25,5205655
2025-09-30,007903107,US0079031078,007903107,"Advanced Micro Devices, Inc.",3222486624.48,19917712
2025-09-30,00846U101,US00846U1016,00846U101,"Agilent Technologies, Inc.",447411927.89999998,3485874
2025-09-30,009066101,US0090661010,009066101,"Airbnb, Inc.",639363236.72000003,5265716
2025-09-30,009158106,US0091581068,009158106,"Air Products & Chemicals, Inc.",744793683.75999999,2730983
2025-09-30,00971T101,US00971T1016,00971T101,"Akamai Technologies, Inc.",133322069.2,1759795
2025-09-30,012653101,US0126531013,012653101,Albemarle Corp.,117112519.56,1444407
2025-09-30,015271109,US0152711091,015271109,"Alexandria Real Estate Equities, Inc.",159199818.30000001,1910245
2025-09-30,016255101,US0162551016,016255101,"Align Technology, Inc.",103528264.62,826771
2025-09-30,018802108,US0188021085,018802108,Alliant Energy Corp.,212635340.19,3154359
2025-09-30,020002101,US0200021014,020002101,Allstate Corp. (The),694090308.14999998,3233591
2025-09-30,02079K107,US02079K1079,02079K107,"Alphabet, Inc.",13958675403.85,57313387
2025-09-30,02079K305,US02079K3059,02079K305,"Alphabet, Inc.",17355648024,71393040
2025-09-30,02209S103,US02209S1033,02209S103,"Altria Group, Inc.",1361982669.48,20617358
2025-09-30,023135106,US0231351067,023135106,"Amazon.com, Inc.",26153184923.970001,119110921
2025-09-30,023608102,US0236081024,023608102,Ameren Corp.,346362483.92000002,3318284
2025-09-30,025537101,US0255371017,025537101,"American Electric Power Co., Inc.",738365737.5,6563251
2025-09-30,025816109,US0258161092,025816109,American Express Co.,2212759240.3200002,6661727
2025-09-30,026874784,US0268747849,026874784,"American International Group, Inc.",534063596.22000003,6799893
2025-09-30,03027X100,US03027X1000,03027X100,American Tower Corp.,1105172264.96,5746528
2025-09-30,030420103,US0304201033,030420103,"American Water Works Co., Inc.",333238119.56,2394124
2025-09-30,03073E105,US03073E1055,03073E105,"Cencora, Inc.",743817962.16999996,2379989
2025-09-30,03076C106,US03076C1062,03076C106,"Ameriprise Financial, Inc.",530474347.5,1079846
2025-09-30,031100100,US0311001004,031100100,"AMETEK, Inc.",532824148,2834171
2025-09-30,031162100,US0311621009,031162100,"Amgen, Inc.",1864473670.5999999,6606923
2025-09-30,032095101,US0320951017,032095101,Amphenol Corp.,1854296853.75,14984217
2025-09-30,032654105,US0326541051,032654105,"Analog Devices, Inc.",1496521845,6090850
2025-09-30,036752103,US0367521038,036752103,"Elevance Health, Inc.",893019022.55999994,2763738
2025-09-30,03743Q108,US03743Q1085,03743Q108,APA Corp.,106628679.28,4391626
2025-09-30,03769M106,US03769M1062,03769M106,"Apollo Global Management, Inc.",752708293.64999998,5647995
2025-09-30,037833100,US0378331005,037833100,"Apple, Inc.",46377504587.720001,182136844
2025-09-30,038222105,US0382221051,038222105,"Applied Materials, Inc.",2016485693.1800001,9849007
2025-09-30,03831W108,US03831W1080,03831W108,AppLovin Corp.,2387749376.7800002,3323057
2025-09-30,039483102,US0394831020,039483102,Archer-Daniels-Midland Co.,352241138.63999999,5896236
2025-09-30,040413205,US0404132054,040413205,"Arista Networks, Inc.",1843131251.52,12649312
2025-09-30,04621X108,US04621X1081,04621X108,"Assurant, Inc.",134251279.19999999,619812
2025-09-30,049560105,US0495601058,049560105,Atmos Energy Corp.,336391843,1970084
2025-09-30,052769106,US0527691069,052769106,"Autodesk, Inc.",834205232.03999996,2626012
2025-09-30,053015103,US0530151036,053015103,"Automatic Data Processing, Inc.",1458930974,4970804
2025-09-30,053332102,US0533321024,053332102,"AutoZone, Inc.",881875992.96000004,205554
2025-09-30,053484101,US0534841012,053484101,"AvalonBay Communities, Inc.",337077786.60000002,1744980
2025-09-30,053611109,US0536111091,053611109,Avery Dennison Corp.,155270963.86000001,957458
2025-09-30,05464C101,US05464C1018,05464C101,"Axon Enterprise, Inc.",691446857.63999999,963501
2025-09-30,05722G100,US05722G1004,05722G100,Baker Hughes Co.,589528662.24000001,12100342
2025-09-30,058498106,US0584981064,058498106,Ball Corp.,168382833.68000001,3339604
2025-09-30,060505104,US0605051046,060505104,Bank of America Corp.,4314667174.5100002,83633789
2025-09-30,064058100,US0640581007,064058100,Bank of New York Mellon Corp. (The),943084974.72000003,8655332
2025-09-30,071813109,US0718131099,071813109,"Baxter International, Inc.",143538892.19999999,6303860
2025-09-30,075887109,US0758871091,075887109,Becton Dickinson & Co.,658447214.70000005,3517910
2025-09-30,084423102,US0844231029,084423102,WR Berkley Corp.,281814872.69999999,3678085
2025-09-30,084670702,US0846707026,084670702,"Berkshire Hathaway, Inc.",11314340161.74,22505351
2025-09-30,086516101,US0865161014,086516101,"Best Buy Co., Inc.",182406178.03999999,2412142
2025-09-30,09062X103,US09062X1037,09062X103,"Biogen, Inc.",252081384.24000001,1799553
2025-09-30,09073M104,US09073M1045,09073M104,Bio-Techne Corp.,107043969.19,1924213
2025-09-30,09260D107,US09260D1072,09260D107,"Blackstone, Inc.",1545619810.8,9046648
2025-09-30,09290D101,US09290D1019,09290D101,"BlackRock, Inc.",2060158744.5899999,1767057
2025-09-30,097023105,US0970231058,097023105,Boeing Co. (The),2002998660.1800001,9280446
2025-09-30,09857L108,US09857L1089,09857L108,"Booking Holdings, Inc.",2147764814.7600002,397788
2025-09-30,101121101,US1011211018,101121101,"BXP, Inc.",134359439.75999999,1807364
2025-09-30,101137107,US1011371077,101137107,Boston Scientific Corp.,1775466278.6900001,18185663
2025-09-30,110122108,US1101221083,110122108,Bristol-Myers Squibb Co.,1126627901.3,24980663
2025-09-30,11133T103,US11133T1034,11133T103,"Broadridge Financial Solutions, Inc.",342486792.81,1437993
2025-09-30,11135F101,US11135F1012,11135F101,"Broadcom, Inc.",19044309770.43,57725773
2025-09-30,115236101,US1152361010,115236101,"Brown & Brown, Inc.",337308888.32999998,3596427
2025-09-30,115637209,US1156372096,115637209,Brown-Forman Corp.,58520502.840000004,2161023
2025-09-30,12008R107,US12008R1077,12008R107,"Builders FirstSource, Inc.",164541100,1357040
2025-09-30,12503M108,US12503M1080,12503M108,"CBOE Global Markets, Inc.",314734965.75,1283323
2025-09-30,12504L109,US12504L1098,12504L109,"CBRE Group, Inc.",566832656.51999998,3597567
2025-09-30,12514G108,US12514G1085,12514G108,CDW Corp.,256248071.19999999,1608790
2025-09-30,125269100,US1252691001,125269100,"CF Industries Holdings, Inc.",178327815.90000001,1988047
2025-09-30,12541W209,US12541W2098,12541W209,"CH Robinson Worldwide, Inc.",191864812,1449130
2025-09-30,125523100,US1255231003,125523100,Cigna Group (The),944190547,3275596
2025-09-30,12572Q105,US12572Q1058,12572Q105,"CME Group, Inc.",1194999033.9000001,4422810
2025-09-30,125896100,US1258961002,125896100,CMS Energy Corp.,269109547.74000001,3673349
2025-09-30,126408103,US1264081035,126408103,CSX Corp.,812480447.27999997,22880328
2025-09-30,126650100,US1266501006,126650100,CVS Health Corp.,1173543130.8299999,15566297
2025-09-30,127097103,US1270971039,127097103,"Coterra Energy, Inc.",221506585.84999999,9366029
2025-09-30,127387108,US1273871087,127387108,"Cadence Design Systems, Inc.",1174873372.4000001,3344740
2025-09-30,133131102,US1331311027,133131102,Camden Property Trust,140084468.44,1311898
2025-09-30,134429109,US1344291091,134429109,Campbell's Co. (The),76253352.219999999,2414609
2025-09-30,14040H105,US14040H1059,14040H105,Capital One Financial Corp.,1668560189.9400001,7849093
2025-09-30,14149Y108,US14149Y1082,14149Y108,"Cardinal Health, Inc.",460030296.95999998,2930876
2025-09-30,143130102,US1431301027,143130102,"CarMax, Inc.",82648341.370000005,1841951
2025-09-30,143658300,PA1436583006,143658300,Carnival Corp.,385217799.75,13324725
2025-09-30,14448C104,US14448C1045,14448C104,Carrier Global Corp.,586161763.5,9818455
2025-09-30,149123101,US1491231015,149123101,"Caterpillar, Inc.",2743215511.1999998,5749168
2025-09-30,15135B101,US15135B1017,15135B101,Centene Corp.,204302003.03999999,5725953
2025-09-30,15189T107,US15189T1079,15189T107,"CenterPoint Energy, Inc.",310870954.39999998,8012138
2025-09-30,15677J108,US15677J1088,15677J108,"Dayforce, Inc.",135056296.06999999,1960463
2025-09-30,159864107,US1598641074,159864107,"Charles River Laboratories International, Inc.",94530628.640000001,604184
2025-09-30,16119P108,US16119P1084,16119P108,"Charter Communications, Inc.",313471143.30000001,1139460
2025-09-30,165167735,US1651677353,165167735,Expand Energy Corp.,310579253.75999999,2923374
2025-09-30,166764100,US1667641005,166764100,Chevron Corp.,3667908884.9699998,23619736.524999999
2025-09-30,169656105,US1696561059,169656105,"Chipotle Mexican Grill, Inc.",644919222.61000001,16456219
2025-09-30,171340102,US1713401024,171340102,"Church & Dwight Co., Inc.",262029823.91999999,2990184
2025-09-30,172062101,US1720621010,172062101,Cincinnati Financial Corp.,303502356.60000002,1919686
2025-09-30,17275R102,US17275R1023,17275R102,"Cisco Systems, Inc.",3325327492.96,48601688
2025-09-30,172908105,US1729081059,172908105,Cintas Corp.,862980160.01999998,4204327
2025-09-30,172967424,US1729674242,172967424,"Citigroup, Inc.",2293192951,22593034
2025-09-30,174610105,US1746101054,174610105,"Citizens Financial Group, Inc.",281448177.60000002,5294360
2025-09-30,189054109,US1890541097,189054109,Clorox Co. (The),185138279.09999999,1501527
2025-09-30,191216100,US1912161007,191216100,Coca-Cola Co. (The),3152679505.8400002,47537387
2025-09-30,192446102,US1924461023,192446102,Cognizant Technology Solutions Corp.,402017982.42000002,5994006
2025-09-30,19260Q107,US19260Q1076,19260Q107,"Coinbase Global, Inc.",936559049.27999997,2775072
2025-09-30,194162103,US1941621039,194162103,Colgate-Palmolive Co.,792911030.38,9918827
2025-09-30,20030N101,US20030N1019,20030N101,Comcast Corp.,1420134953.3800001,45198439
2025-09-30,205887102,US2058871029,205887102,"Conagra Brands, Inc.",107563285.15000001,5874565
2025-09-30,20825C104,US20825C1045,20825C104,ConocoPhillips,1449952800.03,15328817
2025-09-30,209115104,US2091151041,209115104,"Consolidated Edison, Inc.",444900916.88,4425994
2025-09-30,21036P108,US21036P1084,21036P108,"Constellation Brands, Inc.",236039610.41999999,1752726
2025-09-30,21037T109,US21037T1097,21037T109,Constellation Energy Corp.,1261712954.46,3834178
2025-09-30,216648501,US2166485019,216648501,"Cooper Cos., Inc. (The)",167889042.40000001,2448790
2025-09-30,217204106,US2172041061,217204106,"Copart, Inc.",490972116.89999998,10917770
2025-09-30,219350105,US2193501051,219350105,"Corning, Inc.",784828669.42999995,9567581
2025-09-30,219948106,US2199481068,219948106,"Corpay, Inc.",249522757.08000001,866218
2025-09-30,22052L104,US22052L1044,22052L104,"Corteva, Inc.",563687460.99000001,8334873
2025-09-30,22160K105,US22160K1051,22160K105,Costco Wholesale Corp.,5038281842.9200001,5443084
2025-09-30,22160N109,US22160N1090,22160N109,"CoStar Group, Inc.",438663928.56,5199288
2025-09-30,22788C105,US22788C1053,22788C105,"Crowdstrike Holdings, Inc.",1500088112.1600001,3059032
2025-09-30,22822V101,US22822V1017,22822V101,"Crown Castle, Inc.",515685594.54000002,5344446
2025-09-30,231021106,US2310211063,231021106,"Cummins, Inc.",714395773.25999999,1691398
2025-09-30,23331A109,US23331A1097,23331A109,"DR Horton, Inc.",576585238.95000005,3402285
2025-09-30,233331107,US2333311072,233331107,DTE Energy Co.,360394047.44999999,2548215
2025-09-30,235851102,US2358511028,235851102,Danaher Corp.,1550609105.1400001,7821089
2025-09-30,237194105,US2371941053,237194105,"Darden Restaurants, Inc.",273526951.48000002,1436893
2025-09-30,23804L103,US23804L1035,23804L103,"Datadog, Inc.",564913900.79999995,3967092
2025-09-30,23918K108,US23918K1088,23918K108,"DaVita, Inc.",58307474.969999999,438831
2025-09-30,243537107,US2435371073,243537107,Deckers Outdoor Corp.,184569123.38999999,1820747
2025-09-30,244199105,US2441991054,244199105,Deere & Co.,1413734976.78,3091753
2025-09-30,24703L202,US24703L2025,24703L202,"Dell Technologies, Inc.",527617895.19,3721647
2025-09-30,247361702,US2473617023,247361702,"Delta Air Lines, Inc.",451767001,7960652
2025-09-30,25179M103,US25179M1036,25179M103,Devon Energy Corp.,273156562.01999998,7791117
2025-09-30,252131107,US2521311074,252131107,"Dexcom, Inc.",323885678.49000001,4813281
2025-09-30,25278X109,US25278X1090,25278X109,"Diamondback Energy, Inc.",330151877.10000002,2307141
2025-09-30,253868103,US2538681030,253868103,"Digital Realty Trust, Inc.",680253583.27999997,3934831
2025-09-30,254687106,US2546871060,254687106,Walt Disney Co. (The),2526549214,22065932
2025-09-30,256677105,US2566771059,256677105,Dollar General Corp.,279153414.14999998,2701049
2025-09-30,256746108,US2567461080,256746108,"Dollar Tree, Inc.",224828126.06999999,2382411
2025-09-30,25746U109,US25746U1097,25746U109,"Dominion Energy, Inc.",640715438.97000003,10474341
2025-09-30,25754A201,US25754A2015,25754A201,"Domino's Pizza, Inc.",165333705.53999999,382974
2025-09-30,25809K105,US25809K1051,25809K105,"DoorDash, Inc.",1235742502.6199999,4543338
2025-09-30,260003108,US2600031080,260003108,Dover Corp.,280718501.45999998,1682662
2025-09-30,260557103,US2605571031,260557103,"Dow, Inc.",199477700.59999999,8699420
2025-09-30,26441C204,US26441C2044,26441C204,Duke Energy Corp.,1181120118.75,9544405
2025-09-30,26614N102,US26614N1028,26614N102,"DuPont de Nemours, Inc.",400297952.69999999,5138613
2025-09-30,26875P101,US26875P1012,26875P101,"EOG Resources, Inc.",751339440.96000004,6701208
2025-09-30,26884L109,US26884L1098,26884L109,EQT Corp.,416912844.44999999,7659615
2025-09-30,277432100,US2774321002,277432100,Eastman Chemical Co.,88838963.200000003,1409024
2025-09-30,278642103,US2786421030,278642103,"eBay, Inc.",510151828.69999999,5609146
2025-09-30,278865100,US2788651006,278865100,"Ecolab, Inc.",858117031.89999998,3133415
2025-09-30,281020107,US2810201077,281020107,Edison International,261064498.80000001,4722585
2025-09-30,28176E108,US28176E1082,28176E108,Edwards Lifesciences Corp.,560381222.94000006,7205622
2025-09-30,285512109,US2855121099,285512109,"Electronic Arts, Inc.",557465317.79999995,2763834
2025-09-30,29084Q100,US29084Q1004,29084Q100,"EMCOR Group, Inc.",356680601.12,549128
2025-09-30,291011104,US2910111044,291011104,Emerson Electric Co.,906147494.70000005,6907665
2025-09-30,29364G103,US29364G1031,29364G103,Entergy Corp.,510625658.75999999,5479404
2025-09-30,29414B104,US29414B1044,29414B104,"EPAM Systems, Inc.",103142923.43000001,684017
2025-09-30,294429105,US2944291051,294429105,"Equifax, Inc.",389910721.25999999,1519942
2025-09-30,29444U700,US29444U7000,29444U700,"Equinix, Inc.",940438617.72000003,1200703
2025-09-30,29476L107,US29476L1070,29476L107,Equity Residential,276120702.89999998,4265730
2025-09-30,29530P102,US29530P1021,29530P102,Erie Indemnity Co.,99242376.159999996,311926
2025-09-30,297178105,US2971781057,297178105,"Essex Property Trust, Inc.",211654553.94,790759
2025-09-30,30034W106,US30034W1062,30034W106,"Evergy, Inc.",214750494.41999999,2824921
2025-09-30,30040W108,US30040W1080,30040W108,Eversource Energy,323989629.56,4554254
2025-09-30,30161N101,US30161N1019,30161N101,Exelon Corp.,557947380.75999999,12396076
2025-09-30,30212P303,US30212P3038,30212P303,"Expedia Group, Inc.",310001625,1450300
2025-09-30,302130109,US3021301094,302130109,"Expeditors International of Washington, Inc.",204269265.19999999,1666280
2025-09-30,30225T102,US30225T1025,30225T102,"Extra Space Storage, Inc.",367093733.39999998,2604610
2025-09-30,30231G102,US30231G1022,30231G102,Exxon Mobil Corp.,5899387356.5,52322726
2025-09-30,30303M102,US30303M1027,30303M102,"Meta Platforms, Inc.",19549465117.459999,26620367
2025-09-30,303075105,US3030751057,303075105,"FactSet Research Systems, Inc.",132883802.66,463834
2025-09-30,303250104,US3032501047,303250104,Fair Isaac Corp.,440772980.89999998,294530
2025-09-30,311900104,US3119001044,311900104,Fastenal Co.,690714276.48000002,14084712
2025-09-30,313745101,US3137451015,313745101,Federal Realty Investment Trust,97045659.480000004,957908
2025-09-30,31428X106,US31428X1063,31428X106,FedEx Corp.,628064135.73000002,2663433
2025-09-30,315616102,US3156161024,315616102,"F5, Inc.",227999233.34999999,705465
2025-09-30,31620M106,US31620M1062,31620M106,"Fidelity National Information Services, Inc.",422754066.42000002,6411193
2025-09-30,316773100,US3167731005,316773100,Fifth Third Bancorp,361911503.25,8123715
2025-09-30,336433107,US3364331070,336433107,"First Solar, Inc.",290321349.63,1316471
2025-09-30,337738108,US3377381088,337738108,"Fiserv, Inc.",860098089.71000004,6671047
2025-09-30,337932107,US3379321074,337932107,FirstEnergy Corp.,292211551.60000002,6377380
2025-09-30,345370860,US3453708600,345370860,Ford Motor Co.,573789718.84000003,47975729
2025-09-30,34959E109,US34959E1091,34959E109,"Fortinet, Inc.",672162593.75999999,7994322
2025-09-30,34959J108,US34959J1088,34959J108,Fortive Corp.,203415984.06,4152194
2025-09-30,35137L105,US35137L1052,35137L105,Fox Corp.,162493386.36000001,2576806
2025-09-30,35137L204,US35137L2043,35137L204,Fox Corp.,104312486.2,1820780
2025-09-30,354613101,US3546131018,354613101,"Franklin Resources, Inc.",86946271.379999995,3759026
2025-09-30,35671D857,US35671D8570,35671D857,"Freeport-McMoRan, Inc.",691107072.24000001,17621292
2025-09-30,36266G107,US36266G1076,36266G107,"GE HealthCare Technologies, Inc.",420776813.69999999,5602887
2025-09-30,363576109,US3635761097,363576109,Arthur J Gallagher & Co.,974490049.70000005,3146155
2025-09-30,366651107,US3666511072,366651107,"Gartner, Inc.",244227259.59999999,929080
2025-09-30,36828A101,US36828A1016,36828A101,"GE Vernova, Inc.",2054056847.7,3340473
2025-09-30,368736104,US3687361044,368736104,"Generac Holdings, Inc.",120476608.2,719693
2025-09-30,369550108,US3695501086,369550108,General Dynamics Corp.,1056674432,3098752
2025-09-30,369604301,US3696043013,369604301,GE Aerospace,3915057687.5799999,13014619
2025-09-30,370334104,US3703341046,370334104,"General Mills, Inc.",330855485.38,6561989
2025-09-30,37045V100,US37045V1008,37045V100,General Motors Co.,712450485.11000001,11685263
2025-09-30,372460105,US3724601055,372460105,Genuine Parts Co.,236523394.80000001,1706518
2025-09-30,375558103,US3755581036,375558103,"Gilead Sciences, Inc.",1690385256,15228696
2025-09-30,37940X102,US37940X1028,37940X102,"Global Payments, Inc.",247362059.68000001,2977396
2025-09-30,37959E102,US37959E1029,37959E102,"Globe Life, Inc.",142059567.03999999,993632
2025-09-30,380237107,US3802371076,380237107,"GoDaddy, Inc.",232484295.41999999,1699074
2025-09-30,38141G104,US38141G1040,38141G104,"Goldman Sachs Group, Inc. (The)",2958380523.75,3714925
2025-09-30,384802104,US3848021040,384802104,"WW Grainger, Inc.",514467844.48000002,539863
2025-09-30,40412C101,US40412C1018,40412C101,"HCA Healthcare, Inc.",856806055.60000002,2010338
2025-09-30,40434L105,US40434L1052,40434L105,"HP, Inc.",313894178.99000001,11527513
2025-09-30,406216101,US4062161017,406216101,Halliburton Co.,257402616.59999999,10463521
2025-09-30,416515104,US4165151048,416515104,"Hartford Insurance Group, Inc. (The)",460354767.66000003,3451194
2025-09-30,418056107,US4180561072,418056107,"Hasbro, Inc.",124013915.65000001,1634989
2025-09-30,42250P103,US42250P1030,42250P103,"Healthpeak Properties, Inc.",163325562.5,8528750
2025-09-30,426281101,US4262811015,426281101,"Jack Henry & Associates, Inc.",133156227.98,894086
2025-09-30,427866108,US4278661081,427866108,Hershey Co. (The),340068310.05000001,1818061
2025-09-30,42824C109,US42824C1099,42824C109,Hewlett Packard Enterprise Co.,395546315.36000001,16105306
2025-09-30,43300A203,US43300A2033,43300A203,"Hilton Worldwide Holdings, Inc.",748957099.67999995,2886822
2025-09-30,436440101,US4364401012,436440101,"Hologic, Inc.",184208555.80000001,2729420
2025-09-30,437076102,US4370761029,437076102,"Home Depot, Inc. (The)",4947792918.3599997,12211044
2025-09-30,438516106,US4385161066,438516106,"Honeywell International, Inc.",1640266520,7792240
2025-09-30,440452100,US4404521001,440452100,Hormel Foods Corp.,88501066.040000007,3577246
2025-09-30,44107P104,US44107P1049,44107P104,"Host Hotels & Resorts, Inc.",133574815.18000001,7848109
2025-09-30,443201108,US4432011082,443201108,"Howmet Aerospace, Inc.",970832619.05999994,4947422
2025-09-30,443510607,US4435106079,443510607,"Hubbell, Inc.",280578471.77999997,652038
2025-09-30,444859102,US4448591028,444859102,"Humana, Inc.",383898526.56,1475568
2025-09-30,445658107,US4456581077,445658107,"JB Hunt Transport Services, Inc.",125955978.43000001,938779
2025-09-30,446150104,US4461501045,446150104,"Huntington Bancshares, Inc.",310452151.68000001,17976384
2025-09-30,446413106,US4464131063,446413106,"Huntington Ingalls Industries, Inc.",138664077.93000001,481623
2025-09-30,45167R104,US45167R1041,45167R104,IDEX Corp.,150371034.31999999,923882
2025-09-30,45168D104,US45168D1046,45168D104,"IDEXX Laboratories, Inc.",627432785.63,982067
2025-09-30,452308109,US4523081093,452308109,"Illinois Tool Works, Inc.",848814217.79999995,3255155
2025-09-30,45337C102,US45337C1027,45337C102,Incyte Corp.,170728551.50999999,2013071
2025-09-30,45687V106,US45687V1061,45687V106,"Ingersoll Rand, Inc.",366759185.57999998,4439109
2025-09-30,45784P101,US45784P1012,45784P101,Insulet Corp.,266637443.06999999,863659
2025-09-30,458140100,US4581401001,458140100,Intel Corp.,1802281139.45,53719259
2025-09-30,45841N107,US45841N1072,45841N107,"Interactive Brokers Group, Inc.",376030342.02999997,5464763
2025-09-30,45866F104,US45866F1049,45866F104,"Intercontinental Exchange, Inc.",1183574021.76,7025012
2025-09-30,459200101,US4592001014,459200101,International Business Machines Corp.,3225933022.7199998,11432992
2025-09-30,459506101,US4595061015,459506101,"International Flavors & Fragrances, Inc.",193560223.5,3145275
2025-09-30,460146103,US4601461035,460146103,International Paper Co.,300654553.60000002,6479624
2025-09-30,460690100,US4606901001,460690100,"Interpublic Group of Cos., Inc. (The)",125476103.40000001,4495740
2025-09-30,461202103,US4612021034,461202103,"Intuit, Inc.",2337640538.7800002,3423058
2025-09-30,46120E602,US46120E6023,46120E602,"Intuitive Surgical, Inc.",1967644288.75,4399625
2025-09-30,46187W107,US46187W1071,46187W107,"Invitation Homes, Inc.",202998209.40000001,6921180
2025-09-30,46266C105,US46266C1053,46266C105,"IQVIA Holdings, Inc.",396389014.98000002,2086917
2025-09-30,46284V101,US46284V1017,46284V101,"Iron Mountain, Inc.",369513641.10000002,3624815
2025-09-30,46625H100,US46625H1005,46625H100,JPMorgan Chase & Co.,10645197249.440001,33748208
2025-09-30,466313103,US4663131039,466313103,"Jabil, Inc.",286076520.81,1317293
2025-09-30,46982L108,US46982L1089,46982L108,"Jacobs Solutions, Inc.",219851663.41999999,1467047
2025-09-30,478160104,US4781601046,478160104,Johnson & Johnson,5480642876.6400003,29557992
2025-09-30,482480100,US4824801009,482480100,KLA Corp.,1746479906,1619210
2025-09-30,48251W104,US48251W1045,48251W104,"KKR & Co., Inc.",1094161196.8499999,8419863
2025-09-30,487836108,US4878361082,487836108,Kellanova,270697987.80000001,3300390
2025-09-30,49177J102,US49177J1025,49177J102,"Kenvue, Inc.",382260174.93000001,23552691
2025-09-30,49271V100,US49271V1008,49271V100,"Keurig Dr Pepper, Inc.",425314607.66000003,16672466
2025-09-30,493267108,US4932671088,493267108,KeyCorp,213795040.83000001,11439007
2025-09-30,49338L103,US49338L1035,49338L103,"Keysight Technologies, Inc.",369522173.31999999,2112521
2025-09-30,494368103,US4943681035,494368103,Kimberly-Clark Corp.,506255532.27999997,4071542
2025-09-30,49446R109,US49446R1095,49446R109,Kimco Realty Corp.,181610382.80000001,8311688
2025-09-30,49456B101,US49456B1017,49456B101,"Kinder Morgan, Inc.",679399488.38999999,23998569
2025-09-30,500754106,US5007541064,500754106,Kraft Heinz Co. (The),272346266.63999999,10458766
2025-09-30,501044101,US5010441013,501044101,Kroger Co. (The),503208369.72000003,7464892
2025-09-30,501889208,US5018892084,501889208,LKQ Corp.,96448679.400000006,3158110
2025-09-30,502431109,US5024311095,502431109,"L3Harris Technologies, Inc.",701437895.69000006,2296709
2025-09-30,504922105,US5049221055,504922105,"Labcorp Holdings, Inc.",292879854.44,1020274
2025-09-30,512807306,US5128073062,512807306,Lam Research Corp.,2079815675.5999999,15532604
2025-09-30,513272104,US5132721045,513272104,"Lamb Weston Holdings, Inc.",99360418.079999998,1710751
2025-09-30,517834107,US5178341070,517834107,Las Vegas Sands Corp.,203925850.91999999,3791148
2025-09-30,518439104,US5184391044,518439104,"Estee Lauder Cos., Inc. (The)",253278205.03999999,2874242
2025-09-30,525327102,US5253271028,525327102,"Leidos Holdings, Inc.",297501458.39999998,1574415
2025-09-30,526057104,US5260571048,526057104,Lennar Corp.,352028333.56,2792989
2025-09-30,526107107,US5261071071,526107107,"Lennox International, Inc.",207832558.96000001,392611
2025-09-30,532457108,US5324571083,532457108,Eli Lilly & Co.,7445144938,9757726
2025-09-30,538034109,US5380341090,538034109,"Live Nation Entertainment, Inc.",316230471,1935315
2025-09-30,539830109,US5398301094,539830109,Lockheed Martin Corp.,1258547348.3800001,2521078
2025-09-30,540424108,US5404241086,540424108,Loews Corp.,209609400.88999999,2087951
2025-09-30,548661107,US5486611073,548661107,"Lowe's Cos., Inc.",1728496106.6400001,6877944
2025-09-30,550021109,US5500211090,550021109,"Lululemon Athletica, Inc.",238181546.25,1338625
2025-09-30,55261F104,US55261F1049,55261F104,M&T Bank Corp.,379123496.13999999,1918447
2025-09-30,552953101,US5529531015,552953101,MGM Resorts International,86856538.939999998,2505959
2025-09-30,55354G100,US55354G1004,55354G100,"MSCI, Inc.",538544151.07000005,949127
2025-09-30,56585A102,US56585A1025,56585A102,Marathon Petroleum Corp.,719142236.48000002,3731152
2025-09-30,571748102,US5717481023,571748102,"Marsh & McLennan Cos., Inc.",1215982242.0899999,6033753
2025-09-30,571903202,US5719032022,571903202,"Marriott International, Inc.",720186137.48000002,2765267
2025-09-30,573284106,US5732841060,573284106,"Martin Marietta Materials, Inc.",466250890.56,739752
2025-09-30,574599106,US5745991068,574599106,Masco Corp.,180899765.96000001,2569964
2025-09-30,57636Q104,US57636Q1040,57636Q104,"Mastercard, Inc.",5763094754.4499998,10131845
2025-09-30,57667L107,US57667L1070,57667L107,"Match Group, Inc.",104307977.64,2953227
2025-09-30,579780206,US5797802064,579780206,"McCormick & Co., Inc.",207776961.19999999,3105320
2025-09-30,580135101,US5801351017,580135101,McDonald's Corp.,2661496273.9899998,8758091
2025-09-30,58155Q103,US58155Q1031,58155Q103,McKesson Corp.,1179465401.98,1526737
2025-09-30,58933Y105,US58933Y1055,58933Y105,"Merck & Co., Inc.",2572897314.6799998,30655276
2025-09-30,59156R108,US59156R1086,59156R108,"MetLife, Inc.",564706480.10000002,6855730
2025-09-30,592688105,US5926881054,592688105,"Mettler-Toledo International, Inc.",310258785.74000001,252734
2025-09-30,594918104,US5949181045,594918104,Microsoft Corp.,47251283107.050003,91227499
2025-09-30,595017104,US5950171042,595017104,"Microchip Technology, Inc.",425352757.18000001,6623369
2025-09-30,595112103,US5951121038,595112103,"Micron Technology, Inc.",2298243269.1199999,13735616
2025-09-30,59522J103,US59522J1034,59522J103,"Mid-America Apartment Communities, Inc.",200837003.06,1437322
2025-09-30,60770K107,US60770K1079,60770K107,"Moderna, Inc.",109780522.11,4250117
2025-09-30,608190104,US6081901042,608190104,"Mohawk Industries, Inc.",82253667.319999993,638021
2025-09-30,60855R100,US60855R1005,60855R100,"Molina Healthcare, Inc.",127349697.28,665498
2025-09-30,60871R209,US60871R2094,60871R209,Molson Coors Beverage Co.,94056604.75,2078599
2025-09-30,609207105,US6092071058,609207105,"Mondelez International, Inc.",992068016.16999996,15880711
2025-09-30,609839105,US6098391054,609839105,"Monolithic Power Systems, Inc.",541075778.88,587717
2025-09-30,61174X109,US61174X1090,61174X109,Monster Beverage Corp.,588874727.75999999,8748696
2025-09-30,615369105,US6153691059,615369105,Moody's Corp.,902019523.20000005,1893090
2025-09-30,617446448,US6174464486,617446448,Morgan Stanley,2366955093.7600002,14890256
2025-09-30,61945C103,US61945C1036,61945C103,Mosaic Co. (The),135089142.72,3895304
2025-09-30,620076307,US6200763075,620076307,"Motorola Solutions, Inc.",935260940.25,2045225
2025-09-30,629377508,US6293775085,629377508,"NRG Energy, Inc.",384408730.69999999,2373626
2025-09-30,62944T105,US62944T1051,62944T105,"NVR, Inc.",286049965.31999999,35602
2025-09-30,631103108,US6311031081,631103108,"Nasdaq, Inc.",492128016.39999998,5563912
2025-09-30,64110D104,US64110D1046,64110D104,"NetApp, Inc.",290887296.04000002,2455574
2025-09-30,64110L106,US64110L1061,64110L106,"Netflix, Inc.",6252665132.1599998,5215248
2025-09-30,651639106,US6516391066,651639106,Newmont Corp.,1136567512.6500001,13480815
2025-09-30,65249B109,US65249B1098,65249B109,News Corp.,141901359.19,4620689
2025-09-30,65249B208,US65249B2088,65249B208,News Corp.,52742578.899999999,1526558
2025-09-30,65339F101,US65339F1012,65339F101,"NextEra Energy, Inc.",1907895835.5899999,25273491
2025-09-30,654106103,US6541061031,654106103,"NIKE, Inc.",1016712141.27,14580699
2025-09-30,65473P105,US65473P1057,65473P105,"NiSource, Inc.",250232908.30000001,5779051
2025-09-30,655663102,US6556631025,655663102,Nordson Corp.,149408220.44999999,658331
2025-09-30,655844108,US6558441084,655844108,Norfolk Southern Corp.,827031734.10000002,2753010
2025-09-30,665859104,US6658591044,665859104,Northern Trust Corp.,315904988.60000002,2346991
2025-09-30,666807102,US6668071029,666807102,Northrop Grumman Corp.,1006624059.4,1652045
2025-09-30,668771108,US6687711084,668771108,"Gen Digital, Inc.",195265738.63999999,6877976
2025-09-30,670346105,US6703461052,670346105,Nucor Corp.,381446043.64999998,2816555
2025-09-30,67066G104,US67066G1040,67066G104,NVIDIA Corp.,55873985843.379997,299463961
2025-09-30,67103H107,US67103H1077,67103H107,"O'Reilly Automotive, Inc.",1122692480.01,10413621
2025-09-30,674599105,US6745991058,674599105,Occidental Petroleum Corp.,416743677,8819972
2025-09-30,679580100,US6795801009,679580100,"Old Dominion Freight Line, Inc.",319496690.5,2269475
2025-09-30,681919106,US6819191064,681919106,"Omnicom Group, Inc.",193797299.18000001,2377006
2025-09-30,682189105,US6821891057,682189105,ON Semiconductor Corp.,247530134.87,5019877
2025-09-30,682680103,US6826801036,682680103,"ONEOK, Inc.",563996659.25999999,7729158
2025-09-30,68389X105,US68389X1054,68389X105,Oracle Corp.,5720238512.7600002,20339349
2025-09-30,68902V107,US68902V1070,68902V107,Otis Worldwide Corp.,440417029.98000002,4816986
2025-09-30,69331C108,US69331C1080,69331C108,PG&E Corp.,406762868.19999999,26973665
2025-09-30,693475105,US6934751057,693475105,"PNC Financial Services Group, Inc. (The)",971214042.41999996,4833594
2025-09-30,693506107,US6935061076,693506107,"PPG Industries, Inc.",291131680.91000003,2769781
2025-09-30,69351T106,US69351T1060,69351T106,PPL Corp.,337259960.92000002,9075887
2025-09-30,69370C100,US69370C1009,69370C100,"PTC, Inc.",298444069.45999998,1470023
2025-09-30,693718108,US6937181088,693718108,"PACCAR, Inc.",633682723.60000002,6445105
2025-09-30,695156109,US6951561090,695156109,Packaging Corp. of America,238939323.72,1096404
2025-09-30,69608A108,US69608A1088,69608A108,"Palantir Technologies, Inc.",5091690622.1999998,27911910
2025-09-30,697435105,US6974351057,697435105,"Palo Alto Networks, Inc.",1669136262.2,8197310
2025-09-30,69932A204,US69932A2042,69932A204,Paramount Skydance Corp.,72126578.040000007,3812187
2025-09-30,701094104,US7010941042,701094104,Parker-Hannifin Corp.,1189087008.9000001,1568406
2025-09-30,704326107,US7043261079,704326107,"Paychex, Inc.",504411251.12,3979262
2025-09-30,70432V102,US70432V1026,70432V102,"Paycom Software, Inc.",127820022.84,614106
2025-09-30,70450Y103,US70450Y1038,70450Y103,"PayPal Holdings, Inc.",786335031.58000004,11725843
2025-09-30,713448108,US7134481081,713448108,"PepsiCo, Inc.",2359785091.5599999,16802799
2025-09-30,714046109,US7140461093,714046109,"Revvity, Inc.",124864437,1424580
2025-09-30,717081103,US7170811035,717081103,"Pfizer, Inc.",1777988233.8399999,69779758
2025-09-30,718172109,US7181721090,718172109,"Philip Morris International, Inc.",3098723137,19104335
2025-09-30,718546104,US7185461040,718546104,Phillips 66,674681507.27999997,4960164
2025-09-30,723484101,US7234841010,723484101,Pinnacle West Capital Corp.,131422283.09999999,1465785
2025-09-30,73278L105,US73278L1052,73278L105,Pool Corp.,124885033.48,402764
2025-09-30,74144T108,US74144T1088,74144T108,"T. Rowe Price Group, Inc.",276812587.27999997,2696927
2025-09-30,74251V102,US74251V1026,74251V102,"Principal Financial Group, Inc.",206303377.71000001,2488281
2025-09-30,742718109,US7427181091,742718109,Procter & Gamble Co. (The),4417120673.6999998,28747938
2025-09-30,743315103,US7433151039,743315103,Progressive Corp. (The),1776584723.6500001,7194107
2025-09-30,74340W103,US74340W1036,74340W103,"Prologis, Inc.",1304452084.5999999,11390605
2025-09-30,744320102,US7443201022,744320102,"Prudential Financial, Inc.",448145284.86000001,4319889
2025-09-30,744573106,US7445731067,744573106,"Public Service Enterprise Group, Inc.",511177894.5,6124825
2025-09-30,74460D109,US74460D1090,74460D109,Public Storage,559966631.95000005,1938607
2025-09-30,745867101,US7458671010,745867101,"PulteGroup, Inc.",320013310.54000002,2421958
2025-09-30,747525103,US7475251036,747525103,"QUALCOMM, Inc.",2202117301.5999999,13237060
2025-09-30,74762E102,US74762E1029,74762E102,"Quanta Services, Inc.",757660049.63999999,1828242
2025-09-30,74834L100,US74834L1008,74834L100,"Quest Diagnostics, Inc.",261666530.58000001,1373001
2025-09-30,751212101,US7512121010,751212101,Ralph Lauren Corp.,149028483.24000001,475279
2025-09-30,754730109,US7547301090,754730109,"Raymond James Financial, Inc.",375912271.39999998,2177939
2025-09-30,75513E101,US75513E1010,75513E101,RTX Corp.,2748881510.98,16427906
2025-09-30,756109104,US7561091049,756109104,Realty Income Corp.,682175288.86000001,11221834
2025-09-30,758849103,US7588491032,758849103,Regency Centers Corp.,146217644.09999999,2005729
2025-09-30,75886F107,US75886F1075,75886F107,"Regeneron Pharmaceuticals, Inc.",703200164.14999998,1250645
2025-09-30,7591EP100,US7591EP1005,7591EP100,Regions Financial Corp.,288796750.92000002,10951716
2025-09-30,760759100,US7607591002,760759100,"Republic Services, Inc.",571599110.60000002,2490845
2025-09-30,761152107,US7611521078,761152107,"ResMed, Inc.",491957957.74000001,1797238
2025-09-30,770700102,US7707001027,770700102,"Robinhood Markets, Inc.",1359990791.4200001,9498469
2025-09-30,773903109,US7739031091,773903109,"Rockwell Automation, Inc.",482377265.22000003,1380074
2025-09-30,775711104,US7757111049,775711104,"Rollins, Inc.",202668154.91999999,3450258
2025-09-30,776696106,US7766961061,776696106,"Roper Technologies, Inc.",658623872.51999998,1320708
2025-09-30,778296103,US7782961038,778296103,"Ross Stores, Inc.",611792361.11000001,4014649
2025-09-30,78409V104,US78409V1044,78409V104,"S&P Global, Inc.",1866662314.8599999,3835266
2025-09-30,78410G104,US78410G1040,78410G104,SBA Communications Corp.,254832979.80000001,1317988
2025-09-30,79466L302,US79466L3024,79466L302,"Salesforce, Inc.",2780731428,11733044
2025-09-30,806407102,US8064071025,806407102,"Henry Schein, Inc.",83933360.359999999,1264628
2025-09-30,806857108,AN8068571086,806857108,Schlumberger NV,629346079.80999994,18310913
2025-09-30,808513105,US8085131055,808513105,Charles Schwab Corp. (The),1999349447.25,20942175
2025-09-30,816851109,US8168511090,816851109,Sempra,720522768.24000001,8007588
2025-09-30,81762P102,US81762P1021,81762P102,"ServiceNow, Inc.",2349461035.8000002,2552985
2025-09-30,824348106,US8243481061,824348106,Sherwin-Williams Co. (The),985214616.77999997,2845303
2025-09-30,828806109,US8288061091,828806109,"Simon Property Group, Inc.",751933072.59000003,4006677
2025-09-30,83088M102,US83088M1027,83088M102,"Skyworks Solutions, Inc.",140236852.38,1821731
2025-09-30,831865209,US8318652091,831865209,A O Smith Corp.,102950330.81999999,1402402
2025-09-30,832696405,US8326964058,832696405,J M Smucker Co. (The),142067044.80000001,1308168
2025-09-30,833034101,US8330341012,833034101,"Snap-on, Inc.",222031127.31,640727
2025-09-30,83444M101,US83444M1018,83444M101,Solventum Corp.,132013711,1808407
2025-09-30,842587107,US8425871071,842587107,Southern Co. (The),1279441532.0699999,13500491
2025-09-30,844741108,US8447411088,844741108,Southwest Airlines Co.,205694699.99000001,6446089
2025-09-30,852234103,US8522341036,852234103,"Block, Inc.",487464185.33999997,6745042
2025-09-30,854502101,US8545021011,854502101,"Stanley Black & Decker, Inc.",141238892.80000001,1900160
2025-09-30,855244109,US8552441094,855244109,Starbucks Corp.,1180251639,13950965
2025-09-30,857477103,US8574771031,857477103,State Street Corp.,403899255.89999998,3481590
2025-09-30,858119100,US8581191009,858119100,"Steel Dynamics, Inc.",236778771.13,1698191
2025-09-30,863667101,US8636671013,863667101,Stryker Corp.,1561265017.3399999,4223402
2025-09-30,86800U302,US86800U3023,86800U302,"Super Micro Computer, Inc.",294985175.04000002,6153216
2025-09-30,871607107,US8716071076,871607107,"Synopsys, Inc.",1120285413.3199999,2270588
2025-09-30,87165B103,US87165B1035,87165B103,Synchrony Financial,324439806.94999999,4566359
2025-09-30,871829107,US8718291078,871829107,Sysco Corp.,482568967.57999998,5860687
2025-09-30,872540109,US8725401090,872540109,"TJX Cos., Inc. (The)",1979130716.6400001,13692616
2025-09-30,87256C101,US87256C1018,87256C101,"TKO Group Holdings, Inc.",170916122.52000001,846287
2025-09-30,872590104,US8725901040,872590104,"T-Mobile US, Inc.",1421615820.5799999,5938741
2025-09-30,874054109,US8740541094,874054109,"Take-Two Interactive Software, Inc.",549964731.36000001,2128676
2025-09-30,876030107,US8760301072,876030107,"Tapestry, Inc.",289211545.62,2554421
2025-09-30,87612E106,US87612E1064,87612E106,Target Corp.,500191957.19999999,5576276
2025-09-30,87612G101,US87612G1013,87612G101,Targa Resources Corp.,442473140,2641000
2025-09-30,879360105,US8793601050,879360105,"Teledyne Technologies, Inc.",336917912.24000001,574906
2025-09-30,880770102,US8807701029,880770102,"Teradyne, Inc.",268688282.75999999,1952109
2025-09-30,88160R101,US88160R1014,88160R101,"Tesla, Inc.",15316249746.48,34440209
2025-09-30,882508104,US8825081040,882508104,"Texas Instruments, Inc.",2050137976.4400001,11158428
2025-09-30,88262P102,US88262P1021,88262P102,Texas Pacific Land Corp.,220910427.68000001,236612
2025-09-30,883203101,US8832031012,883203101,"Textron, Inc.",184750903.40000001,2186660
2025-09-30,88339J105,US88339J1051,88339J105,"Trade Desk, Inc. (The)",268066370.25999999,5469626
2025-09-30,883556102,US8835561023,883556102,"Thermo Fisher Scientific, Inc.",2247690354.4400001,4634222
2025-09-30,88579Y101,US88579Y1010,88579Y101,3M Co.,1014411349.64,6536998
2025-09-30,892356106,US8923561067,892356106,Tractor Supply Co.,369860812.52999997,6503619
2025-09-30,893641100,US8936411003,893641100,"TransDigm Group, Inc.",911512317.53999996,691577
2025-09-30,89417E109,US89417E1091,89417E109,"Travelers Cos., Inc. (The)",771548522.15999997,2763228
2025-09-30,896239100,US8962391004,896239100,"Trimble, Inc.",238429186.05000001,2920137
2025-09-30,89832Q109,US89832Q1094,89832Q109,Truist Financial Corp.,723516028.20000005,15824935
2025-09-30,902252105,US9022521051,902252105,"Tyler Technologies, Inc.",277563061.16000003,530551
2025-09-30,902494103,US9024941034,902494103,"Tyson Foods, Inc.",190412995.5,3506685
2025-09-30,902653104,US9026531049,902653104,"UDR, Inc.",137902538.88,3701088
2025-09-30,902973304,US9029733048,902973304,US Bancorp,923088694.32000005,19099704
2025-09-30,90353T100,US90353T1007,90353T100,"Uber Technologies, Inc.",2507538623.0799999,25594964
2025-09-30,90384S303,US90384S3031,90384S303,"Ulta Beauty, Inc.",301387736.25,551235
2025-09-30,907818108,US9078181081,907818108,Union Pacific Corp.,1720290223.3499999,7277955
2025-09-30,910047109,US9100471096,910047109,"United Airlines Holdings, Inc.",383454040.5,3973617
2025-09-30,911312106,US9113121068,911312106,"United Parcel Service, Inc.",754552801.95000005,9033315
2025-09-30,911363109,US9113631090,911363109,"United Rentals, Inc.",754210039.79999995,790030
2025-09-30,91324P102,US91324P1021,91324P102,"UnitedHealth Group, Inc.",3838340988,11115960
2025-09-30,913903100,US9139031002,913903100,"Universal Health Services, Inc.",141475955.47999999,692017
2025-09-30,91913Y100,US91913Y1001,91913Y100,Valero Energy Corp.,649147577.84000003,3812684
2025-09-30,92276F100,US92276F1003,92276F100,"Ventas, Inc.",389788377.99000001,5569201
2025-09-30,92338C103,US92338C1036,92338C103,Veralto Corp.,324655061.99000001,3045259
2025-09-30,92343E102,US92343E1029,92343E102,"VeriSign, Inc.",288371422.74000001,1031482
2025-09-30,92343V104,US92343V1044,92343V104,"Verizon Communications, Inc.",2274299416.6500001,51747427
2025-09-30,92345Y106,US92345Y1064,92345Y106,"Verisk Analytics, Inc.",431319277.69,1714919
2025-09-30,92532F100,US92532F1003,92532F100,"Vertex Pharmaceuticals, Inc.",1232287035.5599999,3146479
2025-09-30,92556V106,US92556V1061,92556V106,"Viatris, Inc.",141658011,14308890
2025-09-30,925652109,US9256521090,925652109,"VICI Properties, Inc.",426800821.35000002,13088035
2025-09-30,92826C839,US92826C8394,92826C839,"Visa, Inc.",7117084777.9200001,20847984
2025-09-30,92840M102,US92840M1027,92840M102,Vistra Corp.,765924750,3909375
2025-09-30,929160109,US9291601097,929160109,Vulcan Materials Co.,498681859.13999999,1621097
2025-09-30,92939U106,US92939U1060,92939U106,"WEC Energy Group, Inc.",452725151.33999997,3950826
2025-09-30,929740108,US9297401088,929740108,Westinghouse Air Brake Technologies Corp.,420576036.5,2097950
2025-09-30,931142103,US9311421039,931142103,"Walmart, Inc.",5551755835.7200003,53869162
2025-09-30,934423104,US9344231041,934423104,"Warner Bros Discovery, Inc.",593419186.71000004,30385007
2025-09-30,94106L109,US94106L1098,94106L109,"Waste Management, Inc.",1004408376.39,4548333
2025-09-30,941848103,US9418481035,941848103,Waters Corp.,219070867.19,730699
2025-09-30,949746101,US9497461015,949746101,Wells Fargo & Co.,3295519339.8600001,39316623
2025-09-30,95040Q104,US95040Q1040,95040Q104,"Welltower, Inc.",1462315810.1400001,8208801
2025-09-30,955306105,US9553061055,955306105,"West Pharmaceutical Services, Inc.",231473433.75,882375
2025-09-30,958102105,US9581021055,958102105,Western Digital Corp.,511159652.10000002,4257535
2025-09-30,962166104,US9621661043,962166104,Weyerhaeuser Co.,219529629.88,8855572
2025-09-30,969457100,US9694571004,969457100,"Williams Cos., Inc. (The)",949437916.35000002,14987181
2025-09-30,969904101,US9699041011,969904101,"Williams-Sonoma, Inc.",295032361.35000002,1509503
2025-09-30,98138H101,US98138H1014,98138H101,"Workday, Inc.",638305705.65999997,2651542
2025-09-30,983134107,US9831341071,983134107,Wynn Resorts Ltd.,132838977.40000001,1035620
2025-09-30,98389B100,US98389B1008,98389B100,"Xcel Energy, Inc.",585364232.64999998,7258081
2025-09-30,98419M100,US98419M1009,98419M100,"Xylem, Inc.",440712300,2987880
2025-09-30,988498101,US9884981013,988498101,"Yum! Brands, Inc.",517821896,3406723
2025-09-30,989207105,US9892071054,989207105,Zebra Technologies Corp.,185511341.96000001,624281
2025-09-30,98956P102,US98956P1021,98956P102,"Zimmer Biomet Holdings, Inc.",239472904.5,2431197
2025-09-30,98978V103,US98978V1035,98978V103,"Zoetis, Inc.",795933977.60000002,5439680
2025-09-30,,BMG0450A1053,BMG0450A1053,Arch Capital Group Ltd.,413921329.06,4562122
2025-09-30,,BMG3223R1088,BMG3223R1088,Everest Group Ltd.,180466864.63,515281
2025-09-30,,BMG491BT1088,BMG491BT1088,Invesco Ltd.,125552088.16,5473064
2025-09-30,,BMG667211046,BMG667211046,Norwegian Cruise Line Holdings Ltd.,136621797.21000001,5546967
2025-09-30,,CH0044328745,CH0044328745,Chubb Ltd.,1284348988.75,4550395
2025-09-30,,CH0114405324,CH0114405324,Garmin Ltd.,494484118.44,2008302
2025-09-30,,CH1300646267,CH1300646267,Bunge Global SA,139646081.25,1718721
2025-09-30,,IE00028FXN24,IE00028FXN24,Smurfit WestRock plc,272799287.63999999,6408252
2025-09-30,,IE000IVNQZ81,IE000IVNQZ81,TE Connectivity plc,796093713.14999998,3626355
2025-09-30,,IE000S9YS762,IE000S9YS762,Linde plc,2733789350,5755346
2025-09-30,,IE00B4BNMY34,IE00B4BNMY34,Accenture plc,1885130740.8,7644488
2025-09-30,,IE00B8KQN827,IE00B8KQN827,Eaton Corp. plc,1788111111,4777852
2025-09-30,,IE00BDB6Q211,IE00BDB6Q211,Willis Towers Watson plc,413519195.25,1197045
2025-09-30,,IE00BFRT3W74,IE00BFRT3W74,Allegion plc,186796370.40000001,1053264
2025-09-30,,IE00BFY8C754,IE00BFY8C754,STERIS plc,299192076,1209150
2025-09-30,,IE00BK9ZQ967,IE00BK9ZQ967,Trane Technologies plc,1152175282.72,2730532
2025-09-30,,IE00BKVD2N49,IE00BKVD2N49,Seagate Technology Holdings plc,616280897.75999999,2610696
2025-09-30,,IE00BLP1HW54,IE00BLP1HW54,Aon plc,943523516.88,2646036
2025-09-30,,IE00BLS09M33,IE00BLS09M33,Pentair plc,222838376.28,2011903
2025-09-30,,IE00BTN1Y115,IE00BTN1Y115,Medtronic plc,1497705858.28,15725597
2025-09-30,,IE00BY7QL619,IE00BY7QL619,Johnson Controls International plc,882999983.85000002,8030923
2025-09-30,,JE00BJ1F3079,JE00BJ1F3079,Amcor plc,231296158.52000001,28275814
2025-09-30,,JE00BTDN8H13,JE00BTDN8H13,Aptiv plc,230475199.31999999,2673106
2025-09-30,,LR0008862868,LR0008862868,Royal Caribbean Cruises Ltd.,1003219989.66,3100377
2025-09-30,,NL0009434992,NL0009434992,LyondellBasell Industries NV,154888132.16,3158404
2025-09-30,,NL0009538784,NL0009538784,NXP Semiconductors NV,704733258,3094600
2025-12-31,001055102,US0010551028,001055102,"Aflac, Inc.",675721107.05999994,6127878
2025-12-31,00130H105,US00130H1059,00130H105,AES Corp. (The),132572224.5,9244925
2025-12-31,00206R102,US00206R1023,00206R102,"AT&T, Inc.",2287734042.96,92098794
2025-12-31,002824100,US0028241000,002824100,Abbott Laboratories,2830254867.9899998,22589631
2025-12-31,00287Y109,US00287Y1091,00287Y109,"AbbVie, Inc.",5246142966.9499998,22960055
2025-12-31,00724F101,US00724F1012,00724F101,"Adobe, Inc.",1903254719.74,5438026
2025-12-31,007903107,US0079031078,007903107,"Advanced Micro Devices, Inc.",4529448663.6000004,21149835
2025-12-31,00846U101,US00846U1016,00846U101,"Agilent Technologies, Inc.",501138598.29000002,3682947
2025-12-31,009066101,US0090661010,009066101,"Airbnb, Inc.",749851778.51999998,5524991
2025-12-31,009158106,US0091581068,009158106,"Air Products & Chemicals, Inc.",714046880.88,2890644
2025-12-31,00971T101,US00971T1016,00971T101,"Akamai Technologies, Inc.",163065015,1868940
2025-12-31,012653101,US0126531013,012653101,Albemarle Corp.,216292452.47999999,1529217
2025-12-31,015271109,US0152711091,015271109,"Alexandria Real Estate Equities, Inc.",99112211.319999993,2025178
2025-12-31,016255101,US0162551016,016255101,"Align Technology, Inc.",135359252.09999999,866854
2025-12-31,018802108,US0188021085,018802108,Alliant Energy Corp.,216964439.00999999,3337401
2025-12-31,020002101,US0200021014,020002101,Allstate Corp. (The),707606133.14999998,3399501
2025-12-31,02079K107,US02079K1079,02079K107,"Alphabet, Inc.",18956105398.200001,60408239
2025-12-31,02079K305,US02079K3059,02079K305,"Alphabet, Inc.",23656986338,75581426
2025-12-31,02209S103,US02209S1033,02209S103,"Altria Group, Inc.",1257425235.78,21807583
2025-12-31,023135106,US0231351067,023135106,"Amazon.com, Inc.",29170424774.220001,126377371
2025-12-31,023608102,US0236081024,023608102,Ameren Corp.,350743770.30000001,3512355
2025-12-31,025537101,US0255371017,025537101,"American Electric Power Co., Inc.",801822037.50999999,6953621
2025-12-31,025816109,US0258161092,025816109,American Express Co.,2582286885.1500001,6980097
2025-12-31,026874784,US0268747849,026874784,"American International Group, Inc.",599673932.04999995,7009631
2025-12-31,03027X100,US03027X1000,03027X100,American Tower Corp.,1068023737.03,6083179
2025-12-31,030420103,US0304201033,030420103,"American Water Works Co., Inc.",330715188,2534216
2025-12-31,03073E105,US03073E1055,03073E105,"Cencora, Inc.",850673362,2518648
2025-12-31,03076C106,US03076C1062,03076C106,"Ameriprise Financial, Inc.",590223729.01999998,1203703
2025-12-31,031100100,US0311001004,031100100,"AMETEK, Inc.",613997416.97000003,2990587
2025-12-31,031162100,US0311621009,031162100,"Amgen, Inc.",2289661755.52,6995392
2025-12-31,032095101,US0320951017,032095101,Amphenol Corp.,2148952494.6399999,15901676
2025-12-31,032654105,US0326541051,032654105,"Analog Devices, Inc.",1733234318.4000001,6390982
2025-12-31,036752103,US0367521038,036752103,"Elevance Health, Inc.",1012073255.55,2887101
2025-12-31,03743Q108,US03743Q1085,03743Q108,APA Corp.,112698887.42,4607477
2025-12-31,03769M106,US03769M1062,03769M106,"Apollo Global Management, Inc.",873224456.72000003,6032222
2025-12-31,037833100,US0378331005,037833100,"Apple, Inc.",52185998207.400002,191959090
2025-12-31,038222105,US0382221051,038222105,"Applied Materials, Inc.",2659629086.46,10349154
2025-12-31,03831W108,US03831W1080,03831W108,AppLovin Corp.,2369456360.46,3516453
2025-12-31,039483102,US0394831020,039483102,Archer-Daniels-Midland Co.,358822627.70999998,6241479
2025-12-31,03990B101,US03990B1017,03990B101,Ares Management Corp.,432561156.08999997,2676243
2025-12-31,040413205,US0404132054,040413205,"Arista Networks, Inc.",1757722113.6199999,13414654
2025-12-31,04621X108,US04621X1081,04621X108,"Assurant, Inc.",156694601.5,650590
2025-12-31,049560105,US0495601058,049560105,Atmos Energy Corp.,349611307.19,2085613
2025-12-31,052769106,US0527691069,052769106,"Autodesk, Inc.",819086902.91999996,2767092
2025-12-31,053015103,US0530151036,053015103,"Automatic Data Processing, Inc.",1351538123.23,5254201
2025-12-31,053332102,US0533321024,053332102,"AutoZone, Inc.",732865843.5,216089
2025-12-31,053484101,US0534841012,053484101,"AvalonBay Communities, Inc.",333111072.25999999,1837246
2025-12-31,053611109,US0536111091,053611109,Avery Dennison Corp.,182630982.52000001,1004129
2025-12-31,05464C101,US05464C1018,05464C101,"Axon Enterprise, Inc.",582191858.15999997,1025112
2025-12-31,05722G100,US05722G1004,05722G100,Baker Hughes Co.,583783863.29999995,12819145
2025-12-31,058498106,US0584981064,058498106,Ball Corp.,184410870.37,3481421
2025-12-31,060505104,US0605051046,060505104,Bank of America Corp.,4800244020,87277164
2025-12-31,064058100,US0640581007,064058100,Bank of New York Mellon Corp. (The),1051687635.96,9059244
2025-12-31,071813109,US0718131099,071813109,"Baxter International, Inc.",127432875.56999999,6668387
2025-12-31,075887109,US0758871091,075887109,Becton Dickinson & Co.,722794308,3724400
2025-12-31,084423102,US0844231029,084423102,WR Berkley Corp.,272896802.48000002,3891854
2025-12-31,084670702,US0846707026,084670702,"Berkshire Hathaway, Inc.",11974114225.799999,23821972
2025-12-31,086516101,US0865161014,086516101,"Best Buy Co., Inc.",169891497.78,2538346
2025-12-31,09062X103,US09062X1037,09062X103,"Biogen, Inc.",335306883.38999999,1905261
2025-12-31,09073M104,US09073M1045,09073M104,Bio-Techne Corp.,119745158.16,2036136
2025-12-31,09260D107,US09260D1072,09260D107,"Blackstone, Inc.",1478695539.72,9593198
2025-12-31,09290D101,US09290D1019,09290D101,"BlackRock, Inc.",2006306305.3800001,1874457
2025-12-31,097023105,US0970231058,097023105,Boeing Co. (The),2208670352.48,10172579
2025-12-31,09857L108,US09857L1089,09857L108,"Booking Holdings, Inc.",2242576569.48,418756
2025-12-31,101121101,US1011211018,101121101,"BXP, Inc.",129092074.16,1913042
2025-12-31,101137107,US1011371077,101137107,Boston Scientific Corp.,1836284244.5999999,19258356
2025-12-31,110122108,US1101221083,110122108,Bristol-Myers Squibb Co.,1426477929.48,26445642
2025-12-31,11133T103,US11133T1034,11133T103,"Broadridge Financial Solutions, Inc.",338414764.82999998,1516399
2025-12-31,11135F101,US11135F1012,11135F101,"Broadcom, Inc.",21232576025.599998,61348096
2025-12-31,115236101,US1152361010,115236101,"Brown & Brown, Inc.",304011266.5,3814445
2025-12-31,115637209,US1156372096,115637209,Brown-Forman Corp.,59706378.719999999,2291112
2025-12-31,12008R107,US12008R1077,12008R107,"Builders FirstSource, Inc.",147835438.69999999,1436830
2025-12-31,12503M108,US12503M1080,12503M108,"CBOE Global Markets, Inc.",340927276,1358276
2025-12-31,12504L109,US12504L1098,12504L109,"CBRE Group, Inc.",612305042.15999997,3808104
2025-12-31,12514G108,US12514G1085,12514G108,CDW Corp.,230360644.19999999,1691341
2025-12-31,125269100,US1252691001,125269100,"CF Industries Holdings, Inc.",156710793.72,2026258
2025-12-31,12541W209,US12541W2098,12541W209,"CH Robinson Worldwide, Inc.",246593300.72,1533922
2025-12-31,125523100,US1255231003,125523100,Cigna Group (The),955107824.90999997,3470217
2025-12-31,12572Q105,US12572Q1058,12572Q105,"CME Group, Inc.",1279245444.6400001,4684508
2025-12-31,125896100,US1258961002,125896100,CMS Energy Corp.,276462101.16000003,3953412
2025-12-31,126408103,US1264081035,126408103,CSX Corp.,876922263.75,24190959
2025-12-31,126650100,US1266501006,126650100,CVS Health Corp.,1308736394.24,16491134
2025-12-31,127097103,US1270971039,127097103,"Coterra Energy, Inc.",260903448.40000001,9912745
2025-12-31,127387108,US1273871087,127387108,"Cadence Design Systems, Inc.",1105328829.26,3536147
2025-12-31,133131102,US1331311027,133131102,Camden Property Trust,152624488.96000001,1386487
2025-12-31,134429109,US1344291091,134429109,Campbell's Co. (The),71343130.980000004,2559854
2025-12-31,14040H105,US14040H1059,14040H105,Capital One Financial Corp.,2001604464.52,8258807
2025-12-31,14149Y108,US14149Y1082,14149Y108,"Cardinal Health, Inc.",634294450.5,3086591
2025-12-31,143658300,PA1436583006,143658300,Carnival Corp.,430728127.98000002,14103737
2025-12-31,14448C104,US14448C1045,14448C104,Carrier Global Corp.,543441170.20000005,10284655
2025-12-31,146869102,US1468691027,146869102,Carvana Co.,775349070.65999997,1837233
2025-12-31,149123101,US1491231015,149123101,"Caterpillar, Inc.",3482777486.75,6079525
2025-12-31,15135B101,US15135B1017,15135B101,Centene Corp.,249425498.94999999,6061373
2025-12-31,15189T107,US15189T1079,15189T107,"CenterPoint Energy, Inc.",325181323.44,8481516
2025-12-31,15677J108,US15677J1088,15677J108,"Dayforce, Inc.",143368265.03999999,2072994
2025-12-31,159864107,US1598641074,159864107,"Charles River Laboratories International, Inc.",127570452.2,639515
2025-12-31,16119P108,US16119P1084,16119P108,"Charter Communications, Inc.",238635276.25,1143163
2025-12-31,165167735,US1651677353,165167735,Expand Energy Corp.,341332223.27999997,3092898
2025-12-31,166764100,US1667641005,166764100,Chevron Corp.,3747484441.4099998,24588179.524999999
2025-12-31,169656105,US1696561059,169656105,"Chipotle Mexican Grill, Inc.",635573346,17177658
2025-12-31,171340102,US1713401024,171340102,"Church & Dwight Co., Inc.",261570410.40000001,3119504
2025-12-31,172062101,US1720621010,172062101,Cincinnati Financial Corp.,331573570.56,2030208
2025-12-31,17275R102,US17275R1023,17275R102,"Cisco Systems, Inc.",3943461649.2600002,51193842
2025-12-31,172908105,US1729081059,172908105,Cintas Corp.,834570780.77999997,4437554
2025-12-31,172967424,US1729674242,172967424,"Citigroup, Inc.",2712426493.4899998,23244721
2025-12-31,174610105,US1746101054,174610105,"Citizens Financial Group, Inc.",325894623.12,5579432
2025-12-31,189054109,US1890541097,189054109,Clorox Co. (The),160324237.34999999,1590045
2025-12-31,191216100,US1912161007,191216100,Coca-Cola Co. (The),3516042983.5900002,50293849
2025-12-31,192446102,US1924461023,192446102,Cognizant Technology Solutions Corp.,520412324,6270028
2025-12-31,19260Q107,US19260Q1076,19260Q107,"Coinbase Global, Inc.",670285291.91999996,2964028
2025-12-31,194162103,US1941621039,194162103,Colgate-Palmolive Co.,827461722.96000004,10471548
2025-12-31,199908104,US1999081045,199908104,"Comfort Systems USA, Inc.",426706721.02999997,457207
2025-12-31,20030N101,US20030N1019,20030N101,Comcast Corp.,1411256350,47215000
2025-12-31,205887102,US2058871029,205887102,"Conagra Brands, Inc.",107714573.48999999,6222679
2025-12-31,20825C104,US20825C1045,20825C104,ConocoPhillips,1502738554.24,16053184
2025-12-31,209115104,US2091151041,209115104,"Consolidated Edison, Inc.",465335653.12,4685216
2025-12-31,21036P108,US21036P1084,21036P108,"Constellation Brands, Inc.",252653183.96000001,1831351
2025-12-31,21037T109,US21037T1097,21037T109,Constellation Energy Corp.,1433956843.9200001,4059096
2025-12-31,216648501,US2166485019,216648501,"Cooper Cos., Inc. (The)",211678993.56,2582711
2025-12-31,217204106,US2172041061,217204106,"Copart, Inc.",452858307.30000001,11567262
2025-12-31,219350105,US2193501051,219350105,"Corning, Inc.",887465343.15999997,10135511
2025-12-31,219948106,US2199481068,219948106,"Corpay, Inc.",273492707.25,908825
2025-12-31,22052L104,US22052L1044,22052L104,"Corteva, Inc.",588416487.14999998,8778405
2025-12-31,22160K105,US22160K1051,22160K105,Costco Wholesale Corp.,4964764741.7799997,5757317
2025-12-31,22160N109,US22160N1090,22160N109,"CoStar Group, Inc.",370094473.68000001,5504082
2025-12-31,22788C105,US22788C1053,22788C105,"Crowdstrike Holdings, Inc.",1528231195.3199999,3260157
2025-12-31,22822V101,US22822V1017,22822V101,"Crown Castle, Inc.",502813040.63,5657849
2025-12-31,231021106,US2310211063,231021106,"Cummins, Inc.",915354763.95000005,1793231
2025-12-31,23331A109,US23331A1097,23331A109,"DR Horton, Inc.",512418843.69,3557723
2025-12-31,233331107,US2333311072,233331107,DTE Energy Co.,347679648.81999999,2695609
2025-12-31,235851102,US2358511028,235851102,Danaher Corp.,1869544771.6800001,8166804
2025-12-31,237194105,US2371941053,237194105,"Darden Restaurants, Inc.",278059740.60000002,1511030
2025-12-31,23804L103,US23804L1035,23804L103,"Datadog, Inc.",574939473.92999995,4227807
2025-12-31,23918K108,US23918K1088,23918K108,"DaVita, Inc.",52100977.950000003,458595
2025-12-31,243537107,US2435371073,243537107,Deckers Outdoor Corp.,196284631.19999999,1893360
2025-12-31,244199105,US2441991054,244199105,Deere & Co.,1520554413.4200001,3266006
2025-12-31,24703L202,US24703L2025,24703L202,"Dell Technologies, Inc.",492872188.44,3915413
2025-12-31,247361702,US2473617023,247361702,"Delta Air Lines, Inc.",584703119.79999995,8425117
2025-12-31,25179M103,US25179M1036,25179M103,Devon Energy Corp.,298506624.56999999,8149239
2025-12-31,252131107,US2521311074,252131107,"Dexcom, Inc.",336275617.97000003,5066681
2025-12-31,25278X109,US25278X1090,25278X109,"Diamondback Energy, Inc.",363718173.44999999,2419465
2025-12-31,253868103,US2538681030,253868103,"Digital Realty Trust, Inc.",648959561.63999999,4194684
2025-12-31,254687106,US2546871060,254687106,Walt Disney Co. (The),2638625173.79,23192627
2025-12-31,256677105,US2566771059,256677105,Dollar General Corp.,379669623.07999998,2859604
2025-12-31,256746108,US2567461080,256746108,"Dollar Tree, Inc.",303128868.62,2464262
2025-12-31,25746U109,US25746U1097,25746U109,"Dominion Energy, Inc.",649947131.19000006,11093141
2025-12-31,25754A201,US25754A2015,25754A201,"Domino's Pizza, Inc.",168843778.31999999,405076
2025-12-31,25809K105,US25809K1051,25809K105,"DoorDash, Inc.",1099878377.9200001,4856404
2025-12-31,260003108,US2600031080,260003108,Dover Corp.,347715020.88,1780962
2025-12-31,260557103,US2605571031,260557103,"Dow, Inc.",215880702.94,9233563
2025-12-31,26441C204,US26441C2044,26441C204,Duke Energy Corp.,1184091755.0999999,10102310
2025-12-31,26614N102,US26614N1028,26614N102,"DuPont de Nemours, Inc.",218676422.40000001,5439712
2025-12-31,26875P101,US26875P1012,26875P101,"EOG Resources, Inc.",740200788.60000002,7048860
2025-12-31,26884L109,US26884L1098,26884L109,EQT Corp.,434529947.19999999,8106902
2025-12-31,278642103,US2786421030,278642103,"eBay, Inc.",511442838.39999998,5871904
2025-12-31,278865100,US2788651006,278865100,"Ecolab, Inc.",869349681.12,3311556
2025-12-31,281020107,US2810201077,281020107,Edison International,300040040.01999998,4999001
2025-12-31,28176E108,US28176E1082,28176E108,Edwards Lifesciences Corp.,642669401,7538644
2025-12-31,285512109,US2855121099,285512109,"Electronic Arts, Inc.",595826484.33000004,2916001
2025-12-31,29084Q100,US29084Q1004,29084Q100,"EMCOR Group, Inc.",355490979.93000001,581067
2025-12-31,291011104,US2910111044,291011104,Emerson Electric Co.,968635950.24000001,7298342
2025-12-31,29364G103,US29364G1031,29364G103,Entergy Corp.,535989923.81999999,5798874
2025-12-31,29414B104,US29414B1044,29414B104,"EPAM Systems, Inc.",147031722.24000001,717648
2025-12-31,294429105,US2944291051,294429105,"Equifax, Inc.",345005143.36000001,1590032
2025-12-31,29444U700,US29444U7000,29444U700,"Equinix, Inc.",977248572.39999998,1275515
2025-12-31,29476L107,US29476L1070,29476L107,Equity Residential,283545913.92000002,4497873
2025-12-31,29530P102,US29530P1021,29530P102,Erie Indemnity Co.,94844172.150000006,330871
2025-12-31,297178105,US2971781057,297178105,"Essex Property Trust, Inc.",219152813.12,837484
2025-12-31,30034W106,US30034W1062,30034W106,"Evergy, Inc.",216807223.93000001,2990857
2025-12-31,30040W108,US30040W1080,30040W108,Eversource Energy,328169921.16000003,4874052
2025-12-31,30161N101,US30161N1019,30161N101,Exelon Corp.,571949838.75,13121125
2025-12-31,30212P303,US30212P3038,30212P303,"Expedia Group, Inc.",430643665.63999999,1520044
2025-12-31,302130109,US3021301094,302130109,"Expeditors International of Washington, Inc.",259433562.47999999,1741048
2025-12-31,30225T102,US30225T1025,30225T102,"Extra Space Storage, Inc.",359015107.57999998,2756989
2025-12-31,30231G102,US30231G1022,30231G102,Exxon Mobil Corp.,6592833157.6800003,54785052
2025-12-31,30303M102,US30303M1027,30303M102,"Meta Platforms, Inc.",18675857720.639999,28292896
2025-12-31,303075105,US3030751057,303075105,"FactSet Research Systems, Inc.",141204422.66999999,486593
2025-12-31,303250104,US3032501047,303250104,Fair Isaac Corp.,520724484.95999998,308008
2025-12-31,311900104,US3119001044,311900104,Fastenal Co.,598502110.65999997,14914082
2025-12-31,313745101,US3137451015,313745101,Federal Realty Investment Trust,102817713.59999999,1020017
2025-12-31,31428X106,US31428X1063,31428X106,FedEx Corp.,814444814.03999996,2819514
2025-12-31,315616102,US3156161024,315616102,"F5, Inc.",191286994.06,749381
2025-12-31,31620M106,US31620M1062,31620M106,"Fidelity National Information Services, Inc.",447102405.86000001,6727391
2025-12-31,316773100,US3167731005,316773100,Fifth Third Bancorp,402473784.30000001,8598030
2025-12-31,336433107,US3364331070,336433107,"First Solar, Inc.",364132415.44999999,1393915
2025-12-31,337738108,US3377381088,337738108,"Fiserv, Inc.",469332574.94999999,6987235
2025-12-31,337932107,US3379321074,337932107,FirstEnergy Corp.,302237524.38,6750894
2025-12-31,345370860,US3453708600,345370860,Ford Motor Co.,667047735.36000001,50842053
2025-12-31,34959E109,US34959E1091,34959E109,"Fortinet, Inc.",652084188.33000004,8211613
2025-12-31,34959J108,US34959J1088,34959J108,Fortive Corp.,227801815.37,4126097
2025-12-31,35137L105,US35137L1052,35137L105,Fox Corp.,197787995.03,2706829
2025-12-31,35137L204,US35137L2043,35137L204,Fox Corp.,125357818.73,1930661
2025-12-31,354613101,US3546131018,354613101,"Franklin Resources, Inc.",95204110.670000002,3985103
2025-12-31,35671D857,US35671D8570,35671D857,"Freeport-McMoRan, Inc.",947348082.24000001,18652256
2025-12-31,36266G107,US36266G1076,36266G107,"GE HealthCare Technologies, Inc.",485366145.12,5917656
2025-12-31,363576109,US3635761097,363576109,Arthur J Gallagher & Co.,863359153.01999998,3336138
2025-12-31,366651107,US3666511072,366651107,"Gartner, Inc.",236220864.31999999,936344
2025-12-31,36828A101,US36828A1016,36828A101,"GE Vernova, Inc.",2303651903.9699998,3524721
2025-12-31,368736104,US3687361044,368736104,"Generac Holdings, Inc.",103839481.98,761454
2025-12-31,369550108,US3695501086,369550108,General Dynamics Corp.,1108833139.1400001,3293629
2025-12-31,369604301,US3696043013,369604301,GE Aerospace,4220952955.7399998,13703058
2025-12-31,370334104,US3703341046,370334104,"General Mills, Inc.",322225981.5,6929591
2025-12-31,37045V100,US37045V1008,37045V100,General Motors Co.,985499433.55999994,12118783
2025-12-31,372460105,US3724601055,372460105,Genuine Parts Co.,222059243.12,1805947
2025-12-31,375558103,US3755581036,375558103,"Gilead Sciences, Inc.",1978515162.6199999,16119563
2025-12-31,37940X102,US37940X1028,37940X102,"Global Payments, Inc.",238044938.40000001,3075516
2025-12-31,37959E102,US37959E1029,37959E102,"Globe Life, Inc.",144639855.36000001,1034176
2025-12-31,380237107,US3802371076,380237107,"GoDaddy, Inc.",217837825.91999999,1755624
2025-12-31,38141G104,US38141G1040,38141G104,"Goldman Sachs Group, Inc. (The)",3424893408,3896352
2025-12-31,384802104,US3848021040,384802104,"WW Grainger, Inc.",573450178.35000002,568307
2025-12-31,40412C101,US40412C1018,40412C101,"HCA Healthcare, Inc.",968784454.01999998,2075107
2025-12-31,40434L105,US40434L1052,40434L105,"HP, Inc.",270539266.88,12142696
2025-12-31,406216101,US4062161017,406216101,Halliburton Co.,308981868.66000003,10933541
2025-12-31,416515104,US4165151048,416515104,"Hartford Insurance Group, Inc. (The)",498826905.19999999,3619934
2025-12-31,418056107,US4180561072,418056107,"Hasbro, Inc.",141895834,1730437
2025-12-31,42250P103,US42250P1030,42250P103,"Healthpeak Properties, Inc.",145142920.08000001,9026301
2025-12-31,426281101,US4262811015,426281101,"Jack Henry & Associates, Inc.",171574082.80000001,940235
2025-12-31,427866108,US4278661081,427866108,Hershey Co. (The),350312591.88,1925006
2025-12-31,42824C109,US42824C1099,42824C109,Hewlett Packard Enterprise Co.,411725498.89999998,17140945
2025-12-31,43300A203,US43300A2033,43300A203,"Hilton Worldwide Holdings, Inc.",867368035.5,3019558
2025-12-31,436440101,US4364401012,436440101,"Hologic, Inc.",215214720.24000001,2889176
2025-12-31,437076102,US4370761029,437076102,"Home Depot, Inc. (The)",4449569143.5,12931035
2025-12-31,438516106,US4385161066,438516106,"Honeywell International, Inc.",1608882843.75,8246875
2025-12-31,440452100,US4404521001,440452100,Hormel Foods Corp.,89899290.299999997,3793219
2025-12-31,44107P104,US44107P1049,44107P104,"Host Hotels & Resorts, Inc.",147257153.28,8305536
2025-12-31,443201108,US4432011082,443201108,"Howmet Aerospace, Inc.",1070854108.38,5223169
2025-12-31,443510607,US4435106079,443510607,"Hubbell, Inc.",306493634.30000001,690130
2025-12-31,444859102,US4448591028,444859102,"Humana, Inc.",399964667.97000003,1561569
2025-12-31,445658107,US4456581077,445658107,"JB Hunt Transport Services, Inc.",189910991.40000001,977210
2025-12-31,446150104,US4461501045,446150104,"Huntington Bancshares, Inc.",354462460.55000001,20430113
2025-12-31,446413106,US4464131063,446413106,"Huntington Ingalls Industries, Inc.",173399312.50999999,509893
2025-12-31,45167R104,US45167R1041,45167R104,IDEX Corp.,173023339.86000001,972369
2025-12-31,45168D104,US45168D1046,45168D104,"IDEXX Laboratories, Inc.",701800425.09000003,1037353
2025-12-31,452308109,US4523081093,452308109,"Illinois Tool Works, Inc.",844681909.20000005,3429484
2025-12-31,45337C102,US45337C1027,45337C102,Incyte Corp.,211599020.56999999,2142341
2025-12-31,45687V106,US45687V1061,45687V106,"Ingersoll Rand, Inc.",370028143.45999998,4670893
2025-12-31,45784P101,US45784P1012,45784P101,Insulet Corp.,259804739.91999999,914033
2025-12-31,458140100,US4581401001,458140100,Intel Corp.,2149383967.1999998,58248888
2025-12-31,45841N107,US45841N1072,45841N107,"Interactive Brokers Group, Inc.",371903443.80000001,5782980
2025-12-31,45866F104,US45866F1049,45866F104,"Intercontinental Exchange, Inc.",1199663471.6400001,7407159
2025-12-31,459200101,US4592001014,459200101,International Business Machines Corp.,3596914760.04,12143124
2025-12-31,459506101,US4595061015,459506101,"International Flavors & Fragrances, Inc.",224383428.75,3329625
2025-12-31,460146103,US4601461035,460146103,International Paper Co.,270187511.88,6859292
2025-12-31,461202103,US4612021034,461202103,"Intuit, Inc.",2399248806.9000001,3621945
2025-12-31,46120E602,US46120E6023,46120E602,"Intuitive Surgical, Inc.",2608220328.2399998,4605234
2025-12-31,46187W107,US46187W1071,46187W107,"Invitation Homes, Inc.",203607686.87,7326653
2025-12-31,46266C105,US46266C1053,46266C105,"IQVIA Holdings, Inc.",498691899.56999999,2212377
2025-12-31,46284V101,US46284V1017,46284V101,"Iron Mountain, Inc.",318315730.94999999,3837441
2025-12-31,46625H100,US46625H1005,46625H100,JPMorgan Chase & Co.,11395250367.08,35364814
2025-12-31,466313103,US4663131039,466313103,"Jabil, Inc.",316468501.95999998,1387898
2025-12-31,46982L108,US46982L1089,46982L108,"Jacobs Solutions, Inc.",205720976.80000001,1553080
2025-12-31,478160104,US4781601046,478160104,Johnson & Johnson,6477342743.4499998,31299071
2025-12-31,482480100,US4824801009,482480100,KLA Corp.,2074038278.2,1706915
2025-12-31,48251W104,US48251W1045,48251W104,"KKR & Co., Inc.",1136640872.9200001,8916229
2025-12-31,49177J102,US49177J1025,49177J102,"Kenvue, Inc.",430023335.25,24928889
2025-12-31,49271V100,US49271V1008,49271V100,"Keurig Dr Pepper, Inc.",494252247.63999999,17645564
2025-12-31,493267108,US4932671088,493267108,KeyCorp,249091012.31999999,12068363
2025-12-31,49338L103,US49338L1035,49338L103,"Keysight Technologies, Inc.",453640774.86000001,2232594
2025-12-31,494368103,US4943681035,494368103,Kimberly-Clark Corp.,434822078.06999999,4309863
2025-12-31,49446R109,US49446R1095,49446R109,Kimco Realty Corp.,178316527.81999999,8797066
2025-12-31,49456B101,US49456B1017,49456B101,"Kinder Morgan, Inc.",699168866.78999996,25433571
2025-12-31,500754106,US5007541064,500754106,Kraft Heinz Co. (The),268432489.25,11069381
2025-12-31,501044101,US5010441013,501044101,Kroger Co. (The),494850284.72000003,7920139
2025-12-31,502431109,US5024311095,502431109,"L3Harris Technologies, Inc.",713185453.77999997,2429354
2025-12-31,504922105,US5049221055,504922105,"Labcorp Holdings, Inc.",270180951.04000002,1076933
2025-12-31,512807306,US5128073062,512807306,Lam Research Corp.,2793154501.98,16317061
2025-12-31,513272104,US5132721045,513272104,"Lamb Weston Holdings, Inc.",75718060.049999997,1807545
2025-12-31,517834107,US5178341070,517834107,Las Vegas Sands Corp.,257269201.34999999,3952515
2025-12-31,518439104,US5184391044,518439104,"Estee Lauder Cos., Inc. (The)",334510761.19999999,3194335
2025-12-31,525327102,US5253271028,525327102,"Leidos Holdings, Inc.",299638807.60000002,1660969
2025-12-31,526057104,US5260571048,526057104,Lennar Corp.,288132568.80000001,2802846
2025-12-31,526107107,US5261071071,526107107,"Lennox International, Inc.",201993025.13999999,415983
2025-12-31,532457108,US5324571083,532457108,Eli Lilly & Co.,11086833050.719999,10316404
2025-12-31,538034109,US5380341090,538034109,"Live Nation Entertainment, Inc.",291891157.5,2048359
2025-12-31,539830109,US5398301094,539830109,Lockheed Martin Corp.,1279476434.5,2645350
2025-12-31,540424108,US5404241086,540424108,Loews Corp.,232556388.93000001,2208303
2025-12-31,548661107,US5486611073,548661107,"Lowe's Cos., Inc.",1757009765.5999999,7285660
2025-12-31,550021109,US5500211090,550021109,"Lululemon Athletica, Inc.",291322604.69999999,1401870
2025-12-31,55261F104,US55261F1049,55261F104,M&T Bank Corp.,402274766.51999998,1996599
2025-12-31,552953101,US5529531015,552953101,MGM Resorts International,96972868.310000002,2657519
2025-12-31,55354G100,US55354G1004,55354G100,"MSCI, Inc.",560042523.38999999,976143
2025-12-31,56585A102,US56585A1025,56585A102,Marathon Petroleum Corp.,635089340.34000003,3905118
2025-12-31,571748102,US5717481023,571748102,"Marsh & McLennan Cos., Inc.",1180727754.96,6364423
2025-12-31,571903202,US5719032022,571903202,"Marriott International, Inc.",897678199.03999996,2893496
2025-12-31,573284106,US5732841060,573284106,"Martin Marietta Materials, Inc.",487384001.69999999,782745
2025-12-31,574599106,US5745991068,574599106,Masco Corp.,171224852.84,2698154
2025-12-31,57636Q104,US57636Q1040,57636Q104,"Mastercard, Inc.",6081046300.1599998,10652057
2025-12-31,57667L107,US57667L1070,57667L107,"Match Group, Inc.",99026164.75,3066775
2025-12-31,579780206,US5797802064,579780206,"McCormick & Co., Inc.",223891464.44,3287204
2025-12-31,580135101,US5801351017,580135101,McDonald's Corp.,2827551532.1300001,9251551
2025-12-31,58155Q103,US58155Q1031,58155Q103,McKesson Corp.,1315276774.4100001,1603429
2025-12-31,58933Y105,US58933Y1055,58933Y105,"Merck & Co., Inc.",3393992492.96,32243896
2025-12-31,59156R108,US59156R1086,59156R108,"MetLife, Inc.",567587520.22000003,7190113
2025-12-31,592688105,US5926881054,592688105,"Mettler-Toledo International, Inc.",369991536.38999999,265381
2025-12-31,594918104,US5949181045,594918104,Microsoft Corp.,46695343919.800003,96553790
2025-12-31,595017104,US5950171042,595017104,"Microchip Technology, Inc.",447373468.44,7020927
2025-12-31,595112103,US5951121038,595112103,"Micron Technology, Inc.",4161820649.8200002,14581902
2025-12-31,59522J103,US59522J1034,59522J103,"Mid-America Apartment Communities, Inc.",211084441.06999999,1519577
2025-12-31,60770K107,US60770K1079,60770K107,"Moderna, Inc.",133206742.86,4517014
2025-12-31,60855R100,US60855R1005,60855R100,"Molina Healthcare, Inc.",115878384.81999999,667733
2025-12-31,60871R209,US60871R2094,60871R209,Molson Coors Beverage Co.,102620518.44,2198383
2025-12-31,609207105,US6092071058,609207105,"Mondelez International, Inc.",902352935.96000004,16763012
2025-12-31,609839105,US6098391054,609839105,"Monolithic Power Systems, Inc.",563871027.72000003,622127
2025-12-31,61174X109,US61174X1090,61174X109,Monster Beverage Corp.,710384504.94000006,9265482
2025-12-31,615369105,US6153691059,615369105,Moody's Corp.,1018194036.45,1993137
2025-12-31,617446448,US6174464486,617446448,Morgan Stanley,2785702585.9099998,15691447
2025-12-31,61945C103,US61945C1036,61945C103,Mosaic Co. (The),99205077.180000007,4118102
2025-12-31,620076307,US6200763075,620076307,"Motorola Solutions, Inc.",829167925.03999996,2163122
2025-12-31,629377508,US6293775085,629377508,"NRG Energy, Inc.",396439604.51999998,2489573
2025-12-31,62944T105,US62944T1051,62944T105,"NVR, Inc.",269059456.38,36894
2025-12-31,631103108,US6311031081,631103108,"Nasdaq, Inc.",569186753.63,5860051
2025-12-31,64110D104,US64110D1046,64110D104,"NetApp, Inc.",278365248.22000003,2599358
2025-12-31,64110L106,US64110L1061,64110L106,"Netflix, Inc.",5161199125.4399996,55046919
2025-12-31,651639106,US6516391066,651639106,Newmont Corp.,1415528916.9000001,14176554
2025-12-31,65249B109,US65249B1098,65249B109,News Corp.,127666619.52,4887696
2025-12-31,65249B208,US65249B2088,65249B208,News Corp.,47963769.909999996,1618757
2025-12-31,65339F101,US65339F1012,65339F101,"NextEra Energy, Inc.",2171984953.3200002,27055119
2025-12-31,654106103,US6541061031,654106103,"NIKE, Inc.",984342180.75999999,15450356
2025-12-31,65473P105,US65473P1057,65473P105,"NiSource, Inc.",258880053.59999999,6199235
2025-12-31,655663102,US6556631025,655663102,Nordson Corp.,167413572.87,696309
2025-12-31,655844108,US6558441084,655844108,Norfolk Southern Corp.,841617356.39999998,2914995
2025-12-31,665859104,US6658591044,665859104,Northern Trust Corp.,335578136.51999998,2456828
2025-12-31,666807102,US6668071029,666807102,Northrop Grumman Corp.,993767119.88999999,1742809
2025-12-31,668771108,US6687711084,668771108,"Gen Digital, Inc.",197970281.24000001,7280996
2025-12-31,670346105,US6703461052,670346105,Nucor Corp.,484943319.66000003,2973106
2025-12-31,67066G104,US67066G1040,67066G104,NVIDIA Corp.,58874410452.5,315680485
2025-12-31,67103H107,US67103H1077,67103H107,"O'Reilly Automotive, Inc.",1000185145.4,10965740
2025-12-31,674599105,US6745991058,674599105,Occidental Petroleum Corp.,383848086.24000001,9334827
2025-12-31,679580100,US6795801009,679580100,"Old Dominion Freight Line, Inc.",374820051.19999999,2390434
2025-12-31,681919106,US6819191064,681919106,"Omnicom Group, Inc.",334617987,4143876
2025-12-31,682189105,US6821891057,682189105,ON Semiconductor Corp.,283056508.05000001,5227267
2025-12-31,682680103,US6826801036,682680103,"ONEOK, Inc.",601237864.5,8180107
2025-12-31,68389X105,US68389X1054,68389X105,Oracle Corp.,4258861853.8200002,21850402
2025-12-31,68902V107,US68902V1070,68902V107,Otis Worldwide Corp.,442234793.85000002,5062791
2025-12-31,69331C108,US69331C1080,69331C108,PG&E Corp.,458799914.16000003,28550088
2025-12-31,693475105,US6934751057,693475105,"PNC Financial Services Group, Inc. (The)",1063374776.27,5094499
2025-12-31,693506107,US6935061076,693506107,"PPG Industries, Inc.",298687703.44,2915164
2025-12-31,69351T106,US69351T1060,69351T106,PPL Corp.,336380547.68000001,9605384
2025-12-31,69370C100,US69370C1009,69370C100,"PTC, Inc.",271078425.24000001,1556044
2025-12-31,693718108,US6937181088,693718108,"PACCAR, Inc.",746979099.03999996,6821104
2025-12-31,695156109,US6951561090,695156109,Packaging Corp. of America,239286400.47,1160289
2025-12-31,69608A108,US69608A1088,69608A108,"Palantir Technologies, Inc.",5274857452.5,29675710
2025-12-31,697435105,US6974351057,697435105,"Palo Alto Networks, Inc.",1636727520,8885600
2025-12-31,69932A204,US69932A2042,69932A204,Paramount Skydance Corp.,53758776.600000001,4011849
2025-12-31,701094104,US7010941042,701094104,Parker-Hannifin Corp.,1440878249.04,1639299
2025-12-31,704326107,US7043261079,704326107,"Paychex, Inc.",472590670.01999998,4212789
2025-12-31,70432V102,US70432V1026,70432V102,"Paycom Software, Inc.",101167624.31999999,634837
2025-12-31,70450Y103,US70450Y1038,70450Y103,"PayPal Holdings, Inc.",709609892.46000004,12155017
2025-12-31,713448108,US7134481081,713448108,"PepsiCo, Inc.",2549357528.6399999,17763082
2025-12-31,714046109,US7140461093,714046109,"Revvity, Inc.",142498431,1472852
2025-12-31,717081103,US7170811035,717081103,"Pfizer, Inc.",1839065021.7,73858033
2025-12-31,718172109,US7181721090,718172109,"Philip Morris International, Inc.",3243646012.8000002,20222232
2025-12-31,718546104,US7185461040,718546104,Phillips 66,675440136.88,5234347
2025-12-31,723484101,US7234841010,723484101,Pinnacle West Capital Corp.,137604478.90000001,1551347
2025-12-31,73278L105,US73278L1052,73278L105,Pool Corp.,97470146.25,426099
2025-12-31,74144T108,US74144T1088,74144T108,"T. Rowe Price Group, Inc.",294534769.63999999,2876878
2025-12-31,74251V102,US74251V1026,74251V102,"Principal Financial Group, Inc.",229097071.38,2597178
2025-12-31,742718109,US7427181091,742718109,Procter & Gamble Co. (The),4350382849.5,30356450
2025-12-31,743315103,US7433151039,743315103,Progressive Corp. (The),1734214412.3199999,7615556
2025-12-31,74340W103,US74340W1036,74340W103,"Prologis, Inc.",1540456879.52,12066872
2025-12-31,744320102,US7443201022,744320102,"Prudential Financial, Inc.",513248540.88,4546851
2025-12-31,744573106,US7445731067,744573106,"Public Service Enterprise Group, Inc.",520632598.19999999,6483594
2025-12-31,74460D109,US74460D1090,74460D109,Public Storage,532358281.5,2051477
2025-12-31,745867101,US7458671010,745867101,"PulteGroup, Inc.",296921198.86000001,2532161
2025-12-31,74743L100,US74743L1008,74743L100,"Qnity Electronics, Inc.",221967239.65000001,2718521
2025-12-31,747525103,US7475251036,747525103,"QUALCOMM, Inc.",2379872017.5999999,13913312
2025-12-31,74762E102,US74762E1029,74762E102,"Quanta Services, Inc.",817594795.17999995,1937153
2025-12-31,74834L100,US74834L1008,74834L100,"Quest Diagnostics, Inc.",250774970.66999999,1445139
2025-12-31,751212101,US7512121010,751212101,Ralph Lauren Corp.,178068094.91999999,503572
2025-12-31,754730109,US7547301090,754730109,"Raymond James Financial, Inc.",367818547.80000001,2290420
2025-12-31,75513E101,US75513E1010,75513E101,RTX Corp.,3194446528,17417920
2025-12-31,756109104,US7561091049,756109104,Realty Income Corp.,673647937.52999997,11950469
2025-12-31,758849103,US7588491032,758849103,Regency Centers Corp.,147616858.34999999,2138445
2025-12-31,75886F107,US75886F1075,75886F107,"Regeneron Pharmaceuticals, Inc.",1010576972.46,1309258
2025-12-31,7591EP100,US7591EP1005,7591EP100,Regions Financial Corp.,308708945.39999998,11391474
2025-12-31,760759100,US7607591002,760759100,"Republic Services, Inc.",553987139.29999995,2614010
2025-12-31,761152107,US7611521078,761152107,"ResMed, Inc.",456743956.62,1896226
2025-12-31,770700102,US7707001027,770700102,"Robinhood Markets, Inc.",1155376329.9000001,10215529
2025-12-31,773903109,US7739031091,773903109,"Rockwell Automation, Inc.",567482328.26999998,1458561
2025-12-31,775711104,US7757111049,775711104,"Rollins, Inc.",228895873.19999999,3813660
2025-12-31,776696106,US7766961061,776696106,"Roper Technologies, Inc.",622352277.67999995,1398136
2025-12-31,778296103,US7782961038,778296103,"Ross Stores, Inc.",761090239.01999998,4224993
2025-12-31,78409V104,US78409V1044,78409V104,"S&P Global, Inc.",2104568176.9200001,4027188
2025-12-31,78410G104,US78410G1040,78410G104,SBA Communications Corp.,267733619.91,1384137
2025-12-31,79466L302,US79466L3024,79466L302,"Salesforce, Inc.",3276250583.0999999,12367410
2025-12-31,80004C200,US80004C2008,80004C200,Sandisk Corp.,429338761.27999997,1808656
2025-12-31,806407102,US8064071025,806407102,"Henry Schein, Inc.",98252186.079999998,1299976
2025-12-31,806857108,AN8068571086,806857108,SLB Ltd.,744860963.01999998,19407529
2025-12-31,808513105,US8085131055,808513105,Charles Schwab Corp. (The),2167955882.0799999,21699088
2025-12-31,816851109,US8168511090,816851109,Sempra,748687192.55999994,8479864
2025-12-31,81762P102,US81762P1021,81762P102,"ServiceNow, Inc.",2064537034.3,13476970
2025-12-31,824348106,US8243481061,824348106,Sherwin-Williams Co. (The),970457860.88999999,2994963
2025-12-31,828806109,US8288061091,828806109,"Simon Property Group, Inc.",785127219.99000001,4241409
2025-12-31,83088M102,US83088M1027,83088M102,"Skyworks Solutions, Inc.",122246743.98,1927878
2025-12-31,831865209,US8318652091,831865209,A O Smith Corp.,98500864,1472800
2025-12-31,832696405,US8326964058,832696405,J M Smucker Co. (The),135450124.49000001,1384829
2025-12-31,833034101,US8330341012,833034101,"Snap-on, Inc.",232817962.80000001,675618
2025-12-31,83444M101,US83444M1018,83444M101,Solventum Corp.,151671857.68000001,1914082
2025-12-31,842587107,US8425871071,842587107,Southern Co. (The),1247345424,14304420
2025-12-31,844741108,US8447411088,844741108,Southwest Airlines Co.,277668454.91000003,6718327
2025-12-31,852234103,US8522341036,852234103,"Block, Inc.",463096669.17000002,7114713
2025-12-31,854502101,US8545021011,854502101,"Stanley Black & Decker, Inc.",149435686.91999999,2011789
2025-12-31,855244109,US8552441094,855244109,Starbucks Corp.,1243517112.1800001,14766858
2025-12-31,857477103,US8574771031,857477103,State Street Corp.,468115365.19999999,3628520
2025-12-31,858119100,US8581191009,858119100,"Steel Dynamics, Inc.",302179676.64999998,1783297
2025-12-31,863667101,US8636671013,863667101,Stryker Corp.,1571507074.27,4471241
2025-12-31,86800U302,US86800U3023,86800U302,"Super Micro Computer, Inc.",190606327.81,6512003
2025-12-31,871607107,US8716071076,871607107,"Synopsys, Inc.",1133468649.5599999,2413073
2025-12-31,87165B103,US87165B1035,87165B103,Synchrony Financial,390367551.69,4678983
2025-12-31,871829107,US8718291078,871829107,Sysco Corp.,458415541.85000002,6220865
2025-12-31,872540109,US8725401090,872540109,"TJX Cos., Inc. (The)",2220917650.3800001,14458158
2025-12-31,87256C101,US87256C1018,87256C101,"TKO Group Holdings, Inc.",179998742,861238
2025-12-31,872590104,US8725901040,872590104,"T-Mobile US, Inc.",1268614020.96,6248099
2025-12-31,874054109,US8740541094,874054109,"Take-Two Interactive Software, Inc.",577717869.38,2256446
2025-12-31,876030107,US8760301072,876030107,"Tapestry, Inc.",339690983.00999999,2658613
2025-12-31,87612E106,US87612E1064,87612E106,Target Corp.,577037115.75,5903193
2025-12-31,87612G101,US87612G1013,87612G101,Targa Resources Corp.,514505187,2788646
2025-12-31,879360105,US8793601050,879360105,"Teledyne Technologies, Inc.",311504952.32999998,609921
2025-12-31,880770102,US8807701029,880770102,"Teradyne, Inc.",393798787.80000001,2034505
2025-12-31,88160R101,US88160R1014,88160R101,"Tesla, Inc.",16416515019.76,36503858
2025-12-31,882508104,US8825081040,882508104,"Texas Instruments, Inc.",2047854620.73,11803877
2025-12-31,88262P102,US88262P1021,88262P102,Texas Pacific Land Corp.,216074169.90000001,752295
2025-12-31,883203101,US8832031012,883203101,"Textron, Inc.",199559850.06,2289318
2025-12-31,88339J105,US88339J1051,88339J105,"Trade Desk, Inc. (The)",217138336.47999999,5720188
2025-12-31,883556102,US8835561023,883556102,"Thermo Fisher Scientific, Inc.",2828191728.4499998,4880821
2025-12-31,88579Y101,US88579Y1010,88579Y101,3M Co.,1104872353.9000001,6901139
2025-12-31,892356106,US8923561067,892356106,Tractor Supply Co.,343292544.77999997,6864478
2025-12-31,893641100,US8936411003,893641100,"TransDigm Group, Inc.",973629729.75,732135
2025-12-31,89417E109,US89417E1091,89417E109,"Travelers Cos., Inc. (The)",840532097.22000003,2897787
2025-12-31,896239100,US8962391004,896239100,"Trimble, Inc.",242168645.94999999,3090857
2025-12-31,89832Q109,US89832Q1094,89832Q109,Truist Financial Corp.,817803126.76999998,16618637
2025-12-31,902252105,US9022521051,902252105,"Tyler Technologies, Inc.",253743977.55000001,558969
2025-12-31,902494103,US9024941034,902494103,"Tyson Foods, Inc.",215548436.52000001,3677046
2025-12-31,902653104,US9026531049,902653104,"UDR, Inc.",143602970.28,3915021
2025-12-31,902973304,US9029733048,902973304,US Bancorp,1077530389.28,20193598
2025-12-31,90353T100,US90353T1007,90353T100,"Uber Technologies, Inc.",2205599173.9400001,26993014
2025-12-31,90384S303,US90384S3031,90384S303,"Ulta Beauty, Inc.",352821261.66000003,583166
2025-12-31,907818108,US9078181081,907818108,Union Pacific Corp.,1782163071.0799999,7704319
2025-12-31,910047109,US9100471096,910047109,"United Airlines Holdings, Inc.",470156582.88,4204584
2025-12-31,911312106,US9113121068,911312106,"United Parcel Service, Inc.",952242647.72000003,9600188
2025-12-31,911363109,US9113631090,911363109,"United Rentals, Inc.",668989577.24000001,826607
2025-12-31,91324P102,US91324P1021,91324P102,"UnitedHealth Group, Inc.",3884646670.7399998,11767734
2025-12-31,913903100,US9139031002,913903100,"Universal Health Services, Inc.",156436326.63999999,717532
2025-12-31,91913Y100,US91913Y1001,91913Y100,Valero Energy Corp.,645032584.39999998,3962360
2025-12-31,92276F100,US92276F1003,92276F100,"Ventas, Inc.",472195741.86000001,6102297
2025-12-31,92338C103,US92338C1036,92338C103,Veralto Corp.,321635441.88,3223446
2025-12-31,92343E102,US92343E1029,92343E102,"VeriSign, Inc.",263319899.80000001,1083844
2025-12-31,92343V104,US92343V1044,92343V104,"Verizon Communications, Inc.",2230892396.8400002,54772708
2025-12-31,92345Y106,US92345Y1064,92345Y106,"Verisk Analytics, Inc.",405015127.20999998,1810609
2025-12-31,92532F100,US92532F1003,92532F100,"Vertex Pharmaceuticals, Inc.",1494293147.76,3296041
2025-12-31,92556V106,US92556V1061,92556V106,"Viatris, Inc.",186284643.90000001,14962622
2025-12-31,925652109,US9256521090,925652109,"VICI Properties, Inc.",390442994.31999999,13884886
2025-12-31,92826C839,US92826C8394,92826C839,"Visa, Inc.",7688947452.3699999,21923947
2025-12-31,92840M102,US92840M1027,92840M102,Vistra Corp.,667367357.79999995,4136660
2025-12-31,929160109,US9291601097,929160109,Vulcan Materials Co.,489353380.10000002,1715705
2025-12-31,92939U106,US92939U1060,92939U106,"WEC Energy Group, Inc.",445660672.04000002,4225874
2025-12-31,929740108,US9297401088,929740108,Westinghouse Air Brake Technologies Corp.,474039578.69999999,2220846
2025-12-31,931142103,US9311421039,931142103,"Walmart, Inc.",6346610469.5500002,56966255
2025-12-31,934423104,US9344231041,934423104,"Warner Bros Discovery, Inc.",927752804.88,32191284
2025-12-31,94106L109,US94106L1098,94106L109,"Waste Management, Inc.",1057910680.72,4815032
2025-12-31,941848103,US9418481035,941848103,Waters Corp.,293884346.57999998,773726
2025-12-31,949746101,US9497461015,949746101,Wells Fargo & Co.,3800673259.1999998,40779756
2025-12-31,95040Q104,US95040Q1040,95040Q104,"Welltower, Inc.",1654908040.5,8916050
2025-12-31,955306105,US9553061055,955306105,"West Pharmaceutical Services, Inc.",256976908.03999999,933986
2025-12-31,958102105,US9581021055,958102105,Western Digital Corp.,765154432,4441600
2025-12-31,962166104,US9621661043,962166104,Weyerhaeuser Co.,222044214.21000001,9372909
2025-12-31,969457100,US9694571004,969457100,"Williams Cos., Inc. (The)",953540618.71000004,15863261
2025-12-31,969904101,US9699041011,969904101,"Williams-Sonoma, Inc.",282558132.99000001,1582161
2025-12-31,98138H101,US98138H1014,98138H101,"Workday, Inc.",605474055.53999996,2819043
2025-12-31,983134107,US9831341071,983134107,Wynn Resorts Ltd.,131858817.3,1095810
2025-12-31,98389B100,US98389B1008,98389B100,"Xcel Energy, Inc.",567482038.32000005,7683212
2025-12-31,98419M100,US98419M1009,98419M100,"Xylem, Inc.",430476555.30000001,3161085
2025-12-31,988498101,US9884981013,988498101,"Yum! Brands, Inc.",545661967.75999999,3606967
2025-12-31,989207105,US9892071054,989207105,Zebra Technologies Corp.,159808826.34,658137
2025-12-31,98956P102,US98956P1021,98956P102,"Zimmer Biomet Holdings, Inc.",231432948.80000001,2573765
2025-12-31,98978V103,US98978V1035,98978V103,"Zoetis, Inc.",720324281.15999997,5725038
2025-12-31,,BMG0450A1053,BMG0450A1053,Arch Capital Group Ltd.,449959952.63999999,4690992
2025-12-31,,BMG3223R1088,BMG3223R1088,Everest Group Ltd.,185298334.65000001,546039
2025-12-31,,BMG491BT1088,BMG491BT1088,Invesco Ltd.,152201576.06999999,5793741
2025-12-31,,BMG667211046,BMG667211046,Norwegian Cruise Line Holdings Ltd.,132005368.08,5914219
2025-12-31,,CH0044328745,CH0044328745,Chubb Ltd.,1484044454.8800001,4754724
2025-12-31,,CH0114405324,CH0114405324,Garmin Ltd.,431320563.55000001,2126303
2025-12-31,,CH1300646267,CH1300646267,Bunge Global SA,156634352.47999999,1758356
2025-12-31,,IE0001827041,IE0001827041,CRH plc,1086692131.2,8707469
2025-12-31,,IE00028FXN24,IE00028FXN24,Smurfit WestRock plc,262251200.58000001,6781774
2025-12-31,,IE000IVNQZ81,IE000IVNQZ81,TE Connectivity plc,869497262.98000002,3821798
2025-12-31,,IE000S9YS762,IE000S9YS762,Linde plc,2586531201.2399998,6066116
2025-12-31,,IE00B4BNMY34,IE00B4BNMY34,Accenture plc,2161483289.4000001,8056218
2025-12-31,,IE00B8KQN827,IE00B8KQN827,Eaton Corp. plc,1607101447.8599999,5045686
2025-12-31,,IE00BDB6Q211,IE00BDB6Q211,Willis Towers Watson plc,408736339.19999999,1243872
2025-12-31,,IE00BFRT3W74,IE00BFRT3W74,Allegion plc,177481897.12,1114696
2025-12-31,,IE00BFY8C754,IE00BFY8C754,STERIS plc,323240281.68000001,1275009
2025-12-31,,IE00BK9ZQ967,IE00BK9ZQ967,Trane Technologies plc,1121135747.2,2880616
2025-12-31,,IE00BKVD2N49,IE00BKVD2N49,Seagate Technology Holdings plc,779450637.27999997,2830352
2025-12-31,,IE00BLP1HW54,IE00BLP1HW54,Aon plc,985320358,2792225
2025-12-31,,IE00BLS09M33,IE00BLS09M33,Pentair plc,221806848.74000001,2129891
2025-12-31,,IE00BTN1Y115,IE00BTN1Y115,Medtronic plc,1600591873.0799999,16662418
2025-12-31,,IE00BY7QL619,IE00BY7QL619,Johnson Controls International plc,950723032,7939232
2025-12-31,,JE00BJ1F3079,JE00BJ1F3079,Amcor plc,249757804.86000001,29946979
2025-12-31,,JE00BTDN8H13,JE00BTDN8H13,Aptiv plc,213589271.49000001,2807061
2025-12-31,,LR0008862868,LR0008862868,Royal Caribbean Cruises Ltd.,918984779.24000001,3294797
2025-12-31,,NL0009434992,NL0009434992,LyondellBasell Industries NV,144661143.19999999,3340904
2025-12-31,,NL0009538784,NL0009538784,NXP Semiconductors NV,709673762.91999996,3269482
2026-03-31,001055102,US0010551028,001055102,"Aflac, Inc.",658657150.20000005,6003620
2026-03-31,00130H105,US00130H1059,00130H105,AES Corp. (The),118275912.44,8394316
2026-03-31,00206R102,US00206R1023,00206R102,"AT&T, Inc.",2610136653.4099998,90035759
2026-03-31,002824100,US0028241000,002824100,Abbott Laboratories,2296117732.1900001,22364057
2026-03-31,00287Y109,US00287Y1091,00287Y109,"AbbVie, Inc.",4943817605.0900002,22731241
2026-03-31,00724F101,US00724F1012,00724F101,"Adobe, Inc.",1283234877.1199999,5279064
2026-03-31,007903107,US0079031078,007903107,"Advanced Micro Devices, Inc.",4265810331.1799998,20969426
2026-03-31,00846U101,US00846U1016,00846U101,"Agilent Technologies, Inc.",414631542.86000001,3637757
2026-03-31,009066101,US0090661010,009066101,"Airbnb, Inc.",687932399,5447675
2026-03-31,009158106,US0091581068,009158106,"Air Products & Chemicals, Inc.",831916010.13,2863837
2026-03-31,00971T101,US00971T1016,00971T101,"Akamai Technologies, Inc.",212520507.30000001,1850418
2026-03-31,012653101,US0126531013,012653101,Albemarle Corp.,272306077.16000003,1516772
2026-03-31,015271109,US0152711091,015271109,"Alexandria Real Estate Equities, Inc.",93031436.079999998,2004124
2026-03-31,016255101,US0162551016,016255101,"Align Technology, Inc.",147140254.72999999,858311
2026-03-31,018802108,US0188021085,018802108,Alliant Energy Corp.,237250328.63999999,3306164
2026-03-31,020002101,US0200021014,020002101,Allstate Corp. (The),693429762.05999994,3344409
2026-03-31,02079K107,US02079K1079,02079K107,"Alphabet, Inc.",17253980983.259998,60147741
2026-03-31,02079K305,US02079K3059,02079K305,"Alphabet, Inc.",21531956500.599998,74878135
2026-03-31,02209S103,US02209S1033,02209S103,"Altria Group, Inc.",1424720338.5699999,21589943
2026-03-31,023135106,US0231351067,023135106,"Amazon.com, Inc.",26166619178.82,125637966
2026-03-31,023608102,US0236081024,023608102,Ameren Corp.,390724050.24000001,3554622
2026-03-31,025537101,US0255371017,025537101,"American Electric Power Co., Inc.",911745946.60000002,6955645
2026-03-31,025816109,US0258161092,025816109,American Express Co.,2083352173.5999999,6887570
2026-03-31,026874784,US0268747849,026874784,"American International Group, Inc.",519298067.75,6900971
2026-03-31,03027X100,US03027X1000,03027X100,American Tower Corp.,1039097449.38,6020961
2026-03-31,030420103,US0304201033,030420103,"American Water Works Co., Inc.",341647548.76999998,2510453
2026-03-31,03073E105,US03073E1055,03073E105,"Cencora, Inc.",785776287.98000002,2501357
2026-03-31,03076C106,US03076C1062,03076C106,"Ameriprise Financial, Inc.",519475602.80000001,1168937
2026-03-31,031100100,US0311001004,031100100,"AMETEK, Inc.",634592630.15999997,2960406
2026-03-31,031162100,US0311621009,031162100,"Amgen, Inc.",2436745971.25,6925525
2026-03-31,032095101,US0320951017,032095101,Amphenol Corp.,1997528556.0999999,15809486
2026-03-31,032654105,US0326541051,032654105,"Analog Devices, Inc.",1999336831.8399999,6284456
2026-03-31,036752103,US0367521038,036752103,"Elevance Health, Inc.",831093537.25,2838919
2026-03-31,03743Q108,US03743Q1085,03743Q108,APA Corp.,193854249,4567725
2026-03-31,03769M106,US03769M1062,03769M106,"Apollo Global Management, Inc.",665428763.51999998,5972256
2026-03-31,037833100,US0378331005,037833100,"Apple, Inc.",47919694106.589996,188816321
2026-03-31,038222105,US0382221051,038222105,"Applied Materials, Inc.",3489139973.2800002,10208432
2026-03-31,03831W108,US03831W1080,03831W108,AppLovin Corp.,1387174872,3485364
2026-03-31,039483102,US0394831020,039483102,Archer-Daniels-Midland Co.,449255238.63,6180427
2026-03-31,03990B101,US03990B1017,03990B101,Ares Management Corp.,289477102.89999998,2653319
2026-03-31,040413205,US0404132054,040413205,"Arista Networks, Inc.",1630579912.78,13280501
2026-03-31,04621X108,US04621X1081,04621X108,"Assurant, Inc.",140169229.59,643539
2026-03-31,049560105,US0495601058,049560105,Atmos Energy Corp.,392927702.16000003,2127153
2026-03-31,052769106,US0527691069,052769106,"Autodesk, Inc.",652857445.79999995,2727057
2026-03-31,053015103,US0530151036,053015103,"Automatic Data Processing, Inc.",1052220456.8,5178760
2026-03-31,053332102,US0533321024,053332102,"AutoZone, Inc.",721199941.13999999,213513
2026-03-31,053484101,US0534841012,053484101,"AvalonBay Communities, Inc.",297737718.30000001,1822698
2026-03-31,053611109,US0536111091,053611109,Avery Dennison Corp.,171642365.88,993991
2026-03-31,05464C101,US05464C1018,05464C101,"Axon Enterprise, Inc.",431001318.08999997,1014861
2026-03-31,05722G100,US05722G1004,05722G100,Baker Hughes Co.,776050383.89999998,12711718
2026-03-31,058498106,US0584981064,058498106,Ball Corp.,203710852.11000001,3446301
2026-03-31,060505104,US0605051046,060505104,Bank of America Corp.,4160318857.5,85339874
2026-03-31,064058100,US0640581007,064058100,Bank of New York Mellon Corp. (The),1050011568.61,8851147
2026-03-31,071813109,US0718131099,071813109,"Baxter International, Inc.",111237151.2,6621259
2026-03-31,075887109,US0758871091,075887109,Becton Dickinson & Co.,575788995.63,3662081
2026-03-31,084423102,US0844231029,084423102,WR Berkley Corp.,254009351.03999999,3832368
2026-03-31,084670702,US0846707026,084670702,"Berkshire Hathaway, Inc.",11301312873.6,23583708
2026-03-31,086516101,US0865161014,086516101,"Best Buy Co., Inc.",160930204.19999999,2506701
2026-03-31,09062X103,US09062X1037,09062X103,"Biogen, Inc.",346133089.88999999,1888033
2026-03-31,09073M104,US09073M1045,09073M104,Bio-Techne Corp.,104898362.40000001,2007240
2026-03-31,09260D107,US09260D1072,09260D107,"Blackstone, Inc.",1107305404.2,9629580
2026-03-31,09290D101,US09290D1019,09290D101,"BlackRock, Inc.",1784526956.6700001,1855577
2026-03-31,097023105,US0970231058,097023105,Boeing Co. (The),2010319233.52,10100584
2026-03-31,09857L108,US09857L1089,09857L108,"Booking Holdings, Inc.",1746550204.3199999,414826
2026-03-31,101121101,US1011211018,101121101,"BXP, Inc.",98531423.400000006,1898486
2026-03-31,101137107,US1011371077,101137107,Boston Scientific Corp.,1196876557.5,19073730
2026-03-31,110122108,US1101221083,110122108,Bristol-Myers Squibb Co.,1588478327.5999999,26190904
2026-03-31,11133T103,US11133T1034,11133T103,"Broadridge Financial Solutions, Inc.",243953321.28,1501436
2026-03-31,11135F101,US11135F1012,11135F101,"Broadcom, Inc.",18873585838.709999,60978921
2026-03-31,115236101,US1152361010,115236101,"Brown & Brown, Inc.",245556536.66999999,3765627
2026-03-31,115637209,US1156372096,115637209,Brown-Forman Corp.,58114987.799999997,2197995
2026-03-31,12008R107,US12008R1077,12008R107,"Builders FirstSource, Inc.",117040163.34,1421598
2026-03-31,12503M108,US12503M1080,12503M108,"CBOE Global Markets, Inc.",378274405.58999997,1345837
2026-03-31,12504L109,US12504L1098,12504L109,"CBRE Group, Inc.",506139381.54000002,3736449
2026-03-31,12514G108,US12514G1085,12514G108,CDW Corp.,202654888.13999999,1674557
2026-03-31,125269100,US1252691001,125269100,"CF Industries Holdings, Inc.",260470725.59999999,2006090
2026-03-31,12541W209,US12541W2098,12541W209,"CH Robinson Worldwide, Inc.",252749572.22,1521946
2026-03-31,125523100,US1255231003,125523100,Cigna Group (The),903998411.25,3388935
2026-03-31,12572Q105,US12572Q1058,12572Q105,"CME Group, Inc.",1369649001.5999999,4637376
2026-03-31,125896100,US1258961002,125896100,CMS Energy Corp.,305770165.74000001,3941353
2026-03-31,126408103,US1264081035,126408103,CSX Corp.,981741209.10000002,23915742
2026-03-31,126650100,US1266501006,126650100,CVS Health Corp.,1174472388.1800001,16352999
2026-03-31,127097103,US1270971039,127097103,"Coterra Energy, Inc.",342847240.25999999,9756609
2026-03-31,127387108,US1273871087,127387108,"Cadence Design Systems, Inc.",972873998.08000004,3501184
2026-03-31,133131102,US1331311027,133131102,Camden Property Trust,129846294.5,1329575
2026-03-31,134429109,US1344291091,134429109,Campbell's Co. (The),56349402.409999996,2530283
2026-03-31,14040H105,US14040H1059,14040H105,Capital One Financial Corp.,1466537986.4400001,8038908
2026-03-31,14149Y108,US14149Y1082,14149Y108,"Cardinal Health, Inc.",639461461.87,3026177
2026-03-31,143658300,PA1436583006,143658300,Carnival Corp.,382832332.72000003,14792594
2026-03-31,14448C104,US14448C1045,14448C104,Carrier Global Corp.,569000387.03999996,10104784
2026-03-31,146869102,US1468691027,146869102,Carvana Co.,571631809.53999996,1818283
2026-03-31,149123101,US1491231015,149123101,"Caterpillar, Inc.",4239253192.6799998,5983758
2026-03-31,15135B101,US15135B1017,15135B101,Centene Corp.,196966459.19999999,6016080
2026-03-31,15189T107,US15189T1079,15189T107,"CenterPoint Energy, Inc.",362417066.44,8397059
2026-03-31,159864107,US1598641074,159864107,"Charles River Laboratories International, Inc.",109252185,633346
2026-03-31,16119P108,US16119P1084,16119P108,"Charter Communications, Inc.",239024278.91999999,1107209
2026-03-31,165167735,US1651677353,165167735,Expand Energy Corp.,336289842.45999998,3063307
2026-03-31,166764100,US1667641005,166764100,Chevron Corp.,4988057034.6199999,24108540.524999999
2026-03-31,169656105,US1696561059,169656105,"Chipotle Mexican Grill, Inc.",536172621.60000002,16750160
2026-03-31,171340102,US1713401024,171340102,"Church & Dwight Co., Inc.",284079891.36000001,3044148
2026-03-31,171779309,US1717793095,171779309,Ciena Corp.,703238657.30999994,1811397
2026-03-31,172062101,US1720621010,172062101,Cincinnati Financial Corp.,315742129.05000001,2006623
2026-03-31,17275R102,US17275R1023,17275R102,"Cisco Systems, Inc.",3942810413.9899998,50815961
2026-03-31,172908105,US1729081059,172908105,Cintas Corp.,739370646.41999996,4371353
2026-03-31,172967424,US1729674242,172967424,"Citigroup, Inc.",2548888048.8499999,22474985
2026-03-31,174610105,US1746101054,174610105,"Citizens Financial Group, Inc.",327798778.62,5466046
2026-03-31,189054109,US1890541097,189054109,Clorox Co. (The),161217191,1555700
2026-03-31,191216100,US1912161007,191216100,Coca-Cola Co. (The),3786598097.0999999,49790902
2026-03-31,192446102,US1924461023,192446102,Cognizant Technology Solutions Corp.,377363788.64999998,6150999
2026-03-31,19247G107,US19247G1076,19247G107,Coherent Corp.,574285719.98000002,2410838
2026-03-31,19260Q107,US19260Q1076,19260Q107,"Coinbase Global, Inc.",500869658.05000001,2868505
2026-03-31,194162103,US1941621039,194162103,Colgate-Palmolive Co.,883574296.20000005,10366940
2026-03-31,199908104,US1999081045,199908104,"Comfort Systems USA, Inc.",624998258.71000004,453229
2026-03-31,20030N101,US20030N1019,20030N101,Comcast Corp.,1324985046.6600001,46150646
2026-03-31,205887102,US2058871029,205887102,"Conagra Brands, Inc.",96859361.640000001,6161537
2026-03-31,20825C104,US20825C1045,20825C104,ConocoPhillips,2079874896,15756628
2026-03-31,209115104,US2091151041,209115104,"Consolidated Edison, Inc.",525323385.48000002,4641486
2026-03-31,21036P108,US21036P1084,21036P108,"Constellation Brands, Inc.",270958050,1806387
2026-03-31,21037T109,US21037T1097,21037T109,Constellation Energy Corp.,1119301578.5,4008242
2026-03-31,216648501,US2166485019,216648501,"Cooper Cos., Inc. (The)",180191797.5,2520165
2026-03-31,217204106,US2172041061,217204106,"Copart, Inc.",380256465.60000002,11453508
2026-03-31,219350105,US2193501051,219350105,"Corning, Inc.",1365254102.5599999,10040848
2026-03-31,219948106,US2199481068,219948106,"Corpay, Inc.",261892745.94,900006
2026-03-31,22052L104,US22052L1044,22052L104,"Corteva, Inc.",724030893.96000004,8649276
2026-03-31,22160K105,US22160K1051,22160K105,Costco Wholesale Corp.,5688533177.0200005,5708914
2026-03-31,22160N109,US22160N1090,22160N109,"CoStar Group, Inc.",219881480.03999999,5450706
2026-03-31,22788C105,US22788C1053,22788C105,"Crowdstrike Holdings, Inc.",1265820096.4400001,3242284
2026-03-31,22822V101,US22822V1017,22822V101,"Crown Castle, Inc.",455406983.63,5600873
2026-03-31,231021106,US2310211063,231021106,"Cummins, Inc.",956340234.36000001,1777518
2026-03-31,23331A109,US23331A1097,23331A109,"DR Horton, Inc.",475465241.69999999,3464985
2026-03-31,233331107,US2333311072,233331107,DTE Energy Co.,390542799.72000003,2670926
2026-03-31,235851102,US2358511028,235851102,Danaher Corp.,1534185182.4000001,8091694
2026-03-31,237194105,US2371941053,237194105,"Darden Restaurants, Inc.",290267018.07999998,1480652
2026-03-31,23804L103,US23804L1035,23804L103,"Datadog, Inc.",498346068.14999998,4221483
2026-03-31,23918K108,US23918K1088,23918K108,"DaVita, Inc.",65927323.469999999,428963
2026-03-31,243537107,US2435371073,243537107,Deckers Outdoor Corp.,182757934.24000001,1825936
2026-03-31,244199105,US2441991054,244199105,Deere & Co.,1826384210.2,3242294
2026-03-31,24703L202,US24703L2025,24703L202,"Dell Technologies, Inc.",627274495.95000005,3821815
2026-03-31,247361702,US2473617023,247361702,"Delta Air Lines, Inc.",555543244.55999994,8356547
2026-03-31,25179M103,US25179M1036,25179M103,Devon Energy Corp.,401440229.04000002,7977747
2026-03-31,252131107,US2521311074,252131107,"Dexcom, Inc.",310816102.80000001,4949301
2026-03-31,25278X109,US25278X1090,25278X109,"Diamondback Energy, Inc.",493733683.07999998,2496252
2026-03-31,253868103,US2538681030,253868103,"Digital Realty Trust, Inc.",748421500.91999996,4153052
2026-03-31,254687106,US2546871060,254687106,Walt Disney Co. (The),2195912571.1399999,22783903
2026-03-31,256677105,US2566771059,256677105,Dollar General Corp.,336071201.5,2830550
2026-03-31,256746108,US2567461080,256746108,"Dollar Tree, Inc.",260488480.22999999,2378673
2026-03-31,25746U109,US25746U1097,25746U109,"Dominion Energy, Inc.",678934997.17999995,10982449
2026-03-31,25754A201,US25754A2015,25754A201,"Domino's Pizza, Inc.",143570177.28999999,400151
2026-03-31,25809K105,US25809K1051,25809K105,"DoorDash, Inc.",721906935.75,4807905
2026-03-31,260003108,US2600031080,260003108,Dover Corp.,361661792.25,1735005
2026-03-31,260557103,US2605571031,260557103,"Dow, Inc.",384339910.85000002,9227849
2026-03-31,26441C204,US26441C2044,26441C204,Duke Energy Corp.,1309541153.3199999,10001078
2026-03-31,26614N102,US26614N1028,26614N102,"DuPont de Nemours, Inc.",241056437.80000001,5263241
2026-03-31,26875P101,US26875P1012,26875P101,"EOG Resources, Inc.",1008804978.33,6977969
2026-03-31,26884L109,US26884L1098,26884L109,EQT Corp.,510802132.48000002,8026432
2026-03-31,278642103,US2786421030,278642103,"eBay, Inc.",529173532.31999999,5813816
2026-03-31,278768106,US2787681061,278768106,EchoStar Corp.,202610122.25,1730675
2026-03-31,278865100,US2788651006,278865100,"Ecolab, Inc.",872262022.67999995,3278934
2026-03-31,281020107,US2810201077,281020107,Edison International,362120618.89999998,4948355
2026-03-31,28176E108,US28176E1082,28176E108,Edwards Lifesciences Corp.,597627590.55999994,7462882
2026-03-31,285512109,US2855121099,285512109,"Electronic Arts, Inc.",590467050.03999996,2896292
2026-03-31,29084Q100,US29084Q1004,29084Q100,"EMCOR Group, Inc.",424981572.33999997,575614
2026-03-31,291011104,US2910111044,291011104,Emerson Electric Co.,947060906.38,7228369
2026-03-31,29364G103,US29364G1031,29364G103,Entergy Corp.,653702165.36000001,5817926
2026-03-31,29414B104,US29414B1044,29414B104,"EPAM Systems, Inc.",96242455.400000006,710801
2026-03-31,294429105,US2944291051,294429105,"Equifax, Inc.",278789596.02999997,1548229
2026-03-31,29444U700,US29444U7000,29444U700,"Equinix, Inc.",1238345033.9200001,1263308
2026-03-31,29476L107,US29476L1070,29476L107,Equity Residential,261509721.19999999,4421128
2026-03-31,29530P102,US29530P1021,29530P102,Erie Indemnity Co.,82046934.870000005,326477
2026-03-31,297178105,US2971781057,297178105,"Essex Property Trust, Inc.",200699554,829337
2026-03-31,30034W106,US30034W1062,30034W106,"Evergy, Inc.",242526371.84,2960527
2026-03-31,30040W108,US30040W1080,30040W108,Eversource Energy,334322209.75999999,4825667
2026-03-31,30161N101,US30161N1019,30161N101,Exelon Corp.,644861139.24000001,13155062
2026-03-31,30212P303,US30212P3038,30212P303,"Expedia Group, Inc.",347394323.31999999,1504588
2026-03-31,302130109,US3021301094,302130109,"Expeditors International of Washington, Inc.",246854613.31999999,1723484
2026-03-31,30225T102,US30225T1025,30225T102,"Extra Space Storage, Inc.",357993292.31999999,2730064
2026-03-31,30231G102,US30231G1022,30231G102,Exxon Mobil Corp.,9118755041.7999992,53747230
2026-03-31,30303M102,US30303M1027,30303M102,"Meta Platforms, Inc.",16093613548.35,28129295
2026-03-31,303075105,US3030751057,303075105,"FactSet Research Systems, Inc.",103634857.98,477602
2026-03-31,303250104,US3032501047,303250104,Fair Isaac Corp.,325925299.69999999,305305
2026-03-31,311900104,US3119001044,311900104,Fastenal Co.,685157340.79999995,14766322
2026-03-31,313745101,US3137451015,313745101,Federal Realty Investment Trust,107274861.45999999,1010026
2026-03-31,31428X106,US31428X1063,31428X106,FedEx Corp.,990849662.22000003,2781879
2026-03-31,315616102,US3156161024,315616102,"F5, Inc.",210330468.81,726957
2026-03-31,31620M106,US31620M1062,31620M106,"Fidelity National Information Services, Inc.",312431670.75999999,6660236
2026-03-31,316773100,US3167731005,316773100,Fifth Third Bancorp,537817475.5,11575925
2026-03-31,336433107,US3364331070,336433107,"First Solar, Inc.",272347216.25999999,1380651
2026-03-31,337738108,US3377381088,337738108,"Fiserv, Inc.",386018764.19999999,6917899
2026-03-31,337932107,US3379321074,337932107,FirstEnergy Corp.,338729731.10000002,6686335
2026-03-31,345370860,US3453708600,345370860,Ford Motor Co.,581835686.98000002,50419037
2026-03-31,34959E109,US34959E1091,34959E109,"Fortinet, Inc.",664392262.32000005,8130106
2026-03-31,34959J108,US34959J1088,34959J108,Fortive Corp.,222834951.44,4031023
2026-03-31,35137L105,US35137L1052,35137L105,Fox Corp.,150738225.59999999,2581134
2026-03-31,35137L204,US35137L2043,35137L204,Fox Corp.,96707578.5,1821235
2026-03-31,354613101,US3546131018,354613101,"Franklin Resources, Inc.",93464340,3957000
2026-03-31,35671D857,US35671D8570,35671D857,"Freeport-McMoRan, Inc.",1086495280.4400001,18484098
2026-03-31,36266G107,US36266G1076,36266G107,"GE HealthCare Technologies, Inc.",417243564.62,5861809
2026-03-31,363576109,US3635761097,363576109,Arthur J Gallagher & Co.,716534788.05999994,3308407
2026-03-31,366651107,US3666511072,366651107,"Gartner, Inc.",143451448.13999999,905971
2026-03-31,36828A101,US36828A1016,36828A101,"GE Vernova, Inc.",3025699226.9000001,3466261
2026-03-31,368736104,US3687361044,368736104,"Generac Holdings, Inc.",147328433.81999999,754254
2026-03-31,369550108,US3695501086,369550108,General Dynamics Corp.,1120266647.8,3263990
2026-03-31,369604301,US3696043013,369604301,GE Aerospace,3827931306.1199999,13489556
2026-03-31,370334104,US3703341046,370334104,"General Mills, Inc.",255416183.13999999,6862337
2026-03-31,37045V100,US37045V1008,37045V100,General Motors Co.,866135584.5,11625981
2026-03-31,372460105,US3724601055,372460105,Genuine Parts Co.,189185481,1788988
2026-03-31,375558103,US3755581036,375558103,"Gilead Sciences, Inc.",2223798033.3800001,15956074
2026-03-31,37940X102,US37940X1028,37940X102,"Global Payments, Inc.",206001733.09999999,3060947
2026-03-31,37959E102,US37959E1029,37959E102,"Globe Life, Inc.",142412661,1023300
2026-03-31,380237107,US3802371076,380237107,"GoDaddy, Inc.",143708485.13,1738339
2026-03-31,38141G104,US38141G1040,38141G104,"Goldman Sachs Group, Inc. (The)",3263480026.1300001,3857587
2026-03-31,384802104,US3848021040,384802104,"WW Grainger, Inc.",614383461.15999997,563236
2026-03-31,40412C101,US40412C1018,40412C101,"HCA Healthcare, Inc.",952577224.15999997,2012884
2026-03-31,40434L105,US40434L1052,40434L105,"HP, Inc.",226793970.77000001,11806037
2026-03-31,406216101,US4062161017,406216101,Halliburton Co.,419976808.01999998,10771398
2026-03-31,416515104,US4165151048,416515104,"Hartford Insurance Group, Inc. (The)",485132215.80000001,3587460
2026-03-31,418056107,US4180561072,418056107,"Hasbro, Inc.",160522689.59999999,1714986
2026-03-31,42250P103,US42250P1030,42250P103,"Healthpeak Properties, Inc.",146863563.91999999,8938744
2026-03-31,426281101,US4262811015,426281101,"Jack Henry & Associates, Inc.",146669338.08000001,928052
2026-03-31,427866108,US4278661081,427866108,Hershey Co. (The),396064751.85000002,1905165
2026-03-31,42824C109,US42824C1099,42824C109,Hewlett Packard Enterprise Co.,406919566.80000001,17090280
2026-03-31,43300A203,US43300A2033,43300A203,"Hilton Worldwide Holdings, Inc.",896837739.84000003,2949348
2026-03-31,436440101,US4364401012,436440101,"Hologic, Inc.",216395877.22,2862758
2026-03-31,437076102,US4370761029,437076102,"Home Depot, Inc. (The)",4210730652.0599999,12802854
2026-03-31,438516106,US4385161066,438516106,"Honeywell International, Inc.",1845569080.53,8165151
2026-03-31,440452100,US4404521001,440452100,Hormel Foods Corp.,85014102.299999997,3753382
2026-03-31,44107P104,US44107P1049,44107P104,"Host Hotels & Resorts, Inc.",157600330.91999999,8225487
2026-03-31,443201108,US4432011082,443201108,"Howmet Aerospace, Inc.",1188444424.5599999,5156836
2026-03-31,443510607,US4435106079,443510607,"Hubbell, Inc.",335533169.45999998,683729
2026-03-31,444859102,US4448591028,444859102,"Humana, Inc.",268581110,1549000
2026-03-31,445658107,US4456581077,445658107,"JB Hunt Transport Services, Inc.",203774694.5,961655
2026-03-31,446150104,US4461501045,446150104,"Huntington Bancshares, Inc.",408560418.05000001,26106097
2026-03-31,446413106,US4464131063,446413106,"Huntington Ingalls Industries, Inc.",191796314,504860
2026-03-31,45167R104,US45167R1041,45167R104,IDEX Corp.,182555036.34999999,963097
2026-03-31,45168D104,US45168D1046,45168D104,"IDEXX Laboratories, Inc.",577361079.25999999,1027534
2026-03-31,452308109,US4523081093,452308109,"Illinois Tool Works, Inc.",877983678.41999996,3373098
2026-03-31,45337C102,US45337C1027,45337C102,Incyte Corp.,202303975.12,2149426
2026-03-31,45687V106,US45687V1061,45687V106,"Ingersoll Rand, Inc.",366801778.60000002,4578155
2026-03-31,45784P101,US45784P1012,45784P101,Insulet Corp.,189846864.47999999,904722
2026-03-31,458140100,US4581401001,458140100,Intel Corp.,2664895829.6100001,60387397
2026-03-31,45841N107,US45841N1072,45841N107,"Interactive Brokers Group, Inc.",384197349.27999997,5728304
2026-03-31,45866F104,US45866F1049,45866F104,"Intercontinental Exchange, Inc.",1148719330.24,7303658
2026-03-31,459200101,US4592001014,459200101,International Business Machines Corp.,2913953436.8400002,12021756
2026-03-31,459506101,US4595061015,459506101,"International Flavors & Fragrances, Inc.",238927826.75,3293285
2026-03-31,460146103,US4601461035,460146103,International Paper Co.,242450445.30000001,6791329
2026-03-31,461202103,US4612021034,461202103,"Intuit, Inc.",1547318094.6600001,3578607
2026-03-31,46120E602,US46120E6023,46120E602,"Intuitive Surgical, Inc.",2105234841.3099999,4566769
2026-03-31,46187W107,US46187W1071,46187W107,"Invitation Homes, Inc.",180252730.34999999,7253631
2026-03-31,46266C105,US46266C1053,46266C105,"IQVIA Holdings, Inc.",372014762.22000003,2181393
2026-03-31,46284V101,US46284V1017,46284V101,"Iron Mountain, Inc.",388556800.25999999,3804159
2026-03-31,46625H100,US46625H1005,46625H100,JPMorgan Chase & Co.,10200340990.559999,34676166
2026-03-31,466313103,US4663131039,466313103,"Jabil, Inc.",360889699.33999997,1358618
2026-03-31,46982L108,US46982L1089,46982L108,"Jacobs Solutions, Inc.",192179944.72,1509899
2026-03-31,478160104,US4781601046,478160104,Johnson & Johnson,7576153804.8000002,30993920
2026-03-31,482480100,US4824801009,482480100,KLA Corp.,2481398093.8299999,1685263
2026-03-31,48251W104,US48251W1045,48251W104,"KKR & Co., Inc.",816576217.5,8827851
2026-03-31,49177J102,US49177J1025,49177J102,"Kenvue, Inc.",424826752.51999998,24641923
2026-03-31,49271V100,US49271V1008,49271V100,"Keurig Dr Pepper, Inc.",460057902.44999999,17472765
2026-03-31,493267108,US4932671088,493267108,KeyCorp,241622088.84999999,12050977
2026-03-31,49338L103,US49338L1035,49338L103,"Keysight Technologies, Inc.",622883371.44000006,2205912
2026-03-31,494368103,US4943681035,494368103,Kimberly-Clark Corp.,411877796.76999998,4269491
2026-03-31,49446R109,US49446R1095,49446R109,Kimco Realty Corp.,194805080.61000001,8669563
2026-03-31,49456B101,US49456B1017,49456B101,"Kinder Morgan, Inc.",844286439.42999995,25180031
2026-03-31,500754106,US5007541064,500754106,Kraft Heinz Co. (The),246526046.65000001,10961585
2026-03-31,501044101,US5010441013,501044101,Kroger Co. (The),541791013.67999995,7487438
2026-03-31,502431109,US5024311095,502431109,"L3Harris Technologies, Inc.",829146251.70000005,2402278
2026-03-31,504922105,US5049221055,504922105,"Labcorp Holdings, Inc.",284356759.64999998,1065765
2026-03-31,512807306,US5128073062,512807306,Lam Research Corp.,3431484507.0599999,16060491
2026-03-31,517834107,US5178341070,517834107,Las Vegas Sands Corp.,209493198.72,3888144
2026-03-31,518439104,US5184391044,518439104,"Estee Lauder Cos., Inc. (The)",228182021.27000001,3179351
2026-03-31,525327102,US5253271028,525327102,"Leidos Holdings, Inc.",255820135.68000001,1644934
2026-03-31,526057104,US5260571048,526057104,Lennar Corp.,241006530.96000001,2775294
2026-03-31,526107107,US5261071071,526107107,"Lennox International, Inc.",190745826.75,410975
2026-03-31,532457108,US5324571083,532457108,Eli Lilly & Co.,9373737539.6100006,10191393
2026-03-31,538034109,US5380341090,538034109,"Live Nation Entertainment, Inc.",309704954.69,2030719
2026-03-31,539830109,US5398301094,539830109,Lockheed Martin Corp.,1573792274.6500001,2603935
2026-03-31,540424108,US5404241086,540424108,Loews Corp.,232018069.5,2173675
2026-03-31,548661107,US5486611073,548661107,"Lowe's Cos., Inc.",1704615360.3599999,7214387
2026-03-31,550021109,US5500211090,550021109,"Lululemon Athletica, Inc.",210145672.40000001,1372604
2026-03-31,55024U109,US55024U1097,55024U109,"Lumentum Holdings, Inc.",645662858.27999997,918753
2026-03-31,55261F104,US55261F1049,55261F104,M&T Bank Corp.,403812636.16000003,1953428
2026-03-31,552953101,US5529531015,552953101,MGM Resorts International,91335202.519999996,2467852
2026-03-31,55354G100,US55354G1004,55354G100,"MSCI, Inc.",509451769.62,945162
2026-03-31,56585A102,US56585A1025,56585A102,Marathon Petroleum Corp.,926427466.29999995,3794035
2026-03-31,571748102,US5717481023,571748102,"Marsh & McLennan Cos., Inc.",1079907505.25,6226045
2026-03-31,571903202,US5719032022,571903202,"Marriott International, Inc.",925068434.5,2828350
2026-03-31,573284106,US5732841060,573284106,"Martin Marietta Materials, Inc.",456469536.16000003,775412
2026-03-31,574599106,US5745991068,574599106,Masco Corp.,158107762.22999999,2618979
2026-03-31,57636Q104,US57636Q1040,57636Q104,"Mastercard, Inc.",5233588738,10474300
2026-03-31,579780206,US5797802064,579780206,"McCormick & Co., Inc.",164567258.96000001,3262634
2026-03-31,580135101,US5801351017,580135101,McDonald's Corp.,2846472464.9099998,9158829
2026-03-31,58155Q103,US58155Q1031,58155Q103,McKesson Corp.,1362765466.5599999,1574796
2026-03-31,58933Y105,US58933Y1055,58933Y105,"Merck & Co., Inc.",3839831340.79,31921451
2026-03-31,59156R108,US59156R1086,59156R108,"MetLife, Inc.",500663088.63999999,7079512
2026-03-31,592688105,US5926881054,592688105,"Mettler-Toledo International, Inc.",329918569.19999999,261591
2026-03-31,594918104,US5949181045,594918104,Microsoft Corp.,35352208176.93,95502629
2026-03-31,595017104,US5950171042,595017104,"Microchip Technology, Inc.",449889961.43000001,6963163
2026-03-31,595112103,US5951121038,595112103,"Micron Technology, Inc.",4890245824.3999996,14475035
2026-03-31,59522J103,US59522J1034,59522J103,"Mid-America Apartment Communities, Inc.",183580431.47999999,1503279
2026-03-31,60770K107,US60770K1079,60770K107,"Moderna, Inc.",227218646.40000001,4472808
2026-03-31,60871R209,US60871R2094,60871R209,Molson Coors Beverage Co.,93993090.400000006,2182840
2026-03-31,609207105,US6092071058,609207105,"Mondelez International, Inc.",950225026.96000004,16485514
2026-03-31,609839105,US6098391054,609839105,"Monolithic Power Systems, Inc.",684380245.79999995,625948
2026-03-31,61174X109,US61174X1090,61174X109,Monster Beverage Corp.,664681449.25999999,9173081
2026-03-31,615369105,US6153691059,615369105,Moody's Corp.,860561146.25,1972633
2026-03-31,617446448,US6174464486,617446448,Morgan Stanley,2546500390.77,15473661
2026-03-31,61945C103,US61945C1036,61945C103,Mosaic Co. (The),104242725,4087950
2026-03-31,620076307,US6200763075,620076307,"Motorola Solutions, Inc.",924826523.48000002,2131084
2026-03-31,629377508,US6293775085,629377508,"NRG Energy, Inc.",399198362.24000001,2731616
2026-03-31,62944T105,US62944T1051,62944T105,"NVR, Inc.",239889581.49000001,36403
2026-03-31,631103108,US6311031081,631103108,"Nasdaq, Inc.",490305369.97000003,5775773
2026-03-31,64110D104,US64110D1046,64110D104,"NetApp, Inc.",260753643.69,2546671
2026-03-31,64110L106,US64110L1061,64110L106,"Netflix, Inc.",5221150087.9499998,54302133
2026-03-31,651639106,US6516391066,651639106,Newmont Corp.,1519240145.75,14034551
2026-03-31,65249B109,US65249B1098,65249B109,News Corp.,118709255.79000001,4761703
2026-03-31,65249B208,US65249B2088,65249B208,News Corp.,44798333.200000003,1571320
2026-03-31,65339F101,US65339F1012,65339F101,"NextEra Energy, Inc.",2487734328.96,26784392
2026-03-31,654106103,US6541061031,654106103,"NIKE, Inc.",809329643.38,15322409
2026-03-31,65473P105,US65473P1057,65473P105,"NiSource, Inc.",286875012,6148200
2026-03-31,655663102,US6556631025,655663102,Nordson Corp.,181125134.08000001,680768
2026-03-31,655844108,US6558441084,655844108,Norfolk Southern Corp.,829615689,2890647
2026-03-31,665859104,US6658591044,665859104,Northern Trust Corp.,334544684.19,2396967
2026-03-31,666807102,US6668071029,666807102,Northrop Grumman Corp.,1170748400.6400001,1716036
2026-03-31,668771108,US6687711084,668771108,"Gen Digital, Inc.",133467529.58,7088026
2026-03-31,670346105,US6703461052,670346105,Nucor Corp.,497633398.5,2942835
2026-03-31,67066G104,US67066G1040,67066G104,NVIDIA Corp.,54504654387.199997,312526688
2026-03-31,67103H107,US67103H1077,67103H107,"O'Reilly Automotive, Inc.",999538495.52999997,10828063
2026-03-31,674599105,US6745991058,674599105,Occidental Petroleum Corp.,601207880,9249352
2026-03-31,679580100,US6795801009,679580100,"Old Dominion Freight Line, Inc.",462349422.60000002,2366169
2026-03-31,681919106,US6819191064,681919106,"Omnicom Group, Inc.",304675717.50999999,4045621
2026-03-31,682189105,US6821891057,682189105,ON Semiconductor Corp.,313803934.56,5067893
2026-03-31,682680103,US6826801036,682680103,"ONEOK, Inc.",731507920.83000004,8092797
2026-03-31,68389X105,US68389X1054,68389X105,Oracle Corp.,3208351264.8899999,21809199
2026-03-31,68902V107,US68902V1070,68902V107,Otis Worldwide Corp.,385387898.44,4999843
2026-03-31,69331C108,US69331C1080,69331C108,PG&E Corp.,496685662.33999997,28268962
2026-03-31,693475105,US6934751057,693475105,"PNC Financial Services Group, Inc. (The)",1081079780.5899999,5195251
2026-03-31,693506107,US6935061076,693506107,"PPG Industries, Inc.",308481865.60000002,2886245
2026-03-31,69351T106,US69351T1060,69351T106,PPL Corp.,363415623.60000002,9513498
2026-03-31,69370C100,US69370C1009,69370C100,"PTC, Inc.",218001578.06999999,1529943
2026-03-31,693718108,US6937181088,693718108,"PACCAR, Inc.",780412479,6756818
2026-03-31,695156109,US6951561090,695156109,Packaging Corp. of America,243899352.72,1149276
2026-03-31,69608A108,US69608A1088,69608A108,"Palantir Technologies, Inc.",4297600639.5600004,29379277
2026-03-31,697435105,US6974351057,697435105,"Palo Alto Networks, Inc.",1666137463.6800001,10392574
2026-03-31,69932A204,US69932A2042,69932A204,Paramount Skydance Corp.,36196150.539999999,4012877
2026-03-31,701094104,US7010941042,701094104,Parker-Hannifin Corp.,1453700559.6400001,1623811
2026-03-31,704326107,US7043261079,704326107,"Paychex, Inc.",382720646.56,4154588
2026-03-31,70450Y103,US70450Y1038,70450Y103,"PayPal Holdings, Inc.",535571008.11000001,11841057
2026-03-31,713448108,US7134481081,713448108,"PepsiCo, Inc.",2729513384.6199999,17576878
2026-03-31,714046109,US7140461093,714046109,"Revvity, Inc.",127872752.48,1459568
2026-03-31,717081103,US7170811035,717081103,"Pfizer, Inc.",2053338487.2,73124590
2026-03-31,718172109,US7181721090,718172109,"Philip Morris International, Inc.",3310296610.3200002,20021148
2026-03-31,718546104,US7185461040,718546104,Phillips 66,944078257.24000001,5182118
2026-03-31,723484101,US7234841010,723484101,Pinnacle West Capital Corp.,155116715,1539620
2026-03-31,73278L105,US73278L1052,73278L105,Pool Corp.,85364240.980000004,421906
2026-03-31,74144T108,US74144T1088,74144T108,"T. Rowe Price Group, Inc.",249384839.46000001,2766639
2026-03-31,74251V102,US74251V1026,74251V102,"Principal Financial Group, Inc.",229233622.41,2543931
2026-03-31,742718109,US7427181091,742718109,Procter & Gamble Co. (The),4317207314.3199997,29889278
2026-03-31,743315103,US7433151039,743315103,Progressive Corp. (The),1494384265.9200001,7538258
2026-03-31,74340W103,US74340W1036,74340W103,"Prologis, Inc.",1580239525.6199999,11955209
2026-03-31,744320102,US7443201022,744320102,"Prudential Financial, Inc.",435318167.42000002,4456118
2026-03-31,744573106,US7445731067,744573106,"Public Service Enterprise Group, Inc.",519670424.64999998,6419647
2026-03-31,74460D109,US74460D1090,74460D109,Public Storage,550256151.20000005,2031365
2026-03-31,745867101,US7458671010,745867101,"PulteGroup, Inc.",290629364.07999998,2471128
2026-03-31,74743L100,US74743L1008,74743L100,"Qnity Electronics, Inc.",310807297.98000002,2693771
2026-03-31,747525103,US7475251036,747525103,"QUALCOMM, Inc.",1767207503.0799999,13722686
2026-03-31,74762E102,US74762E1029,74762E102,"Quanta Services, Inc.",1052951183.48,1917874
2026-03-31,74834L100,US74834L1008,74834L100,"Quest Diagnostics, Inc.",277224292.92000002,1414554
2026-03-31,751212101,US7512121010,751212101,Ralph Lauren Corp.,171214486.69,497731
2026-03-31,754730109,US7547301090,754730109,"Raymond James Financial, Inc.",326593970.81,2255639
2026-03-31,75513E101,US75513E1010,75513E101,RTX Corp.,3330191842.5,17263825
2026-03-31,756109104,US7561091049,756109104,Realty Income Corp.,723795557.38,11830591
2026-03-31,758849103,US7588491032,758849103,Regency Centers Corp.,160159736.09999999,2116835
2026-03-31,75886F107,US75886F1075,75886F107,"Regeneron Pharmaceuticals, Inc.",1001903149.28,1296727
2026-03-31,7591EP100,US7591EP1005,7591EP100,Regions Financial Corp.,291586806.48000002,11163354
2026-03-31,760759100,US7607591002,760759100,"Republic Services, Inc.",566707679.39999998,2587470
2026-03-31,761152107,US7611521078,761152107,"ResMed, Inc.",420599870.24000001,1873663
2026-03-31,770700102,US7707001027,770700102,"Robinhood Markets, Inc.",704421679.5,10164815
2026-03-31,773903109,US7739031091,773903109,"Rockwell Automation, Inc.",518822049.60000002,1445670
2026-03-31,775711104,US7757111049,775711104,"Rollins, Inc.",201578633.34,3774174
2026-03-31,776696106,US7766961061,776696106,"Roper Technologies, Inc.",485072703.44,1370804
2026-03-31,778296103,US7782961038,778296103,"Ross Stores, Inc.",901266152.22000003,4160394
2026-03-31,78409V104,US78409V1044,78409V104,"S&P Global, Inc.",1673706519.9000001,3934985
2026-03-31,78410G104,US78410G1040,78410G104,SBA Communications Corp.,235818409.71000001,1370161
2026-03-31,79466L302,US79466L3024,79466L302,"Salesforce, Inc.",2249463474.9400001,12050482
2026-03-31,80004C200,US80004C2008,80004C200,Sandisk Corp.,1206029072.28,1898242
2026-03-31,806407102,US8064071025,806407102,"Henry Schein, Inc.",95185687.299999997,1291529
2026-03-31,806857108,AN8068571086,806857108,SLB Ltd.,989090945.00999999,19246759
2026-03-31,808513105,US8085131055,808513105,Charles Schwab Corp. (The),2018913226.5799999,21482371
2026-03-31,816851109,US8168511090,816851109,Sempra,815723104.67999995,8394804
2026-03-31,81762P102,US81762P1021,81762P102,"ServiceNow, Inc.",1406501845.05,13452911
2026-03-31,824348106,US8243481061,824348106,Sherwin-Williams Co. (The),950269513.35000002,2964497
2026-03-31,828806109,US8288061091,828806109,"Simon Property Group, Inc.",780279238.89999998,4183130
2026-03-31,83088M102,US83088M1027,83088M102,"Skyworks Solutions, Inc.",103586584.5,1934390
2026-03-31,831865209,US8318652091,831865209,A O Smith Corp.,95382605.640000001,1446506
2026-03-31,832696405,US8326964058,832696405,J M Smucker Co. (The),132254151.28,1371362
2026-03-31,833034101,US8330341012,833034101,"Snap-on, Inc.",242384696.84,667322
2026-03-31,83444M101,US83444M1018,83444M101,Solventum Corp.,124013189,1899130
2026-03-31,842587107,US8425871071,842587107,Southern Co. (The),1366864119.2,14161460
2026-03-31,844741108,US8447411088,844741108,Southwest Airlines Co.,237379357.53999999,6318322
2026-03-31,852234103,US8522341036,852234103,"Block, Inc.",423860859.24000001,7043218
2026-03-31,854502101,US8545021011,854502101,"Stanley Black & Decker, Inc.",141523877.66,1991611
2026-03-31,855244109,US8552441094,855244109,Starbucks Corp.,1312168109.1199999,14646368
2026-03-31,857477103,US8574771031,857477103,State Street Corp.,454302054.07999998,3589618
2026-03-31,858119100,US8581191009,858119100,"Steel Dynamics, Inc.",317779020,1765439
2026-03-31,863667101,US8636671013,863667101,Stryker Corp.,1455610326.1199999,4429868
2026-03-31,86800U302,US86800U3023,86800U302,"Super Micro Computer, Inc.",147102055.65000001,6460345
2026-03-31,871607107,US8716071076,871607107,"Synopsys, Inc.",975791597.75999999,2461137
2026-03-31,87165B103,US87165B1035,87165B103,Synchrony Financial,304110686.01999998,4470901
2026-03-31,871829107,US8718291078,871829107,Sysco Corp.,439342298.36000001,6159292
2026-03-31,872540109,US8725401090,872540109,"TJX Cos., Inc. (The)",2280923235,14282550
2026-03-31,87256C101,US87256C1018,87256C101,"TKO Group Holdings, Inc.",172019549,853060
2026-03-31,872590104,US8725901040,872590104,"T-Mobile US, Inc.",1279776639.1199999,6093304
2026-03-31,874054109,US8740541094,874054109,"Take-Two Interactive Software, Inc.",441757532.5,2236747
2026-03-31,876030107,US8760301072,876030107,"Tapestry, Inc.",367430402.38,2603858
2026-03-31,87612E106,US87612E1064,87612E106,Target Corp.,705818865.60000002,5823588
2026-03-31,87612G101,US87612G1013,87612G101,Targa Resources Corp.,692155208.79999995,2760560
2026-03-31,879360105,US8793601050,879360105,"Teledyne Technologies, Inc.",365044883.69999999,603370
2026-03-31,880770102,US8807701029,880770102,"Teradyne, Inc.",597000771.89999998,2013765
2026-03-31,88160R101,US88160R1014,88160R101,"Tesla, Inc.",13446722782.75,36171413
2026-03-31,882508104,US8825081040,882508104,"Texas Instruments, Inc.",2265992178.8600001,11671949
2026-03-31,88262P102,US88262P1021,88262P102,Texas Pacific Land Corp.,353576148.16000003,745061
2026-03-31,883203101,US8832031012,883203101,"Textron, Inc.",196177742.19999999,2240495
2026-03-31,88339J105,US88339J1051,88339J105,"Trade Desk, Inc. (The)",128635237.12,5669248
2026-03-31,883556102,US8835561023,883556102,"Thermo Fisher Scientific, Inc.",2375053298.8000002,4831960
2026-03-31,88579Y101,US88579Y1010,88579Y101,3M Co.,983765218.88999999,6773843
2026-03-31,892356106,US8923561067,892356106,Tractor Supply Co.,307848199.80000001,6795766
2026-03-31,893641100,US8936411003,893641100,"TransDigm Group, Inc.",841882451.51999998,726412
2026-03-31,89417E109,US89417E1091,89417E109,"Travelers Cos., Inc. (The)",811152746.24000001,2780968
2026-03-31,896239100,US8962391004,896239100,"Trimble, Inc.",199622586.24000001,3060288
2026-03-31,89832Q109,US89832Q1094,89832Q109,Truist Financial Corp.,746400731.24000001,16236692
2026-03-31,902252105,US9022521051,902252105,"Tyler Technologies, Inc.",189431321.63999999,553278
2026-03-31,902494103,US9024941034,902494103,"Tyson Foods, Inc.",232392013.06,3627158
2026-03-31,902653104,US9026531049,902653104,"UDR, Inc.",130618544.76000001,3866742
2026-03-31,902973304,US9029733048,902973304,US Bancorp,1039752193.9,19991390
2026-03-31,90353T100,US90353T1007,90353T100,"Uber Technologies, Inc.",1903967391.1800001,26469726
2026-03-31,90384S303,US90384S3031,90384S303,"Ulta Beauty, Inc.",298318960.36000001,570716
2026-03-31,907818108,US9078181081,907818108,Union Pacific Corp.,1851605722.8199999,7631711
2026-03-31,910047109,US9100471096,910047109,"United Airlines Holdings, Inc.",383030718.83999997,4160212
2026-03-31,911312106,US9113121068,911312106,"United Parcel Service, Inc.",935044446.08000004,9504416
2026-03-31,911363109,US9113631090,911363109,"United Rentals, Inc.",590545964.96000004,810566
2026-03-31,91324P102,US91324P1021,91324P102,"UnitedHealth Group, Inc.",3152354288.1100001,11649929
2026-03-31,913903100,US9139031002,913903100,"Universal Health Services, Inc.",127263061.42,711086
2026-03-31,91913Y100,US91913Y1001,91913Y100,Valero Energy Corp.,969290392.55999994,3922982
2026-03-31,92276F100,US92276F1003,92276F100,"Ventas, Inc.",499567768.62,6108679
2026-03-31,92338C103,US92338C1036,92338C103,Veralto Corp.,282384478.24000001,3193672
2026-03-31,92343E102,US92343E1029,92343E102,"VeriSign, Inc.",263579252.44,1061279
2026-03-31,92343V104,US92343V1044,92343V104,"Verizon Communications, Inc.",2722634951.1999998,54235756
2026-03-31,92345Y106,US92345Y1064,92345Y106,"Verisk Analytics, Inc.",340063308.75,1792165
2026-03-31,92532F100,US92532F1003,92532F100,"Vertex Pharmaceuticals, Inc.",1458671582.8599999,3266609
2026-03-31,92537N108,US92537N1081,92537N108,Vertiv Holdings Co.,1232858110.4400001,4920018
2026-03-31,92556V106,US92556V1061,92556V106,"Viatris, Inc.",200132425.00999999,14813651
2026-03-31,925652109,US9256521090,925652109,"VICI Properties, Inc.",375538179.24000001,13745907
2026-03-31,92826C839,US92826C8394,92826C839,"Visa, Inc.",6534601681.2799997,21620572
2026-03-31,92840M102,US92840M1027,92840M102,Vistra Corp.,615840976.01999998,4096594
2026-03-31,929160109,US9291601097,929160109,Vulcan Materials Co.,462720751.5,1699305
2026-03-31,92939U106,US92939U1060,92939U106,"WEC Energy Group, Inc.",484626302.00999999,4186113
2026-03-31,929740108,US9297401088,929740108,Westinghouse Air Brake Technologies Corp.,547930673.91999996,2192512
2026-03-31,931142103,US9311421039,931142103,"Walmart, Inc.",7006676482,56378150
2026-03-31,934423104,US9344231041,934423104,"Warner Bros Discovery, Inc.",875287060.63999999,31874984
2026-03-31,94106L109,US94106L1098,94106L109,"Waste Management, Inc.",1096998617.22,4773918
2026-03-31,941848103,US9418481035,941848103,Waters Corp.,375570172.19999999,1261149
2026-03-31,949746101,US9497461015,949746101,Wells Fargo & Co.,3166421434.8699999,39774167
2026-03-31,95040Q104,US95040Q1040,95040Q104,"Welltower, Inc.",1774272474.3599999,8974116
2026-03-31,955306105,US9553061055,955306105,"West Pharmaceutical Services, Inc.",231926215.03999999,925336
2026-03-31,958102105,US9581021055,958102105,Western Digital Corp.,1179558742.78,4360822
2026-03-31,962166104,US9621661043,962166104,Weyerhaeuser Co.,226385798.59,9266713
2026-03-31,969457100,US9694571004,969457100,"Williams Cos., Inc. (The)",1143098837.1600001,15706222
2026-03-31,969904101,US9699041011,969904101,"Williams-Sonoma, Inc.",280035906.42000002,1535874
2026-03-31,98138H101,US98138H1014,98138H101,"Workday, Inc.",355874525.44,2739182
2026-03-31,983134107,US9831341071,983134107,Wynn Resorts Ltd.,110498281.34999999,1088117
2026-03-31,98389B100,US98389B1008,98389B100,"Xcel Energy, Inc.",604379917.20000005,7608005
2026-03-31,98419M100,US98419M1009,98419M100,"Xylem, Inc.",374385493.5,3132933
2026-03-31,988498101,US9884981013,988498101,"Yum! Brands, Inc.",555231051.96000004,3571077
2026-03-31,989207105,US9892071054,989207105,Zebra Technologies Corp.,132361648.36,633067
2026-03-31,98956P102,US98956P1021,98956P102,"Zimmer Biomet Holdings, Inc.",230518013.88,2549414
2026-03-31,98978V103,US98978V1035,98978V103,"Zoetis, Inc.",641749205.11000001,5428891
2026-03-31,,BMG0450A1053,BMG0450A1053,Arch Capital Group Ltd.,441261038.51999998,4596948
2026-03-31,,BMG3223R1088,BMG3223R1088,Everest Group Ltd.,171200434.65000001,523789
2026-03-31,,BMG491BT1088,BMG491BT1088,Invesco Ltd.,138708117.87,5710503
2026-03-31,,BMG667211046,BMG667211046,Norwegian Cruise Line Holdings Ltd.,109480440.3,5854569
2026-03-31,,CH0044328745,CH0044328745,Chubb Ltd.,1524640242.95,4677815
2026-03-31,,CH0114405324,CH0114405324,Garmin Ltd.,487730261.94999999,2102195
2026-03-31,,CH1300646267,CH1300646267,Bunge Global SA,221441716.80000001,1740894
2026-03-31,,IE0001827041,IE0001827041,CRH plc,906207563.51999998,8620696
2026-03-31,,IE00028FXN24,IE00028FXN24,Smurfit Westrock plc,267759841.05000001,6719193
2026-03-31,,IE000IVNQZ81,IE000IVNQZ81,TE Connectivity plc,788796540.70000005,3773785
2026-03-31,,IE000S9YS762,IE000S9YS762,Linde plc,2977124070.7199998,6005172
2026-03-31,,IE00B4BNMY34,IE00B4BNMY34,Accenture plc,1569238506.24,7913856
2026-03-31,,IE00B8KQN827,IE00B8KQN827,Eaton Corp. plc,1786450056.96,4994688
2026-03-31,,IE00BDB6Q211,IE00BDB6Q211,Willis Towers Watson plc,355318540.19999999,1222286
2026-03-31,,IE00BFRT3W74,IE00BFRT3W74,Allegion plc,160711952.34,1106146
2026-03-31,,IE00BFY8C754,IE00BFY8C754,STERIS plc,278872571.25,1261125
2026-03-31,,IE00BK9ZQ967,IE00BK9ZQ967,Trane Technologies plc,1186258744.8,2846520
2026-03-31,,IE00BKVD2N49,IE00BKVD2N49,Seagate Technology Holdings plc,1098683084.8,2804480
2026-03-31,,IE00BLP1HW54,IE00BLP1HW54,Aon plc,890431236.96000004,2758632
2026-03-31,,IE00BLS09M33,IE00BLS09M33,Pentair plc,183288325.22,2104102
2026-03-31,,IE00BTN1Y115,IE00BTN1Y115,Medtronic plc,1428755733.0999999,16488814
2026-03-31,,IE00BY7QL619,IE00BY7QL619,Johnson Controls International plc,1030999730.4,7873232
2026-03-31,,JE00BTDN8H13,JE00BTDN8H13,Aptiv plc,189996658.88,2736127
2026-03-31,,JE00BV7DQ550,JE00BV7DQ550,Amcor plc,237672595.80000001,5979184.7999999998
2026-03-31,,LR0008862868,LR0008862868,Royal Caribbean Cruises Ltd.,890520454.84000003,3236138
2026-03-31,,NL0009434992,NL0009434992,LyondellBasell Industries NV,266778629.12,3311552
2026-03-31,,NL0009538784,NL0009538784,NXP Semiconductors NV,637263970.98000002,3237143
2026-06-30,001055102,US0010551028,001055102,"Aflac, Inc.",738765282.5,6300770
2026-06-30,00130H105,US00130H1059,00130H105,AES Corp. (The),144124439.09999999,9831135
2026-06-30,00206R102,US00206R1023,00206R102,"AT&T, Inc.",1978442078.4000001,95576912
2026-06-30,002824100,US0028241000,002824100,Abbott Laboratories,2174739900.5799999,23966717
2026-06-30,00287Y109,US00287Y1091,00287Y109,"AbbVie, Inc.",6115569174,24302850
2026-06-30,00724F101,US00724F1012,00724F101,"Adobe, Inc.",1139905869.48,5559974
2026-06-30,007903107,US0079031078,007903107,"Advanced Micro Devices, Inc.",13029638769.73,22429703
2026-06-30,00846U101,US00846U1016,00846U101,"Agilent Technologies, Inc.",516300513.41000003,3886927
2026-06-30,009066101,US0090661010,009066101,"Airbnb, Inc.",822661866,5748860
2026-06-30,009158106,US0091581068,009158106,"Air Products & Chemicals, Inc.",897854075.05999994,3062467
2026-06-30,00971T101,US00971T1016,00971T101,"Akamai Technologies, Inc.",236476386.16999999,2000477
2026-06-30,012653101,US0126531013,012653101,Albemarle Corp.,219131275.02000001,1622834
2026-06-30,015271109,US0152711091,015271109,"Alexandria Real Estate Equities, Inc.",113646578.84999999,2150361
2026-06-30,016255101,US0162551016,016255101,"Align Technology, Inc.",154585491.66,916551
2026-06-30,018802108,US0188021085,018802108,Alliant Energy Corp.,270880232.85000002,3550665
2026-06-30,020002101,US0200021014,020002101,Allstate Corp. (The),842641905.70000005,3541405
2026-06-30,02079K107,US02079K1079,02079K107,"Alphabet, Inc.",22970989937.169998,65012849
2026-06-30,02079K305,US02079K3059,02079K305,"Alphabet, Inc.",28824129780.419998,80656266
2026-06-30,02209S103,US02209S1033,02209S103,"Altria Group, Inc.",1652717905.6500001,22970367
2026-06-30,023135106,US0231351067,023135106,"Amazon.com, Inc.",32092599931.66,134650499
2026-06-30,023608102,US0236081024,023608102,Ameren Corp.,430342488.72000003,3806993
2026-06-30,025537101,US0255371017,025537101,"American Electric Power Co., Inc.",1023883714.23,7483983
2026-06-30,025816109,US0258161092,025816109,American Express Co.,2476092828,7320304
2026-06-30,026874784,US0268747849,026874784,"American International Group, Inc.",543540060.59000003,7292903
2026-06-30,03027X100,US03027X1000,03027X100,American Tower Corp.,1048282181.76,6408768
2026-06-30,030420103,US0304201033,030420103,"American Water Works Co., Inc.",353530328.22000003,2686809
2026-06-30,03073E105,US03073E1055,03073E105,"Cencora, Inc.",757290701.44000006,2676128
2026-06-30,03076C106,US03076C1062,03076C106,"Ameriprise Financial, Inc.",568275187.20000005,1238720
2026-06-30,031100100,US0311001004,031100100,"AMETEK, Inc.",762705688.51999998,3152458
2026-06-30,031162100,US0311621009,031162100,"Amgen, Inc.",2687855254.48,7422554
2026-06-30,032095101,US0320951017,032095101,Amphenol Corp.,2983713311.6799998,16922149
2026-06-30,032654105,US0326541051,032654105,"Analog Devices, Inc.",2667276554.8499999,6715705
2026-06-30,036752103,US0367521038,036752103,"Elevance Health, Inc.",1155096379.1700001,2986829
2026-06-30,03743Q108,US03743Q1085,03743Q108,APA Corp.,158338436.16999999,4861481
2026-06-30,03769M106,US03769M1062,03769M106,"Apollo Global Management, Inc.",750563135.77999997,6344038
2026-06-30,037833100,US0378331005,037833100,"Apple, Inc.",58459130827.120003,202029067
2026-06-30,038222105,US0382221051,038222105,"Applied Materials, Inc.",7892244864,10915968
2026-06-30,03831W108,US03831W1080,03831W108,AppLovin Corp.,1906492688.25,3700275
2026-06-30,039483102,US0394831020,039483102,Archer-Daniels-Midland Co.,506862277.19999999,6634323
2026-06-30,03990B101,US03990B1017,03990B101,Ares Management Corp.,323009709.82999998,2901893
2026-06-30,040413205,US0404132054,040413205,"Arista Networks, Inc.",2412766567.5999999,14202770
2026-06-30,04621X108,US04621X1081,04621X108,"Assurant, Inc.",166988871.38999999,621863
2026-06-30,049560105,US0495601058,049560105,Atmos Energy Corp.,395532953.62,2296006
2026-06-30,052769106,US0527691069,052769106,"Autodesk, Inc.",564737217.75999999,2904728
2026-06-30,053015103,US0530151036,053015103,"Automatic Data Processing, Inc.",1231277771.8499999,5498003
2026-06-30,053332102,US0533321024,053332102,"AutoZone, Inc.",726152723.34000003,227211
2026-06-30,053484101,US0534841012,053484101,"AvalonBay Communities, Inc.",360633951.19,1911251
2026-06-30,053611109,US0536111091,053611109,Avery Dennison Corp.,170715733.15000001,1051529
2026-06-30,05464C101,US05464C1018,05464C101,"Axon Enterprise, Inc.",621663792.65999997,1108906
2026-06-30,05722G100,US05722G1004,05722G100,Baker Hughes Co.,757249215,13644130
2026-06-30,058498106,US0584981064,058498106,Ball Corp.,228548424,3662635
2026-06-30,060505104,US0605051046,060505104,Bank of America Corp.,5117183486.8000002,89806660
2026-06-30,064058100,US0640581007,064058100,Bank of New York Mellon Corp. (The),1365322444.71,9441411
2026-06-30,071813109,US0718131099,071813109,"Baxter International, Inc.",151443613.88,7103359
2026-06-30,075887109,US0758871091,075887109,Becton Dickinson & Co.,573529652.90999997,3789927
2026-06-30,084423102,US0844231029,084423102,WR Berkley Corp.,285328621.29000002,4045493
2026-06-30,084670702,US0846707026,084670702,"Berkshire Hathaway, Inc.",12619069702.91,25218469
2026-06-30,086516101,US0865161014,086516101,"Best Buy Co., Inc.",204109536.12,2689899
2026-06-30,09062X103,US09062X1037,09062X103,"Biogen, Inc.",438826718.45999998,2031041
2026-06-30,09073M104,US09073M1045,09073M104,Bio-Techne Corp.,152645400.90000001,2160586
2026-06-30,09260D107,US09260D1072,09260D107,"Blackstone, Inc.",1202447608.04,10218812
2026-06-30,09290D101,US09290D1019,09290D101,"BlackRock, Inc.",1909597581.72,1985937
2026-06-30,097023105,US0970231058,097023105,Boeing Co. (The),2347199146.4299998,10843069
2026-06-30,09857L108,US09857L1089,09857L108,"Booking Holdings, Inc.",1899709368.96,10658154
2026-06-30,101121101,US1011211018,101121101,"BXP, Inc.",135052781.28,2036688
2026-06-30,101137107,US1011371077,101137107,Boston Scientific Corp.,872607324.60000002,20445345
2026-06-30,110122108,US1101221083,110122108,Bristol-Myers Squibb Co.,1618509902.74,28089377
2026-06-30,11133T103,US11133T1034,11133T103,"Broadridge Financial Solutions, Inc.",217833902.55000001,1590609
2026-06-30,11135F101,US11135F1012,11135F101,"Broadcom, Inc.",24601641522.75,65126781
2026-06-30,115236101,US1152361010,115236101,"Brown & Brown, Inc.",257179338.65000001,4009031
2026-06-30,115637209,US1156372096,115637209,Brown-Forman Corp.,61719454.549999997,2315927
2026-06-30,12008R107,US12008R1077,12008R107,"Builders FirstSource, Inc.",132444985.23999999,1480163
2026-06-30,12503M108,US12503M1080,12503M108,"CBOE Global Markets, Inc.",342995116.74000001,1413422
2026-06-30,12504L109,US12504L1098,12504L109,"CBRE Group, Inc.",542466803.49000001,4027521
2026-06-30,12514G108,US12514G1085,12514G108,CDW Corp.,247095900.96000001,1756939
2026-06-30,125269100,US1252691001,125269100,"CF Industries Holdings, Inc.",228733676.68000001,2112818
2026-06-30,12541W209,US12541W2098,12541W209,"CH Robinson Worldwide, Inc.",305492941.86000001,1622029
2026-06-30,125523100,US1255231003,125523100,Cigna Group (The),1002848855.04,3637728
2026-06-30,12572Q105,US12572Q1058,12572Q105,"CME Group, Inc.",1100799346.4100001,4984827
2026-06-30,125896100,US1258961002,125896100,CMS Energy Corp.,325115667,4249878
2026-06-30,126408103,US1264081035,126408103,CSX Corp.,1214829536.48,25559216
2026-06-30,126650100,US1266501006,126650100,CVS Health Corp.,1815677743.55,17551259
2026-06-30,127387108,US1273871087,127387108,"Cadence Design Systems, Inc.",1423779797.8800001,3793509
2026-06-30,133131102,US1331311027,133131102,Camden Property Trust,158238117.37,1382113
2026-06-30,14040H105,US14040H1059,14040H105,Capital One Financial Corp.,1717351737.6400001,8560222
2026-06-30,14149Y108,US14149Y1082,14149Y108,"Cardinal Health, Inc.",765275546.44000006,3221399
2026-06-30,14448C104,US14448C1045,14448C104,Carrier Global Corp.,787753107.45000005,10739647
2026-06-30,146869102,US1468691027,146869102,Carvana Co.,648478649.27999997,9852304
2026-06-30,147528103,US1475281036,147528103,"Casey's General Stores, Inc.",403545085.01999998,507738
2026-06-30,149123101,US1491231015,149123101,"Caterpillar, Inc.",6747163804,6335960
2026-06-30,15135B101,US15135B1017,15135B101,Centene Corp.,414042510.35000002,6450265
2026-06-30,15189T107,US15189T1079,15189T107,"CenterPoint Energy, Inc.",396886674.36000001,9011959
2026-06-30,159864107,US1598641074,159864107,"Charles River Laboratories International, Inc.",150264023.50999999,662569
2026-06-30,16119P108,US16119P1084,16119P108,"Charter Communications, Inc.",163665933.75,1150875
2026-06-30,165167735,US1651677353,165167735,Expand Energy Corp.,299999050.56,3289824
2026-06-30,166764100,US1667641005,166764100,Chevron Corp.,4268506977.2800002,25751128
2026-06-30,169656105,US1696561059,169656105,"Chipotle Mexican Grill, Inc.",599928300,17644950
2026-06-30,171340102,US1713401024,171340102,"Church & Dwight Co., Inc.",315790726.16000003,3259607
2026-06-30,171779309,US1717793095,171779309,Ciena Corp.,953862524.15999997,1944436
2026-06-30,172062101,US1720621010,172062101,Cincinnati Financial Corp.,393956628.89999998,2127885
2026-06-30,17275R102,US17275R1023,17275R102,"Cisco Systems, Inc.",6381855513.6000004,54332160
2026-06-30,172908105,US1729081059,172908105,Cintas Corp.,795679311.20000005,4678265
2026-06-30,172967424,US1729674242,172967424,"Citigroup, Inc.",3283496170.1199999,23460247
2026-06-30,174610105,US1746101054,174610105,"Citizens Financial Group, Inc.",407606929.73000002,5817139
2026-06-30,189054109,US1890541097,189054109,Clorox Co. (The),159365425.68000001,1669797
2026-06-30,191216100,US1912161007,191216100,Coca-Cola Co. (The),4328775032.3999996,53264120
2026-06-30,192446102,US1924461023,192446102,Cognizant Technology Solutions Corp.,252427848.63,6517631
2026-06-30,19247G107,US19247G1076,19247G107,Coherent Corp.,1061698253.85,2691455
2026-06-30,19260Q107,US19260Q1076,19260Q107,"Coinbase Global, Inc.",447220062.30000001,3059170
2026-06-30,194162103,US1941621039,194162103,Colgate-Palmolive Co.,1009094164.3200001,11006699
2026-06-30,199908104,US1999081045,199908104,"Comfort Systems USA, Inc.",956974647.75,482845
2026-06-30,20030N101,US20030N1019,20030N101,Comcast Corp.,1203130835.3,49007366
2026-06-30,20825C104,US20825C1045,20825C104,ConocoPhillips,1742144110.76,16757831
2026-06-30,209115104,US2091151041,209115104,"Consolidated Edison, Inc.",560779708.58000004,5068966
2026-06-30,21036P108,US21036P1084,21036P108,"Constellation Brands, Inc.",266807306.15000001,1918235
2026-06-30,21037T109,US21037T1097,21037T109,Constellation Energy Corp.,1092215519.5799999,4397534
2026-06-30,216648501,US2166485019,216648501,"Cooper Cos., Inc. (The)",192419801.55000001,2683305
2026-06-30,217204106,US2172041061,217204106,"Copart, Inc.",343646755.81999999,12190378
2026-06-30,219350105,US2193501051,219350105,"Corning, Inc.",2751642919.1300001,10772591
2026-06-30,219948106,US2199481068,219948106,"Corpay, Inc.",299638391.22000003,899086
2026-06-30,22052L104,US22052L1044,22052L104,"Corteva, Inc.",779161296.33000004,9200157
2026-06-30,22160K105,US22160K1051,22160K105,Costco Wholesale Corp.,5708942348.9099998,6102753
2026-06-30,22160N109,US22160N1090,22160N109,"CoStar Group, Inc.",159061715.52000001,5616586
2026-06-30,22788C105,US22788C1053,22788C105,"Crowdstrike Holdings, Inc.",2671983608.2800002,3501302
2026-06-30,22822V101,US22822V1017,22822V101,"Crown Castle, Inc.",454679057.76999998,6003949
2026-06-30,231021106,US2310211063,231021106,"Cummins, Inc.",1353534217.26,1897806
2026-06-30,23331A109,US23331A1097,23331A109,"DR Horton, Inc.",590812669.44000006,3627288
2026-06-30,233331107,US2333311072,233331107,DTE Energy Co.,436022144.37,2861601
2026-06-30,235851102,US2358511028,235851102,Danaher Corp.,1650415102.8800001,8664506
2026-06-30,237194105,US2371941053,237194105,"Darden Restaurants, Inc.",324678764.33999997,1576034
2026-06-30,23804L103,US23804L1035,23804L103,"Datadog, Inc.",1184695799.9200001,4550222
2026-06-30,23918K108,US23918K1088,23918K108,"DaVita, Inc.",98336604.959999993,442002
2026-06-30,243537107,US2435371073,243537107,Deckers Outdoor Corp.,194543166.47,1959343
2026-06-30,244199105,US2441991054,244199105,Deere & Co.,2191809329.6199999,3455314
2026-06-30,24703L202,US24703L2025,24703L202,"Dell Technologies, Inc.",1716756041.1600001,3978946
2026-06-30,247361702,US2473617023,247361702,"Delta Air Lines, Inc.",841865907.12,8988532
2026-06-30,25179M103,US25179M1036,25179M103,Devon Energy Corp.,655293549.44000006,15858992
2026-06-30,252131107,US2521311074,252131107,"Dexcom, Inc.",357884632.05000001,5313803
2026-06-30,25278X109,US25278X1090,25278X109,"Diamondback Energy, Inc.",469371623.16000003,2670222
2026-06-30,253868103,US2538681030,253868103,"Digital Realty Trust, Inc.",815953515.65999997,4543677
2026-06-30,254687106,US2546871060,254687106,Walt Disney Co. (The),2299006325,23885780
2026-06-30,256677105,US2566771059,256677105,Dollar General Corp.,348699039.48000002,3029268
2026-06-30,256746108,US2567461080,256746108,"Dollar Tree, Inc.",301245085.10000002,2490658
2026-06-30,25746U109,US25746U1097,25746U109,"Dominion Energy, Inc.",826099281.40999997,12096929
2026-06-30,25754A201,US25754A2015,25754A201,"Domino's Pizza, Inc.",124695304.44,421211
2026-06-30,25809K105,US25809K1051,25809K105,"DoorDash, Inc.",960565748.15999997,5205472
2026-06-30,260003108,US2600031080,260003108,Dover Corp.,415353103.19999999,1851940
2026-06-30,260557103,US2605571031,260557103,"Dow, Inc.",270923152.31999999,9902162
2026-06-30,26441C204,US26441C2044,26441C204,Duke Energy Corp.,1357367465.6800001,10723396
2026-06-30,26614N201,US26614N2018,26614N201,"DuPont de Nemours, Inc.",254548037.28999999,1876644.3326999999
2026-06-30,26875P101,US26875P1012,26875P101,"EOG Resources, Inc.",950534693.78999996,7327023
2026-06-30,26884L109,US26884L1098,26884L109,EQT Corp.,458076085.87,8615311
2026-06-30,278642103,US2786421030,278642103,"eBay, Inc.",682485858,6107256
2026-06-30,278768106,US2787681061,278768106,EchoStar Corp.,190240232,1874288
2026-06-30,278865100,US2788651006,278865100,"Ecolab, Inc.",970631547.96000004,3483836
2026-06-30,281020107,US2810201077,281020107,Edison International,394094523.39999998,5293412
2026-06-30,28176E108,US28176E1082,28176E108,Edwards Lifesciences Corp.,716509145.34000003,7920729
2026-06-30,285512109,US2855121099,285512109,"Electronic Arts, Inc.",635255543.12,3098203
2026-06-30,29084Q100,US29084Q1004,29084Q100,"EMCOR Group, Inc.",507481578.56,611512
2026-06-30,291011104,US2910111044,291011104,Emerson Electric Co.,1102961874.7,7704938
2026-06-30,29364G103,US29364G1031,29364G103,Entergy Corp.,723408954.79999995,6298180
2026-06-30,294429105,US2944291051,294429105,"Equifax, Inc.",259918443.52000001,1637591
2026-06-30,29444U700,US29444U7000,29444U700,"Equinix, Inc.",1413657003.9100001,1356169
2026-06-30,29476L107,US29476L1070,29476L107,Equity Residential,318568264.14999998,4689655
2026-06-30,29530P102,US29530P1021,29530P102,Erie Indemnity Co.,84052034.5,350582
2026-06-30,297178105,US2971781057,297178105,"Essex Property Trust, Inc.",257615682.74000001,883486
2026-06-30,30034W106,US30034W1062,30034W106,"Evergy, Inc.",274051898.27999997,3170796
2026-06-30,30040W108,US30040W1080,30040W108,Eversource Energy,374274983.61000001,5178843
2026-06-30,30161N101,US30161N1019,30161N101,Exelon Corp.,656171325.17999995,14074889
2026-06-30,30212P303,US30212P3038,30212P303,"Expedia Group, Inc.",403156083.95999998,1575567
2026-06-30,302130109,US3021301094,302130109,"Expeditors International of Washington, Inc.",293207702.18000001,1799041
2026-06-30,30225T102,US30225T1025,30225T102,"Extra Space Storage, Inc.",422275654.89999998,2906233
2026-06-30,30231G102,US30231G1022,30231G102,Exxon Mobil Corp.,7795048006.6400003,57014687
2026-06-30,30303M102,US30303M1027,30303M102,"Meta Platforms, Inc.",17015876149.09,30208021
2026-06-30,303075105,US3030751057,303075105,"FactSet Research Systems, Inc.",115243620.8,500885
2026-06-30,303250104,US3032501047,303250104,Fair Isaac Corp.,380367771.24000001,318358
2026-06-30,311900104,US3119001044,311900104,Fastenal Co.,758450375.39999998,15791180
2026-06-30,313745101,US3137451015,313745101,Federal Realty Investment Trust,133802541.12,1083948
2026-06-30,31428X106,US31428X1063,31428X106,FedEx Corp.,945679216.04999995,3020085
2026-06-30,314352105,US3143521058,314352105,"Fedex Freight Holding Co., Inc.",225405401,1492751
2026-06-30,315616102,US3156161024,315616102,"F5, Inc.",322925138.51999998,776337
2026-06-30,31620M106,US31620M1062,31620M106,"Fidelity National Information Services, Inc.",276407523.36000001,7109247
2026-06-30,316773100,US3167731005,316773100,Fifth Third Bancorp,702757800.12,12466876
2026-06-30,336433107,US3364331070,336433107,"First Solar, Inc.",348616270.48000002,1477438
2026-06-30,337738108,US3377381088,337738108,"Fiserv, Inc.",359788322.69999999,7335134
2026-06-30,337932107,US3379321074,337932107,FirstEnergy Corp.,340452575.68000001,7161392
2026-06-30,345370860,US3453708600,345370860,Ford Motor Co.,748323096.60000002,53836194
2026-06-30,34959E109,US34959E1091,34959E109,"Fortinet, Inc.",1315934113.6800001,8566164
2026-06-30,34959J108,US34959J1088,34959J108,Fortive Corp.,256161916.00999999,4193189
2026-06-30,35137L105,US35137L1052,35137L105,Fox Corp.,143126622.72,2743992
2026-06-30,35137L204,US35137L2043,35137L204,Fox Corp.,89597238.239999995,1912836
2026-06-30,354613101,US3546131018,354613101,"Franklin Resources, Inc.",140296628.97,4216911
2026-06-30,35671D857,US35671D8570,35671D857,"Freeport-McMoRan, Inc.",1243627046.71,19774639
2026-06-30,36266G107,US36266G1076,36266G107,"GE HealthCare Technologies, Inc.",400487334.37,6256637
2026-06-30,363576109,US3635761097,363576109,Arthur J Gallagher & Co.,811141287.99000001,3533307
2026-06-30,366651107,US3666511072,366651107,"Gartner, Inc.",119387537.95999999,921058
2026-06-30,36828A101,US36828A1016,36828A101,"GE Vernova, Inc.",4342362450.4799995,3696068
2026-06-30,368736104,US3687361044,368736104,"Generac Holdings, Inc.",237209480.34,810114
2026-06-30,369550108,US3695501086,369550108,General Dynamics Corp.,1237012102.0799999,3492017
2026-06-30,369604301,US3696043013,369604301,GE Aerospace,5363337190.8199997,14350834
2026-06-30,370334104,US3703341046,370334104,"General Mills, Inc.",255455524.80000001,7340676
2026-06-30,37045V100,US37045V1008,37045V100,General Motors Co.,955989016.48000002,12402556
2026-06-30,372460105,US3724601055,372460105,Genuine Parts Co.,223345814.36000001,1893082
2026-06-30,375558103,US3755581036,375558103,"Gilead Sciences, Inc.",2157713861.52,17078628
2026-06-30,37940X102,US37940X1028,37940X102,"Global Payments, Inc.",232052829.91999999,3198082
2026-06-30,37959E102,US37959E1029,37959E102,"Globe Life, Inc.",190804510.08000001,1067856
2026-06-30,380237107,US3802371076,380237107,"GoDaddy, Inc.",154599498.31999999,1821389
2026-06-30,38141G104,US38141G1040,38141G104,"Goldman Sachs Group, Inc. (The)",4103411273.5999999,4057280
2026-06-30,384802104,US3848021040,384802104,"WW Grainger, Inc.",812356058,597145
2026-06-30,40412C101,US40412C1018,40412C101,"HCA Healthcare, Inc.",832682224.64999998,2135685
2026-06-30,40434L105,US40434L1052,40434L105,"HP, Inc.",276015621.5,12580475
2026-06-30,406216101,US4062161017,406216101,Halliburton Co.,390144029.80000001,11491724
2026-06-30,416515104,US4165151048,416515104,"Hartford Insurance Group, Inc. (The)",499640686.07999998,3770304
2026-06-30,418056107,US4180561072,418056107,"Hasbro, Inc.",151993019.88,1840332
2026-06-30,42250P103,US42250P1030,42250P103,"Healthpeak Properties, Inc.",202947991.40000001,9483551
2026-06-30,426281101,US4262811015,426281101,"Jack Henry & Associates, Inc.",134562338.19999999,976930
2026-06-30,427866108,US4278661081,427866108,Hershey Co. (The),357696406.64999998,2038737
2026-06-30,42824C109,US42824C1099,42824C109,Hewlett Packard Enterprise Co.,823301392.02999997,18250973
2026-06-30,43300A203,US43300A2033,43300A203,"Hilton Worldwide Holdings, Inc.",1034650432.4,3130940
2026-06-30,437076102,US4370761029,437076102,"Home Depot, Inc. (The)",4831980510,13700750
2026-06-30,43849R105,US43849R1059,43849R105,"Honeywell Aerospace, Inc.",965383514.13999999,4366670.5
2026-06-30,438516205,US4385162056,438516205,"Honeywell International, Inc.",977697524.95000005,4366670.5
2026-06-30,440452100,US4404521001,440452100,Hormel Foods Corp.,99939517.040000007,4026572
2026-06-30,44107P104,US44107P1049,44107P104,"Host Hotels & Resorts, Inc.",207722764.66999999,8760977
2026-06-30,443201108,US4432011082,443201108,"Howmet Aerospace, Inc.",1479853834.8,5504180
2026-06-30,443510607,US4435106079,443510607,"Hubbell, Inc.",380491968,727240
2026-06-30,444859102,US4448591028,444859102,"Humana, Inc.",656118462.72000003,1651776
2026-06-30,445658107,US4456581077,445658107,"JB Hunt Transport Services, Inc.",296467779.88,1024316
2026-06-30,446150104,US4461501045,446150104,"Huntington Bancshares, Inc.",494373568.5,27883450
2026-06-30,446413106,US4464131063,446413106,"Huntington Ingalls Industries, Inc.",151650279.69,541821
2026-06-30,45167R104,US45167R1041,45167R104,IDEX Corp.,231051213.44999999,1018071
2026-06-30,45168D104,US45168D1046,45168D104,"IDEXX Laboratories, Inc.",571323747.96000004,1085259
2026-06-30,452308109,US4523081093,452308109,"Illinois Tool Works, Inc.",973963010.94000006,3601002
2026-06-30,45337C102,US45337C1027,45337C102,Incyte Corp.,261840061.59999999,2309810
2026-06-30,45687V106,US45687V1061,45687V106,"Ingersoll Rand, Inc.",401628342.95999998,4898504
2026-06-30,45784P101,US45784P1012,45784P101,Insulet Corp.,145005031.5,952414
2026-06-30,458140100,US4581401001,458140100,Intel Corp.,9073997693.3400002,64986018
2026-06-30,45841N107,US45841N1072,45841N107,"Interactive Brokers Group, Inc.",533368325.12,6127853
2026-06-30,45866F104,US45866F1049,45866F104,"Intercontinental Exchange, Inc.",957695711.57000005,7779187
2026-06-30,459200101,US4592001014,459200101,International Business Machines Corp.,3635481755.1599998,12927996
2026-06-30,459506101,US4595061015,459506101,"International Flavors & Fragrances, Inc.",278160749.68000001,3511244
2026-06-30,460146103,US4601461035,460146103,International Paper Co.,277887455.39999998,7293634
2026-06-30,461202103,US4612021034,461202103,"Intuit, Inc.",992940831,3804371
2026-06-30,46120E602,US46120E6023,46120E602,"Intuitive Surgical, Inc.",1937422196.1600001,4871812
2026-06-30,46187W107,US46187W1071,46187W107,"Invitation Homes, Inc.",227118206.00999999,7517981
2026-06-30,46266C105,US46266C1053,46266C105,"IQVIA Holdings, Inc.",443584235.33999997,2295747
2026-06-30,46284V101,US46284V1017,46284V101,"Iron Mountain, Inc.",516940474.23000002,4092633
2026-06-30,46625H100,US46625H1005,46625H100,JPMorgan Chase & Co.,12064798533.959999,36858212
2026-06-30,466313103,US4663131039,466313103,"Jabil, Inc.",559252071.12,1450794
2026-06-30,46982L108,US46982L1089,46982L108,"Jacobs Solutions, Inc.",204497748,1622998
2026-06-30,478160104,US4781601046,478160104,Johnson & Johnson,8409391147.5,33111750
2026-06-30,482480100,US4824801009,482480100,KLA Corp.,5421099936.3599997,17967916
2026-06-30,48251W104,US48251W1045,48251W104,"KKR & Co., Inc.",872836519.10000002,9510095
2026-06-30,49177J102,US49177J1025,49177J102,"Kenvue, Inc.",504700985.88,26410308
2026-06-30,49271V100,US49271V1008,49271V100,"Keurig Dr Pepper, Inc.",612546597.65999997,18715142
2026-06-30,493267108,US4932671088,493267108,KeyCorp,292209851.85000002,12677217
2026-06-30,49338L103,US49338L1035,49338L103,"Keysight Technologies, Inc.",825984213.80999994,2359483
2026-06-30,494368103,US4943681035,494368103,Kimberly-Clark Corp.,501211686.08999997,4566017
2026-06-30,49446R109,US49446R1095,49446R109,Kimco Realty Corp.,235158159.59999999,9276456
2026-06-30,49456B101,US49456B1017,49456B101,"Kinder Morgan, Inc.",860977292.36000001,26930788
2026-06-30,500754106,US5007541064,500754106,Kraft Heinz Co. (The),277379155.24000001,11743402
2026-06-30,501044101,US5010441013,501044101,Kroger Co. (The),433295037,7802900
2026-06-30,502431109,US5024311095,502431109,"L3Harris Technologies, Inc.",744539817.94000006,2562166
2026-06-30,504922105,US5049221055,504922105,"Labcorp Holdings, Inc.",315948080,1128386
2026-06-30,512807306,US5128073062,512807306,Lam Research Corp.,7454198992.8999996,17202130
2026-06-30,517834107,US5178341070,517834107,Las Vegas Sands Corp.,189426483.31999999,4101028
2026-06-30,518439104,US5184391044,518439104,"Estee Lauder Cos., Inc. (The)",268578031.25,3401875
2026-06-30,525327102,US5253271028,525327102,"Leidos Holdings, Inc.",178144381.16999999,1730061
2026-06-30,526057104,US5260571048,526057104,Lennar Corp.,267904694,2960600
2026-06-30,526107107,US5261071071,526107107,"Lennox International, Inc.",249267054.05000001,435059
2026-06-30,532457108,US5324571083,532457108,Eli Lilly & Co.,13051679106.24,10881568
2026-06-30,538034109,US5380341090,538034109,"Live Nation Entertainment, Inc.",398581579.63,2176733
2026-06-30,539830109,US5398301094,539830109,Lockheed Martin Corp.,1421773966.6199999,2790747
2026-06-30,540424108,US5404241086,540424108,Loews Corp.,262742409.61000001,2320841
2026-06-30,548661107,US5486611073,548661107,"Lowe's Cos., Inc.",1698755944.4200001,7704458
2026-06-30,550021109,US5500211090,550021109,"Lululemon Athletica, Inc.",164485995.30000001,1440585
2026-06-30,55024U109,US55024U1097,55024U109,"Lumentum Holdings, Inc.",918010078.01999998,1069867
2026-06-30,55261F104,US55261F1049,55261F104,M&T Bank Corp.,479407834.33999997,2014234
2026-06-30,552953101,US5529531015,552953101,MGM Resorts International,126593039.16,2647836
2026-06-30,55354G100,US55354G1004,55354G100,"MSCI, Inc.",560580998.63999999,1000966
2026-06-30,56585A102,US56585A1025,56585A102,Marathon Petroleum Corp.,1026796287,4016100
2026-06-30,571748102,US5717481023,571748102,"Marsh & McLennan Cos., Inc.",1104552257.27,6627181
2026-06-30,571903202,US5719032022,571903202,"Marriott International, Inc.",1115560023.9300001,3010227
2026-06-30,573284106,US5732841060,573284106,"Martin Marietta Materials, Inc.",476401489.39999998,826082
2026-06-30,573874104,US5738741041,573874104,"Marvell Technology, Inc.",3587672174.46,12043614
2026-06-30,574599106,US5745991068,574599106,Masco Corp.,225766679.53,2774569
2026-06-30,57636Q104,US57636Q1040,57636Q104,"Mastercard, Inc.",5700341112,11098795
2026-06-30,579780206,US5797802064,579780206,"McCormick & Co., Inc.",176493697.40000001,3500470
2026-06-30,580135101,US5801351017,580135101,McDonald's Corp.,2641808018.4299998,9773253
2026-06-30,58155Q103,US58155Q1031,58155Q103,McKesson Corp.,1249474516.4000001,1653619
2026-06-30,58933Y105,US58933Y1055,58933Y105,"Merck & Co., Inc.",4365625975.5,33973743
2026-06-30,59156R108,US59156R1086,59156R108,"MetLife, Inc.",629020776.54999995,7434355
2026-06-30,592688105,US5926881054,592688105,"Mettler-Toledo International, Inc.",355539975.56999999,278307
2026-06-30,594918104,US5949181045,594918104,Microsoft Corp.,38115446952.120003,102180706
2026-06-30,595017104,US5950171042,595017104,"Microchip Technology, Inc.",678901920,7444100
2026-06-30,595112103,US5951121038,595112103,"Micron Technology, Inc.",17907142555.240002,15513556
2026-06-30,59522J103,US59522J1034,59522J103,"Mid-America Apartment Communities, Inc.",222495876.13999999,1601381
2026-06-30,60770K107,US60770K1079,60770K107,"Moderna, Inc.",340149225.79000002,4857193
2026-06-30,60871R209,US60871R2094,60871R209,Molson Coors Beverage Co.,85963486.799999997,2206455
2026-06-30,609207105,US6092071058,609207105,"Mondelez International, Inc.",1021271509.92,17656838
2026-06-30,609839105,US6098391054,609839105,"Monolithic Power Systems, Inc.",935014480.39999998,676390
2026-06-30,61174X109,US61174X1090,61174X109,Monster Beverage Corp.,943953188.39999998,9820570
2026-06-30,615369105,US6153691059,615369105,Moody's Corp.,935817416.03999996,2066187
2026-06-30,617446448,US6174464486,617446448,Morgan Stanley,3446924108.1599998,16489304
2026-06-30,61945C103,US61945C1036,61945C103,Mosaic Co. (The),92923341.549999997,4385245
2026-06-30,620076307,US6200763075,620076307,"Motorola Solutions, Inc.",947973346.62,2282678
2026-06-30,629377508,US6293775085,629377508,"NRG Energy, Inc.",423963103.83999997,2902664
2026-06-30,62944T105,US62944T1051,62944T105,"NVR, Inc.",256878806.80000001,37702
2026-06-30,631103108,US6311031081,631103108,"Nasdaq, Inc.",484425749.5,6145975
2026-06-30,64110D104,US64110D1046,64110D104,"NetApp, Inc.",420132852.88,2714738
2026-06-30,64110L106,US64110L1061,64110L106,"Netflix, Inc.",4135592815.1999998,57921468
2026-06-30,651639106,US6516391066,651639106,Newmont Corp.,1371594691.2,14685168
2026-06-30,65249B109,US65249B1098,65249B109,News Corp.,124624650.28,5019116
2026-06-30,65249B208,US65249B2088,65249B208,News Corp.,46502631.420000002,1657257
2026-06-30,65339F101,US65339F1012,65339F101,"NextEra Energy, Inc.",2517626979.3600001,28684368
2026-06-30,654106103,US6541061031,654106103,"NIKE, Inc.",677292118.95000005,16499199
2026-06-30,65473P105,US65473P1057,65473P105,"NiSource, Inc.",313604945.85000002,6595267
2026-06-30,655663102,US6556631025,655663102,Nordson Corp.,220410188.65000001,730585
2026-06-30,655844108,US6558441084,655844108,Norfolk Southern Corp.,972072718.52999997,3089967
2026-06-30,665859104,US6658591044,665859104,Northern Trust Corp.,442591077.12,2545968
2026-06-30,666807102,US6668071029,666807102,Northrop Grumman Corp.,935610109.64999998,1837015
2026-06-30,668771108,US6687711084,668771108,"Gen Digital, Inc.",189260398.97,7603873
2026-06-30,670346105,US6703461052,670346105,Nucor Corp.,697685744.25,3132147
2026-06-30,67066G104,US67066G1040,67066G104,NVIDIA Corp.,66662358368.209999,333161869
2026-06-30,67103H107,US67103H1077,67103H107,"O'Reilly Automotive, Inc.",1049793123.87,11399643
2026-06-30,674599105,US6745991058,674599105,Occidental Petroleum Corp.,485090640.77999997,9987454
2026-06-30,679580100,US6795801009,679580100,"Old Dominion Freight Line, Inc.",545156641.20000005,2516882
2026-06-30,681919106,US6819191064,681919106,"Omnicom Group, Inc.",285551864,3920800
2026-06-30,682189105,US6821891057,682189105,ON Semiconductor Corp.,509667219.88,5391022
2026-06-30,682680103,US6826801036,682680103,"ONEOK, Inc.",753423952.67999995,8666022
2026-06-30,68389X105,US68389X1054,68389X105,Oracle Corp.,3420553645.6500001,23340523
2026-06-30,68902V107,US68902V1070,68902V107,Otis Worldwide Corp.,377910886,5278085
2026-06-30,69331C108,US69331C1080,69331C108,PG&E Corp.,509515224.5,30292225
2026-06-30,693475105,US6934751057,693475105,"PNC Financial Services Group, Inc. (The)",1359898420.6600001,5523103
2026-06-30,693506107,US6935061076,693506107,"PPG Industries, Inc.",371953372.05000001,3066645
2026-06-30,69351T106,US69351T1060,69351T106,PPL Corp.,376164340,10348400
2026-06-30,69370C100,US69370C1009,69370C100,"PTC, Inc.",180484935.96000001,1588636
2026-06-30,693718108,US6937181088,693718108,"PACCAR, Inc.",869591202.48000002,7239354
2026-06-30,695156109,US6951561090,695156109,Packaging Corp. of America,290067775.19999999,1217340
2026-06-30,69608A108,US69608A1088,69608A108,"Palantir Technologies, Inc.",3684871329.0300002,31583709
2026-06-30,697435105,US6974351057,697435105,"Palo Alto Networks, Inc.",3804087648.5599999,11155028
2026-06-30,69932A204,US69932A2042,69932A204,Paramount Skydance Corp.,42450760.859999999,4305351
2026-06-30,701094104,US7010941042,701094104,Parker-Hannifin Corp.,1696028780.1600001,1733968
2026-06-30,704326107,US7043261079,704326107,"Paychex, Inc.",436092271.70999998,4434987
2026-06-30,70450Y103,US70450Y1038,70450Y103,"PayPal Holdings, Inc.",523945904.10000002,12133995
2026-06-30,713448108,US7134481081,713448108,"PepsiCo, Inc.",2545484119,18799735
2026-06-30,714046109,US7140461093,714046109,"Revvity, Inc.",170756285,1534750
2026-06-30,717081103,US7170811035,717081103,"Pfizer, Inc.",1887027971.9200001,78364949
2026-06-30,718172109,US7181721090,718172109,"Philip Morris International, Inc.",3878452784.1599998,21438576
2026-06-30,718546104,US7185461040,718546104,Phillips 66,932298240.29999995,5514926
2026-06-30,723484101,US7234841010,723484101,Pinnacle West Capital Corp.,178302339,1666377
2026-06-30,74144T108,US74144T1088,74144T108,"T. Rowe Price Group, Inc.",335148911.11000001,2947919
2026-06-30,74251V102,US74251V1026,74251V102,"Principal Financial Group, Inc.",291388619,2703550
2026-06-30,742718109,US7427181091,742718109,Procter & Gamble Co. (The),4697142858.7200003,32031798
2026-06-30,743315103,US7433151039,743315103,Progressive Corp. (The),1755943697.75,8038195
2026-06-30,74340W103,US74340W1036,74340W103,"Prologis, Inc.",1737362244.47,12824701
2026-06-30,744320102,US7443201022,744320102,"Prudential Financial, Inc.",515203962.93000001,4773501
2026-06-30,744573106,US7445731067,744573106,"Public Service Enterprise Group, Inc.",556354072.48000002,6855028
2026-06-30,74460D109,US74460D1090,74460D109,Public Storage,691828959.63999999,2173444
2026-06-30,745867101,US7458671010,745867101,"PulteGroup, Inc.",359568135.27999997,2620568
2026-06-30,74743L100,US74743L1008,74743L100,"Qnity Electronics, Inc.",470324961.12,2879952
2026-06-30,747525103,US7475251036,747525103,"QUALCOMM, Inc.",2679192413.4099998,14498579
2026-06-30,74762E102,US74762E1029,74762E102,"Quanta Services, Inc.",1486035832.96,2063824
2026-06-30,74834L100,US74834L1008,74834L100,"Quest Diagnostics, Inc.",321975152.55000001,1519109
2026-06-30,751212101,US7512121010,751212101,Ralph Lauren Corp.,213183231.25999999,531086
2026-06-30,754730109,US7547301090,754730109,"Raymond James Financial, Inc.",362750877.44,2386048
2026-06-30,75513E101,US75513E1010,75513E101,RTX Corp.,3514626822.8000002,18524360
2026-06-30,756109104,US7561091049,756109104,Realty Income Corp.,794743137.48000002,12826713
2026-06-30,758849103,US7588491032,758849103,Regency Centers Corp.,181346302.80000001,2274220
2026-06-30,75886F107,US75886F1075,75886F107,"Regeneron Pharmaceuticals, Inc.",856962822.53999996,1374351
2026-06-30,7591EP100,US7591EP1005,7591EP100,Regions Financial Corp.,354501733.60000002,11738468
2026-06-30,760759100,US7607591002,760759100,"Republic Services, Inc.",586074196.12,2750489
2026-06-30,761152107,US7611521078,761152107,"ResMed, Inc.",388760460.48000002,1994871
2026-06-30,770700102,US7707001027,770700102,"Robinhood Markets, Inc.",1091363084.24,10883158
2026-06-30,773903109,US7739031091,773903109,"Rockwell Automation, Inc.",757986293.03999996,1531038
2026-06-30,775711104,US7757111049,775711104,"Rollins, Inc.",169191295.18000001,4053457
2026-06-30,776696106,US7766961061,776696106,"Roper Technologies, Inc.",469888692.38999999,1388601
2026-06-30,778296103,US7782961038,778296103,"Ross Stores, Inc.",943119832.04999995,4430913
2026-06-30,78409V104,US78409V1044,78409V104,"S&P Global, Inc.",1698394341.7,4170295
2026-06-30,78410G104,US78410G1040,78410G104,SBA Communications Corp.,257525371.08000001,1459398
2026-06-30,79466L302,US79466L3024,79466L302,"Salesforce, Inc.",1762935868.26,11253261
2026-06-30,80004C200,US80004C2008,80004C200,Sandisk Corp.,4631406111.6000004,2036920
2026-06-30,806407102,US8064071025,806407102,"Henry Schein, Inc.",111210387.84,1331542
2026-06-30,806857108,AN8068571086,806857108,SLB Ltd.,956065920.20000005,20564980
2026-06-30,808513105,US8085131055,808513105,Charles Schwab Corp. (The),2074849193.05,22486715
2026-06-30,816851109,US8168511090,816851109,Sempra,833626440.44000006,8991764
2026-06-30,81762P102,US81762P1021,81762P102,"ServiceNow, Inc.",1408322640.0799999,14185361
2026-06-30,824348106,US8243481061,824348106,Sherwin-Williams Co. (The),1086207366.4000001,3154645
2026-06-30,828806109,US8288061091,828806109,"Simon Property Group, Inc.",997466922.89999998,4459946
2026-06-30,83088M102,US83088M1027,83088M102,"Skyworks Solutions, Inc.",140739646.80000001,2075806
2026-06-30,831865209,US8318652091,831865209,A O Smith Corp.,96589239.040000007,1540007
2026-06-30,832696405,US8326964058,832696405,J M Smucker Co. (The),165036487.5,1466991
2026-06-30,833034101,US8330341012,833034101,"Snap-on, Inc.",286672174.39999998,712406
2026-06-30,83444M101,US83444M1018,83444M101,Solventum Corp.,156255983.94999999,2025353
2026-06-30,842587107,US8425871071,842587107,Southern Co. (The),1484083758.3699999,15506047
2026-06-30,844741108,US8447411088,844741108,Southwest Airlines Co.,345701956.25999999,6723103
2026-06-30,852234103,US8522341036,852234103,"Block, Inc.",559486312,7361662
2026-06-30,854502101,US8545021011,854502101,"Stanley Black & Decker, Inc.",201363433.96000001,2139433
2026-06-30,855244109,US8552441094,855244109,Starbucks Corp.,1601963345.1800001,15676322
2026-06-30,857477103,US8574771031,857477103,State Street Corp.,645699084.79999995,3807188
2026-06-30,858119100,US8581191009,858119100,"Steel Dynamics, Inc.",427930738.62,1864947
2026-06-30,863667101,US8636671013,863667101,Stryker Corp.,1494845837.3599999,4747954
2026-06-30,86800U302,US86800U3023,86800U302,"Super Micro Computer, Inc.",227043090.05000001,7740985
2026-06-30,871607107,US8716071076,871607107,"Synopsys, Inc.",1175186135.3099999,2634533
2026-06-30,87165B103,US87165B1035,87165B103,Synchrony Financial,351922972.05000001,4627521
2026-06-30,871829107,US8718291078,871829107,Sysco Corp.,549758231.82000005,6577629
2026-06-30,872540109,US8725401090,872540109,"TJX Cos., Inc. (The)",2304487710,15211140
2026-06-30,87256C101,US87256C1018,87256C101,"TKO Group Holdings, Inc.",174484435.94999999,866745
2026-06-30,872590104,US8725901040,872590104,"T-Mobile US, Inc.",1073532550.53,6400361
2026-06-30,874054109,US8740541094,874054109,"Take-Two Interactive Software, Inc.",598471368.46000004,2394077
2026-06-30,876030107,US8760301072,876030107,"Tapestry, Inc.",406732199.89999998,2778605
2026-06-30,87612E106,US87612E1064,87612E106,Target Corp.,816473933.96000004,6251236
2026-06-30,87612G101,US87612G1013,87612G101,Targa Resources Corp.,791767009.67999995,2952812
2026-06-30,879360105,US8793601050,879360105,"Teledyne Technologies, Inc.",425058718.5,637365
2026-06-30,880770102,US8807701029,880770102,"Teradyne, Inc.",1041851220.48,2153297
2026-06-30,88160R101,US88160R1014,88160R101,"Tesla, Inc.",16287661815.6,38724826
2026-06-30,882508104,US8825081040,882508104,"Texas Instruments, Inc.",3731425361.4699998,12518621
2026-06-30,88262P102,US88262P1021,88262P102,Texas Pacific Land Corp.,348969321.95999998,797389
2026-06-30,883203101,US8832031012,883203101,"Textron, Inc.",219399722.27000001,2391799
2026-06-30,88339J105,US88339J1051,88339J105,"Trade Desk, Inc. (The)",106188504.64,5873258
2026-06-30,883556102,US8835561023,883556102,"Thermo Fisher Scientific, Inc.",2562829486.8000002,5111755
2026-06-30,88579Y101,US88579Y1010,88579Y101,3M Co.,1161558531,7174100
2026-06-30,892356106,US8923561067,892356106,Tractor Supply Co.,228040514.28999999,7214189
2026-06-30,893641100,US8936411003,893641100,"TransDigm Group, Inc.",1025726745.6799999,770042
2026-06-30,89417E109,US89417E1091,89417E109,"Travelers Cos., Inc. (The)",965776623.84000003,2925532
2026-06-30,896239100,US8962391004,896239100,"Trimble, Inc.",164144496,3207200
2026-06-30,89832Q109,US89832Q1094,89832Q109,Truist Financial Corp.,853776599.32000005,17137226
2026-06-30,902252105,US9022521051,902252105,"Tyler Technologies, Inc.",169824210.5,580675
2026-06-30,902494103,US9024941034,902494103,"Tyson Foods, Inc.",222168414.75,3880671
2026-06-30,902653104,US9026531049,902653104,"UDR, Inc.",162365298.63999999,4067267
2026-06-30,902973304,US9029733048,902973304,US Bancorp,1289660679.2,21351998
2026-06-30,90353T100,US90353T1007,90353T100,"Uber Technologies, Inc.",2020482453.4400001,28000034
2026-06-30,90384S303,US90384S3031,90384S303,"Ulta Beauty, Inc.",270026529.89999998,598755
2026-06-30,907818108,US9078181081,907818108,Union Pacific Corp.,2221308944,8166577
2026-06-30,910047109,US9100471096,910047109,"United Airlines Holdings, Inc.",607265656.83000004,4465517
2026-06-30,911312106,US9113121068,911312106,"United Parcel Service, Inc.",1103974582.5,10269531
2026-06-30,911363109,US9113631090,911363109,"United Rentals, Inc.",975617678.63999999,861176
2026-06-30,91324P102,US91324P1021,91324P102,"UnitedHealth Group, Inc.",5192045388.0699997,12491989
2026-06-30,913903100,US9139031002,913903100,"Universal Health Services, Inc.",108993933.31999999,733028
2026-06-30,91913Y100,US91913Y1001,91913Y100,Valero Energy Corp.,1063884378,4084950
2026-06-30,922475108,US9224751084,922475108,"Veeva Systems, Inc.",366458335.41000003,2064903
2026-06-30,92276F100,US92276F1003,92276F100,"Ventas, Inc.",593891824.79999995,6687971
2026-06-30,92338C103,US92338C1036,92338C103,Veralto Corp.,299615844.24000001,3378618
2026-06-30,92343E102,US92343E1029,92343E102,"VeriSign, Inc.",283530257.27999997,1127088
2026-06-30,92343V104,US92343V1044,92343V104,"Verizon Communications, Inc.",2431841975.9400001,57436041
2026-06-30,92345Y106,US92345Y1064,92345Y106,"Verisk Analytics, Inc.",323520061.67000002,1802039
2026-06-30,92532F100,US92532F1003,92532F100,"Vertex Pharmaceuticals, Inc.",1734482807.46,3491802
2026-06-30,92537N108,US92537N1081,92537N108,Vertiv Holdings Co.,1768916336.52,5283186
2026-06-30,92556V106,US92556V1061,92556V106,"Viatris, Inc.",254380497.24000001,16018923
2026-06-30,925652109,US9256521090,925652109,"VICI Properties, Inc.",399102042.60000002,15032092
2026-06-30,92826C839,US92826C8394,92826C839,"Visa, Inc.",7832818121.2600002,22830214
2026-06-30,92840M102,US92840M1027,92840M102,Vistra Corp.,691540346.64999998,4359455
2026-06-30,929160109,US9291601097,929160109,Vulcan Materials Co.,526374247.58999997,1784259
2026-06-30,92939U106,US92939U1060,92939U106,"WEC Energy Group, Inc.",523132285.70999998,4480023
2026-06-30,929740108,US9297401088,929740108,Westinghouse Air Brake Technologies Corp.,629370685.60000002,2334461
2026-06-30,931142103,US9311421039,931142103,"Walmart, Inc.",6829984150.3599997,60303586
2026-06-30,934423104,US9344231041,934423104,"Warner Bros Discovery, Inc.",908885148.55999994,34091716
2026-06-30,94106L109,US94106L1098,94106L109,"Waste Management, Inc.",1132729874.0799999,5082241
2026-06-30,941848103,US9418481035,941848103,Waters Corp.,506485519.36000001,1350484
2026-06-30,949746101,US9497461015,949746101,Wells Fargo & Co.,3478664357.4400001,42094196
2026-06-30,95040Q104,US95040Q1040,95040Q104,"Welltower, Inc.",2203798579.5900002,9709647
2026-06-30,955306105,US9553061055,955306105,"West Pharmaceutical Services, Inc.",348839941,971699
2026-06-30,958102105,US9581021055,958102105,Western Digital Corp.,3028008007.6799998,4740744
2026-06-30,962166104,US9621661043,962166104,Weyerhaeuser Co.,237437542.44,9918026
2026-06-30,969457100,US9694571004,969457100,"Williams Cos., Inc. (The)",1250613716.9400001,16822891
2026-06-30,969904101,US9699041011,969904101,"Williams-Sonoma, Inc.",377390298.60000002,1619006
2026-06-30,98138H101,US98138H1014,98138H101,"Workday, Inc.",342969056.33999997,2801577
2026-06-30,983134107,US9831341071,983134107,Wynn Resorts Ltd.,112034384.06999999,1153923
2026-06-30,98389B100,US98389B1008,98389B100,"Xcel Energy, Inc.",689553525.10000002,8587217
2026-06-30,98419M100,US98419M1009,98419M100,"Xylem, Inc.",386467262.88,3269328
2026-06-30,988498101,US9884981013,988498101,"Yum! Brands, Inc.",606025743.08000004,3790978
2026-06-30,989207105,US9892071054,989207105,Zebra Technologies Corp.,172599837.5,655625
2026-06-30,98956P102,US98956P1021,98956P102,"Zimmer Biomet Holdings, Inc.",229044855.52000001,2660528
2026-06-30,98978V103,US98978V1035,98978V103,"Zoetis, Inc.",414419709.98000002,5767043
2026-06-30,,BMG0450A1053,BMG0450A1053,Arch Capital Group Ltd.,464549251.42000002,4786207
2026-06-30,,BMG2004J1036,BMG2004J1036,Carnival Corp. Ltd.,505569920.24000001,17695832
2026-06-30,,BMG3223R1088,BMG3223R1088,Everest Group Ltd.,194448505.28999999,544323
2026-06-30,,BMG491BT1088,BMG491BT1088,Invesco Ltd.,160929703.47999999,6098132
2026-06-30,,BMG667211046,BMG667211046,Norwegian Cruise Line Holdings Ltd.,132579750.64,6280424
2026-06-30,,CH0044328745,CH0044328745,Chubb Ltd.,1690794472.5,4962125
2026-06-30,,CH0114405324,CH0114405324,Garmin Ltd.,536009010,2256500
2026-06-30,,CH1300646267,CH1300646267,Bunge Global SA,199363421.78999999,1867923
2026-06-30,,IE0001827041,IE0001827041,CRH plc,983412818,9190774
2026-06-30,,IE00028FXN24,IE00028FXN24,Smurfit Westrock plc,333503513.27999997,7209328
2026-06-30,,IE000IVNQZ81,IE000IVNQZ81,TE Connectivity plc,809578462.87,4015567
2026-06-30,,IE000S9YS762,IE000S9YS762,Linde plc,3300496801.5599999,6360074
2026-06-30,,IE00B4BNMY34,IE00B4BNMY34,Accenture plc,1050910483.92,8445118
2026-06-30,,IE00B8KQN827,IE00B8KQN827,Eaton Corp. plc,2276157478.5599999,5341588
2026-06-30,,IE00BDB6Q211,IE00BDB6Q211,Willis Towers Watson plc,339597518.25999999,1299298
2026-06-30,,IE00BFRT3W74,IE00BFRT3W74,Allegion plc,166079270.06999999,1182143
2026-06-30,,IE00BFY8C754,IE00BFY8C754,STERIS plc,284068195.07999998,1349044
2026-06-30,,IE00BK9ZQ967,IE00BK9ZQ967,Trane Technologies plc,1493139661.3199999,3040027
2026-06-30,,IE00BKVD2N49,IE00BKVD2N49,Seagate Technology Holdings plc,2975957710,3083894
2026-06-30,,IE00BLP1HW54,IE00BLP1HW54,Aon plc,974381831.32000005,2937628
2026-06-30,,IE00BLS09M33,IE00BLS09M33,Pentair plc,170417403.13999999,2223029
2026-06-30,,IE00BTN1Y115,IE00BTN1Y115,Medtronic plc,1381533038.24,17659888
2026-06-30,,IE00BY7QL619,IE00BY7QL619,Johnson Controls International plc,1226276099.0799999,8392828
2026-06-30,,JE00BTDN8H13,JE00BTDN8H13,Aptiv plc,178671410.28,2910906
2026-06-30,,JE00BV7DQ550,JE00BV7DQ550,Amcor plc,275708644.35000002,6360061
2026-06-30,,LR0008862868,LR0008862868,Royal Caribbean Cruises Ltd.,1089413359.47,3430899
2026-06-30,,NL0009434992,NL0009434992,LyondellBasell Industries NV,187242511.94999999,3556363
2026-06-30,,NL0009538784,NL0009538784,NXP Semiconductors NV,976059906.55999994,3473152
2026-06-30,,SG9999000020,SG9999000020,Flex Ltd.,819726721.91999996,5057856
